group,variant,method,family,scene,seed,state,reused,test_frames,PSNR,SSIM,LPIPS,training_seconds,training_gpu_mode,metrics_file,output
structure_ablation,no_transfer,LiSA-staged,Synthetic_GS3,Drums,0,completed,False,400,30.326613550186156,0.9759476490318775,0.030797600406222047,1394.21231,dedicated,/workspace/ubuntu2004_cuda12_1/projects/3dgs_relighting/PORT-GS/runs/lisa_supplementary_experiments/structure_ablation/no_transfer/Synthetic_GS3/Drums/appearance/test/metrics.json,/workspace/ubuntu2004_cuda12_1/projects/3dgs_relighting/PORT-GS/runs/lisa_supplementary_experiments/structure_ablation/no_transfer/Synthetic_GS3/Drums/appearance
structure_ablation,no_transfer,LiSA-staged,Synthetic_GS3,AnisoMetal,0,completed,False,400,25.683219366073608,0.94097177952528,0.05827573584392667,1410.831244,dedicated,/workspace/ubuntu2004_cuda12_1/projects/3dgs_relighting/PORT-GS/runs/lisa_supplementary_experiments/structure_ablation/no_transfer/Synthetic_GS3/AnisoMetal/appearance/test/metrics.json,/workspace/ubuntu2004_cuda12_1/projects/3dgs_relighting/PORT-GS/runs/lisa_supplementary_experiments/structure_ablation/no_transfer/Synthetic_GS3/AnisoMetal/appearance
structure_ablation,no_transfer,LiSA-staged,Synthetic_GS3,Translucent,0,completed,False,400,32.12999747276306,0.9736951300501824,0.0409202016890049,1300.87178,dedicated,/workspace/ubuntu2004_cuda12_1/projects/3dgs_relighting/PORT-GS/runs/lisa_supplementary_experiments/structure_ablation/no_transfer/Synthetic_GS3/Translucent/appearance/test/metrics.json,/workspace/ubuntu2004_cuda12_1/projects/3dgs_relighting/PORT-GS/runs/lisa_supplementary_experiments/structure_ablation/no_transfer/Synthetic_GS3/Translucent/appearance
structure_ablation,no_transfer,LiSA-staged,Real_NRHints,FurScene,0,completed,False,85,24.419719875560087,0.8613962804569918,0.121092927543556,1141.110708,dedicated,/workspace/ubuntu2004_cuda12_1/projects/3dgs_relighting/PORT-GS/runs/lisa_supplementary_experiments/structure_ablation/no_transfer/Real_NRHints/FurScene/appearance/test/metrics.json,/workspace/ubuntu2004_cuda12_1/projects/3dgs_relighting/PORT-GS/runs/lisa_supplementary_experiments/structure_ablation/no_transfer/Real_NRHints/FurScene/appearance
structure_ablation,no_transfer,LiSA-staged,Synthetic_SSS-GS,soap_small,0,completed,False,500,37.64437585067749,0.9856330976486206,0.02538177657406777,984.723585,dedicated,/workspace/ubuntu2004_cuda12_1/projects/3dgs_relighting/PORT-GS/runs/lisa_supplementary_experiments/structure_ablation/no_transfer/Synthetic_SSS-GS/soap_small/appearance/test/metrics.json,/workspace/ubuntu2004_cuda12_1/projects/3dgs_relighting/PORT-GS/runs/lisa_supplementary_experiments/structure_ablation/no_transfer/Synthetic_SSS-GS/soap_small/appearance
structure_ablation,single_scale,LiSA-staged,Synthetic_GS3,Drums,0,completed,False,400,30.41952386379242,0.9762432812154294,0.030414259592071176,1239.655393,dedicated,/workspace/ubuntu2004_cuda12_1/projects/3dgs_relighting/PORT-GS/runs/lisa_supplementary_experiments/structure_ablation/single_scale/Synthetic_GS3/Drums/appearance/test/metrics.json,/workspace/ubuntu2004_cuda12_1/projects/3dgs_relighting/PORT-GS/runs/lisa_supplementary_experiments/structure_ablation/single_scale/Synthetic_GS3/Drums/appearance
structure_ablation,single_scale,LiSA-staged,Synthetic_GS3,AnisoMetal,0,completed,False,400,27.052246837615968,0.9552106647193432,0.04146687721833587,1343.264044,dedicated,/workspace/ubuntu2004_cuda12_1/projects/3dgs_relighting/PORT-GS/runs/lisa_supplementary_experiments/structure_ablation/single_scale/Synthetic_GS3/AnisoMetal/appearance/test/metrics.json,/workspace/ubuntu2004_cuda12_1/projects/3dgs_relighting/PORT-GS/runs/lisa_supplementary_experiments/structure_ablation/single_scale/Synthetic_GS3/AnisoMetal/appearance
structure_ablation,single_scale,LiSA-staged,Synthetic_GS3,Translucent,0,completed,False,400,33.43120683670044,0.9773075838387012,0.035270928447134794,1156.49219,dedicated,/workspace/ubuntu2004_cuda12_1/projects/3dgs_relighting/PORT-GS/runs/lisa_supplementary_experiments/structure_ablation/single_scale/Synthetic_GS3/Translucent/appearance/test/metrics.json,/workspace/ubuntu2004_cuda12_1/projects/3dgs_relighting/PORT-GS/runs/lisa_supplementary_experiments/structure_ablation/single_scale/Synthetic_GS3/Translucent/appearance
structure_ablation,single_scale,LiSA-staged,Real_NRHints,FurScene,0,completed,False,85,24.43838987911449,0.8628749398624196,0.12031116161276312,1000.3414359999999,dedicated,/workspace/ubuntu2004_cuda12_1/projects/3dgs_relighting/PORT-GS/runs/lisa_supplementary_experiments/structure_ablation/single_scale/Real_NRHints/FurScene/appearance/test/metrics.json,/workspace/ubuntu2004_cuda12_1/projects/3dgs_relighting/PORT-GS/runs/lisa_supplementary_experiments/structure_ablation/single_scale/Real_NRHints/FurScene/appearance
structure_ablation,single_scale,LiSA-staged,Synthetic_SSS-GS,soap_small,0,completed,False,500,40.11461022567749,0.9899005291461944,0.016997144791297613,865.79296,dedicated,/workspace/ubuntu2004_cuda12_1/projects/3dgs_relighting/PORT-GS/runs/lisa_supplementary_experiments/structure_ablation/single_scale/Synthetic_SSS-GS/soap_small/appearance/test/metrics.json,/workspace/ubuntu2004_cuda12_1/projects/3dgs_relighting/PORT-GS/runs/lisa_supplementary_experiments/structure_ablation/single_scale/Synthetic_SSS-GS/soap_small/appearance
structure_ablation,moment_visibility,LiSA-staged,Synthetic_GS3,Drums,0,completed,False,400,30.28063820838928,0.9752756620943547,0.03058305493555963,1513.312292,dedicated,/workspace/ubuntu2004_cuda12_1/projects/3dgs_relighting/PORT-GS/runs/lisa_supplementary_experiments/structure_ablation/moment_visibility/Synthetic_GS3/Drums/appearance/test/metrics.json,/workspace/ubuntu2004_cuda12_1/projects/3dgs_relighting/PORT-GS/runs/lisa_supplementary_experiments/structure_ablation/moment_visibility/Synthetic_GS3/Drums/appearance
structure_ablation,moment_visibility,LiSA-staged,Synthetic_GS3,AnisoMetal,0,completed,False,400,26.885267610549928,0.9535198095440864,0.04307120520621538,1615.974354,dedicated,/workspace/ubuntu2004_cuda12_1/projects/3dgs_relighting/PORT-GS/runs/lisa_supplementary_experiments/structure_ablation/moment_visibility/Synthetic_GS3/AnisoMetal/appearance/test/metrics.json,/workspace/ubuntu2004_cuda12_1/projects/3dgs_relighting/PORT-GS/runs/lisa_supplementary_experiments/structure_ablation/moment_visibility/Synthetic_GS3/AnisoMetal/appearance
structure_ablation,moment_visibility,LiSA-staged,Synthetic_GS3,Translucent,0,completed,False,400,34.21608553409576,0.9786047936975956,0.03289841308956966,1404.750492,dedicated,/workspace/ubuntu2004_cuda12_1/projects/3dgs_relighting/PORT-GS/runs/lisa_supplementary_experiments/structure_ablation/moment_visibility/Synthetic_GS3/Translucent/appearance/test/metrics.json,/workspace/ubuntu2004_cuda12_1/projects/3dgs_relighting/PORT-GS/runs/lisa_supplementary_experiments/structure_ablation/moment_visibility/Synthetic_GS3/Translucent/appearance
structure_ablation,moment_visibility,LiSA-staged,Real_NRHints,FurScene,0,completed,False,85,24.39859042448156,0.8627689768286312,0.12206735540838802,1159.493487,dedicated,/workspace/ubuntu2004_cuda12_1/projects/3dgs_relighting/PORT-GS/runs/lisa_supplementary_experiments/structure_ablation/moment_visibility/Real_NRHints/FurScene/appearance/test/metrics.json,/workspace/ubuntu2004_cuda12_1/projects/3dgs_relighting/PORT-GS/runs/lisa_supplementary_experiments/structure_ablation/moment_visibility/Real_NRHints/FurScene/appearance
structure_ablation,moment_visibility,LiSA-staged,Synthetic_SSS-GS,soap_small,0,completed,False,500,40.66561085891723,0.9914830672740936,0.012177201885730028,993.4151079999999,dedicated,/workspace/ubuntu2004_cuda12_1/projects/3dgs_relighting/PORT-GS/runs/lisa_supplementary_experiments/structure_ablation/moment_visibility/Synthetic_SSS-GS/soap_small/appearance/test/metrics.json,/workspace/ubuntu2004_cuda12_1/projects/3dgs_relighting/PORT-GS/runs/lisa_supplementary_experiments/structure_ablation/moment_visibility/Synthetic_SSS-GS/soap_small/appearance
structure_ablation,local_residual,LiSA-staged,Synthetic_GS3,Drums,0,completed,False,400,30.562707901000977,0.976869984716177,0.029911448918282985,1510.4455389999998,dedicated,/workspace/ubuntu2004_cuda12_1/projects/3dgs_relighting/PORT-GS/runs/lisa_supplementary_experiments/structure_ablation/local_residual/Synthetic_GS3/Drums/appearance/test/metrics.json,/workspace/ubuntu2004_cuda12_1/projects/3dgs_relighting/PORT-GS/runs/lisa_supplementary_experiments/structure_ablation/local_residual/Synthetic_GS3/Drums/appearance
structure_ablation,local_residual,LiSA-staged,Synthetic_GS3,AnisoMetal,0,completed,False,400,27.402796354293823,0.9581562241911888,0.03998324886895716,1600.0012239999999,dedicated,/workspace/ubuntu2004_cuda12_1/projects/3dgs_relighting/PORT-GS/runs/lisa_supplementary_experiments/structure_ablation/local_residual/Synthetic_GS3/AnisoMetal/appearance/test/metrics.json,/workspace/ubuntu2004_cuda12_1/projects/3dgs_relighting/PORT-GS/runs/lisa_supplementary_experiments/structure_ablation/local_residual/Synthetic_GS3/AnisoMetal/appearance
structure_ablation,local_residual,LiSA-staged,Synthetic_GS3,Translucent,0,completed,False,400,34.03210502624512,0.9801273447275162,0.03145122373942286,1419.22247,dedicated,/workspace/ubuntu2004_cuda12_1/projects/3dgs_relighting/PORT-GS/runs/lisa_supplementary_experiments/structure_ablation/local_residual/Synthetic_GS3/Translucent/appearance/test/metrics.json,/workspace/ubuntu2004_cuda12_1/projects/3dgs_relighting/PORT-GS/runs/lisa_supplementary_experiments/structure_ablation/local_residual/Synthetic_GS3/Translucent/appearance
structure_ablation,local_residual,LiSA-staged,Real_NRHints,FurScene,0,completed,False,85,24.447109514124254,0.863970539149116,0.11946897953748703,1189.1524880000002,dedicated,/workspace/ubuntu2004_cuda12_1/projects/3dgs_relighting/PORT-GS/runs/lisa_supplementary_experiments/structure_ablation/local_residual/Real_NRHints/FurScene/appearance/test/metrics.json,/workspace/ubuntu2004_cuda12_1/projects/3dgs_relighting/PORT-GS/runs/lisa_supplementary_experiments/structure_ablation/local_residual/Real_NRHints/FurScene/appearance
structure_ablation,local_residual,LiSA-staged,Synthetic_SSS-GS,soap_small,0,completed,False,500,41.1177525062561,0.9916953296661377,0.011664351892191917,996.138329,dedicated,/workspace/ubuntu2004_cuda12_1/projects/3dgs_relighting/PORT-GS/runs/lisa_supplementary_experiments/structure_ablation/local_residual/Synthetic_SSS-GS/soap_small/appearance/test/metrics.json,/workspace/ubuntu2004_cuda12_1/projects/3dgs_relighting/PORT-GS/runs/lisa_supplementary_experiments/structure_ablation/local_residual/Synthetic_SSS-GS/soap_small/appearance
repeatability,full,LiSA-staged,Synthetic_GS3,Drums,1,completed,False,400,30.49953211784363,0.976367864459753,0.030378098213113845,1544.68086,dedicated,/workspace/ubuntu2004_cuda12_1/projects/3dgs_relighting/PORT-GS/runs/lisa_supplementary_experiments/repeatability/full_seed1/Synthetic_GS3/Drums/appearance/test/metrics.json,/workspace/ubuntu2004_cuda12_1/projects/3dgs_relighting/PORT-GS/runs/lisa_supplementary_experiments/repeatability/full_seed1/Synthetic_GS3/Drums/appearance
repeatability,full,LiSA-staged,Synthetic_GS3,AnisoMetal,1,completed,False,400,26.387596354484558,0.9529300379753113,0.04237322108820081,1652.3756329999999,dedicated,/workspace/ubuntu2004_cuda12_1/projects/3dgs_relighting/PORT-GS/runs/lisa_supplementary_experiments/repeatability/full_seed1/Synthetic_GS3/AnisoMetal/appearance/test/metrics.json,/workspace/ubuntu2004_cuda12_1/projects/3dgs_relighting/PORT-GS/runs/lisa_supplementary_experiments/repeatability/full_seed1/Synthetic_GS3/AnisoMetal/appearance
repeatability,full,LiSA-staged,Synthetic_GS3,Translucent,1,completed,False,400,34.82098789215088,0.9805454991757869,0.03137710222275927,1449.038247,dedicated,/workspace/ubuntu2004_cuda12_1/projects/3dgs_relighting/PORT-GS/runs/lisa_supplementary_experiments/repeatability/full_seed1/Synthetic_GS3/Translucent/appearance/test/metrics.json,/workspace/ubuntu2004_cuda12_1/projects/3dgs_relighting/PORT-GS/runs/lisa_supplementary_experiments/repeatability/full_seed1/Synthetic_GS3/Translucent/appearance
repeatability,full,LiSA-staged,Real_NRHints,FurScene,1,completed,False,85,24.477750576243682,0.8627771566895878,0.11948846227982465,1192.590893,dedicated,/workspace/ubuntu2004_cuda12_1/projects/3dgs_relighting/PORT-GS/runs/lisa_supplementary_experiments/repeatability/full_seed1/Real_NRHints/FurScene/appearance/test/metrics.json,/workspace/ubuntu2004_cuda12_1/projects/3dgs_relighting/PORT-GS/runs/lisa_supplementary_experiments/repeatability/full_seed1/Real_NRHints/FurScene/appearance
repeatability,full,LiSA-staged,Synthetic_SSS-GS,soap_small,1,completed,False,500,40.80979262924194,0.9917312016487122,0.012077057124581188,1002.7721839999999,dedicated,/workspace/ubuntu2004_cuda12_1/projects/3dgs_relighting/PORT-GS/runs/lisa_supplementary_experiments/repeatability/full_seed1/Synthetic_SSS-GS/soap_small/appearance/test/metrics.json,/workspace/ubuntu2004_cuda12_1/projects/3dgs_relighting/PORT-GS/runs/lisa_supplementary_experiments/repeatability/full_seed1/Synthetic_SSS-GS/soap_small/appearance
repeatability,full,LiSA-staged,Synthetic_GS3,Drums,2,completed,False,400,30.508784556388854,0.9765197199583053,0.03022056931629777,1561.603515,dedicated,/workspace/ubuntu2004_cuda12_1/projects/3dgs_relighting/PORT-GS/runs/lisa_supplementary_experiments/repeatability/full_seed2/Synthetic_GS3/Drums/appearance/test/metrics.json,/workspace/ubuntu2004_cuda12_1/projects/3dgs_relighting/PORT-GS/runs/lisa_supplementary_experiments/repeatability/full_seed2/Synthetic_GS3/Drums/appearance
repeatability,full,LiSA-staged,Synthetic_GS3,AnisoMetal,2,completed,False,400,27.856257014274597,0.9589987654983997,0.03949578340165317,1656.622523,dedicated,/workspace/ubuntu2004_cuda12_1/projects/3dgs_relighting/PORT-GS/runs/lisa_supplementary_experiments/repeatability/full_seed2/Synthetic_GS3/AnisoMetal/appearance/test/metrics.json,/workspace/ubuntu2004_cuda12_1/projects/3dgs_relighting/PORT-GS/runs/lisa_supplementary_experiments/repeatability/full_seed2/Synthetic_GS3/AnisoMetal/appearance
repeatability,full,LiSA-staged,Synthetic_GS3,Translucent,2,completed,False,400,34.30116089820862,0.9804133251309395,0.031781369254458694,1463.586677,dedicated,/workspace/ubuntu2004_cuda12_1/projects/3dgs_relighting/PORT-GS/runs/lisa_supplementary_experiments/repeatability/full_seed2/Synthetic_GS3/Translucent/appearance/test/metrics.json,/workspace/ubuntu2004_cuda12_1/projects/3dgs_relighting/PORT-GS/runs/lisa_supplementary_experiments/repeatability/full_seed2/Synthetic_GS3/Translucent/appearance
repeatability,full,LiSA-staged,Real_NRHints,FurScene,2,completed,False,85,24.447704629337085,0.8637321570340325,0.11921719996368184,1197.531484,dedicated,/workspace/ubuntu2004_cuda12_1/projects/3dgs_relighting/PORT-GS/runs/lisa_supplementary_experiments/repeatability/full_seed2/Real_NRHints/FurScene/appearance/test/metrics.json,/workspace/ubuntu2004_cuda12_1/projects/3dgs_relighting/PORT-GS/runs/lisa_supplementary_experiments/repeatability/full_seed2/Real_NRHints/FurScene/appearance
repeatability,full,LiSA-staged,Synthetic_SSS-GS,soap_small,2,completed,False,500,40.92478710365295,0.9918477475643158,0.011851557162124663,1005.894255,dedicated,/workspace/ubuntu2004_cuda12_1/projects/3dgs_relighting/PORT-GS/runs/lisa_supplementary_experiments/repeatability/full_seed2/Synthetic_SSS-GS/soap_small/appearance/test/metrics.json,/workspace/ubuntu2004_cuda12_1/projects/3dgs_relighting/PORT-GS/runs/lisa_supplementary_experiments/repeatability/full_seed2/Synthetic_SSS-GS/soap_small/appearance
repeatability,no_transfer,LiSA-staged,Synthetic_GS3,Drums,1,completed,False,400,30.403125472068787,0.976017481982708,0.0308469604421407,2571.715919,sharing_permitted,/workspace/ubuntu2004_cuda12_1/projects/3dgs_relighting/PORT-GS/runs/lisa_supplementary_experiments/repeatability/no_transfer_seed1/Synthetic_GS3/Drums/appearance/test/metrics.json,/workspace/ubuntu2004_cuda12_1/projects/3dgs_relighting/PORT-GS/runs/lisa_supplementary_experiments/repeatability/no_transfer_seed1/Synthetic_GS3/Drums/appearance
repeatability,no_transfer,LiSA-staged,Synthetic_GS3,AnisoMetal,1,completed,False,400,25.678767333030702,0.9415968184173107,0.057199352476745846,2547.015496,sharing_permitted,/workspace/ubuntu2004_cuda12_1/projects/3dgs_relighting/PORT-GS/runs/lisa_supplementary_experiments/repeatability/no_transfer_seed1/Synthetic_GS3/AnisoMetal/appearance/test/metrics.json,/workspace/ubuntu2004_cuda12_1/projects/3dgs_relighting/PORT-GS/runs/lisa_supplementary_experiments/repeatability/no_transfer_seed1/Synthetic_GS3/AnisoMetal/appearance
repeatability,no_transfer,LiSA-staged,Synthetic_GS3,Translucent,1,completed,False,400,32.57572083950043,0.9746071301400662,0.04027770870365202,1853.160569,sharing_permitted,/workspace/ubuntu2004_cuda12_1/projects/3dgs_relighting/PORT-GS/runs/lisa_supplementary_experiments/repeatability/no_transfer_seed1/Synthetic_GS3/Translucent/appearance/test/metrics.json,/workspace/ubuntu2004_cuda12_1/projects/3dgs_relighting/PORT-GS/runs/lisa_supplementary_experiments/repeatability/no_transfer_seed1/Synthetic_GS3/Translucent/appearance
repeatability,no_transfer,LiSA-staged,Real_NRHints,FurScene,1,completed,False,85,24.467673582189224,0.8622538089752197,0.12111737815772786,2055.052718,sharing_permitted,/workspace/ubuntu2004_cuda12_1/projects/3dgs_relighting/PORT-GS/runs/lisa_supplementary_experiments/repeatability/no_transfer_seed1/Real_NRHints/FurScene/appearance/test/metrics.json,/workspace/ubuntu2004_cuda12_1/projects/3dgs_relighting/PORT-GS/runs/lisa_supplementary_experiments/repeatability/no_transfer_seed1/Real_NRHints/FurScene/appearance
repeatability,no_transfer,LiSA-staged,Synthetic_SSS-GS,soap_small,1,completed,False,500,38.14299965286255,0.9860517342090607,0.02478752562776208,1560.306232,sharing_permitted,/workspace/ubuntu2004_cuda12_1/projects/3dgs_relighting/PORT-GS/runs/lisa_supplementary_experiments/repeatability/no_transfer_seed1/Synthetic_SSS-GS/soap_small/appearance/test/metrics.json,/workspace/ubuntu2004_cuda12_1/projects/3dgs_relighting/PORT-GS/runs/lisa_supplementary_experiments/repeatability/no_transfer_seed1/Synthetic_SSS-GS/soap_small/appearance
repeatability,no_transfer,LiSA-staged,Synthetic_GS3,Drums,2,completed,False,400,30.418226170539857,0.9757999674975872,0.031196386143565177,1784.3605360000001,sharing_permitted,/workspace/ubuntu2004_cuda12_1/projects/3dgs_relighting/PORT-GS/runs/lisa_supplementary_experiments/repeatability/no_transfer_seed2/Synthetic_GS3/Drums/appearance/test/metrics.json,/workspace/ubuntu2004_cuda12_1/projects/3dgs_relighting/PORT-GS/runs/lisa_supplementary_experiments/repeatability/no_transfer_seed2/Synthetic_GS3/Drums/appearance
repeatability,no_transfer,LiSA-staged,Synthetic_GS3,AnisoMetal,2,completed,False,400,25.763775987625124,0.9422428169846535,0.05722510889172554,2403.833426,sharing_permitted,/workspace/ubuntu2004_cuda12_1/projects/3dgs_relighting/PORT-GS/runs/lisa_supplementary_experiments/repeatability/no_transfer_seed2/Synthetic_GS3/AnisoMetal/appearance/test/metrics.json,/workspace/ubuntu2004_cuda12_1/projects/3dgs_relighting/PORT-GS/runs/lisa_supplementary_experiments/repeatability/no_transfer_seed2/Synthetic_GS3/AnisoMetal/appearance
repeatability,no_transfer,LiSA-staged,Synthetic_GS3,Translucent,2,completed,False,400,32.21033945083618,0.9741298040747642,0.040878063794225455,2371.5675420000002,sharing_permitted,/workspace/ubuntu2004_cuda12_1/projects/3dgs_relighting/PORT-GS/runs/lisa_supplementary_experiments/repeatability/no_transfer_seed2/Synthetic_GS3/Translucent/appearance/test/metrics.json,/workspace/ubuntu2004_cuda12_1/projects/3dgs_relighting/PORT-GS/runs/lisa_supplementary_experiments/repeatability/no_transfer_seed2/Synthetic_GS3/Translucent/appearance
repeatability,no_transfer,LiSA-staged,Real_NRHints,FurScene,2,completed,False,85,24.438506810805375,0.861567942535176,0.12138875293381074,1420.3579399999999,sharing_permitted,/workspace/ubuntu2004_cuda12_1/projects/3dgs_relighting/PORT-GS/runs/lisa_supplementary_experiments/repeatability/no_transfer_seed2/Real_NRHints/FurScene/appearance/test/metrics.json,/workspace/ubuntu2004_cuda12_1/projects/3dgs_relighting/PORT-GS/runs/lisa_supplementary_experiments/repeatability/no_transfer_seed2/Real_NRHints/FurScene/appearance
repeatability,no_transfer,LiSA-staged,Synthetic_SSS-GS,soap_small,2,completed,False,500,37.877991905212404,0.9853739495277405,0.026014475322328506,1263.2619960000002,sharing_permitted,/workspace/ubuntu2004_cuda12_1/projects/3dgs_relighting/PORT-GS/runs/lisa_supplementary_experiments/repeatability/no_transfer_seed2/Synthetic_SSS-GS/soap_small/appearance/test/metrics.json,/workspace/ubuntu2004_cuda12_1/projects/3dgs_relighting/PORT-GS/runs/lisa_supplementary_experiments/repeatability/no_transfer_seed2/Synthetic_SSS-GS/soap_small/appearance
refinement,gaussian_linear,LiSA-staged,Synthetic_GS3,Lego,0,completed,False,400,31.170515365600586,0.9558261904120445,0.05199233280494809,869.785705,sharing_permitted,/workspace/ubuntu2004_cuda12_1/projects/3dgs_relighting/PORT-GS/runs/lisa_supplementary_experiments/refinement/gaussian_linear/Synthetic_GS3/Lego/test/metrics.json,/workspace/ubuntu2004_cuda12_1/projects/3dgs_relighting/PORT-GS/runs/lisa_supplementary_experiments/refinement/gaussian_linear/Synthetic_GS3/Lego
refinement,gaussian_linear,LiSA-staged,Synthetic_GS3,Drums,0,completed,False,400,30.80430265426636,0.975709775686264,0.03234401792287826,882.601342,sharing_permitted,/workspace/ubuntu2004_cuda12_1/projects/3dgs_relighting/PORT-GS/runs/lisa_supplementary_experiments/refinement/gaussian_linear/Synthetic_GS3/Drums/test/metrics.json,/workspace/ubuntu2004_cuda12_1/projects/3dgs_relighting/PORT-GS/runs/lisa_supplementary_experiments/refinement/gaussian_linear/Synthetic_GS3/Drums
refinement,gaussian_linear,LiSA-staged,Synthetic_SSS-GS,soap_small,0,completed,False,500,40.15596989250183,0.9805816237926483,0.022225261311978103,350.155737,sharing_permitted,/workspace/ubuntu2004_cuda12_1/projects/3dgs_relighting/PORT-GS/runs/lisa_supplementary_experiments/refinement/gaussian_linear/Synthetic_SSS-GS/soap_small/test/metrics.json,/workspace/ubuntu2004_cuda12_1/projects/3dgs_relighting/PORT-GS/runs/lisa_supplementary_experiments/refinement/gaussian_linear/Synthetic_SSS-GS/soap_small
refinement,gaussian_observation,LiSA-staged,Synthetic_GS3,Lego,0,completed,False,400,31.093801941871643,0.9559243713319302,0.05214850231073797,612.807628,sharing_permitted,/workspace/ubuntu2004_cuda12_1/projects/3dgs_relighting/PORT-GS/runs/lisa_supplementary_experiments/refinement/gaussian_observation/Synthetic_GS3/Lego/test/metrics.json,/workspace/ubuntu2004_cuda12_1/projects/3dgs_relighting/PORT-GS/runs/lisa_supplementary_experiments/refinement/gaussian_observation/Synthetic_GS3/Lego
refinement,gaussian_observation,LiSA-staged,Synthetic_GS3,Drums,0,completed,False,400,30.869958152770995,0.9770234468579292,0.03143027572426945,590.862397,sharing_permitted,/workspace/ubuntu2004_cuda12_1/projects/3dgs_relighting/PORT-GS/runs/lisa_supplementary_experiments/refinement/gaussian_observation/Synthetic_GS3/Drums/test/metrics.json,/workspace/ubuntu2004_cuda12_1/projects/3dgs_relighting/PORT-GS/runs/lisa_supplementary_experiments/refinement/gaussian_observation/Synthetic_GS3/Drums
refinement,gaussian_observation,LiSA-staged,Synthetic_SSS-GS,soap_small,0,completed,False,500,40.76284640884399,0.9902215178012848,0.015711098851636053,389.819909,sharing_permitted,/workspace/ubuntu2004_cuda12_1/projects/3dgs_relighting/PORT-GS/runs/lisa_supplementary_experiments/refinement/gaussian_observation/Synthetic_SSS-GS/soap_small/test/metrics.json,/workspace/ubuntu2004_cuda12_1/projects/3dgs_relighting/PORT-GS/runs/lisa_supplementary_experiments/refinement/gaussian_observation/Synthetic_SSS-GS/soap_small
refinement,pixel_linear,LiSA-staged,Synthetic_GS3,Lego,0,completed,False,400,30.77588137149811,0.9573130138218403,0.04542797360569239,565.906497,sharing_permitted,/workspace/ubuntu2004_cuda12_1/projects/3dgs_relighting/PORT-GS/runs/lisa_supplementary_experiments/refinement/pixel_linear/Synthetic_GS3/Lego/test/metrics.json,/workspace/ubuntu2004_cuda12_1/projects/3dgs_relighting/PORT-GS/runs/lisa_supplementary_experiments/refinement/pixel_linear/Synthetic_GS3/Lego
refinement,pixel_linear,LiSA-staged,Synthetic_GS3,Drums,0,completed,False,400,30.37807994842529,0.9741053898632527,0.032665294408798215,567.877508,sharing_permitted,/workspace/ubuntu2004_cuda12_1/projects/3dgs_relighting/PORT-GS/runs/lisa_supplementary_experiments/refinement/pixel_linear/Synthetic_GS3/Drums/test/metrics.json,/workspace/ubuntu2004_cuda12_1/projects/3dgs_relighting/PORT-GS/runs/lisa_supplementary_experiments/refinement/pixel_linear/Synthetic_GS3/Drums
refinement,pixel_linear,LiSA-staged,Synthetic_SSS-GS,soap_small,0,completed,False,500,40.15144305992126,0.9863439888954163,0.018414492227137088,364.982284,sharing_permitted,/workspace/ubuntu2004_cuda12_1/projects/3dgs_relighting/PORT-GS/runs/lisa_supplementary_experiments/refinement/pixel_linear/Synthetic_SSS-GS/soap_small/test/metrics.json,/workspace/ubuntu2004_cuda12_1/projects/3dgs_relighting/PORT-GS/runs/lisa_supplementary_experiments/refinement/pixel_linear/Synthetic_SSS-GS/soap_small
training_efficiency,GS3,GS3,Synthetic_GS3,Drums,0,completed,False,400,31.541424374580384,0.9762279325723648,0.029252532059326767,4411.756162,dedicated,/workspace/ubuntu2004_cuda12_1/projects/3dgs_relighting/GS3/runs/lisa_supplementary_experiments/training_efficiency/Synthetic_GS3/Drums/test/metrics.json,/workspace/ubuntu2004_cuda12_1/projects/3dgs_relighting/GS3/runs/lisa_supplementary_experiments/training_efficiency/Synthetic_GS3/Drums
training_efficiency,GS3,GS3,Real_NRHints,FurScene,0,completed,False,85,26.39489054960363,0.8960781216621398,0.10184955851120107,3058.747588,dedicated,/workspace/ubuntu2004_cuda12_1/projects/3dgs_relighting/GS3/runs/lisa_supplementary_experiments/training_efficiency/Real_NRHints/FurScene/test/metrics.json,/workspace/ubuntu2004_cuda12_1/projects/3dgs_relighting/GS3/runs/lisa_supplementary_experiments/training_efficiency/Real_NRHints/FurScene
training_efficiency,GS3,GS3,Synthetic_SSS-GS,soap_small,0,completed,False,500,38.357591987609865,0.9840938645601273,0.027315472966991366,2364.94352,dedicated,/workspace/ubuntu2004_cuda12_1/projects/3dgs_relighting/GS3/runs/lisa_supplementary_experiments/training_efficiency/Synthetic_SSS-GS/soap_small/test/metrics.json,/workspace/ubuntu2004_cuda12_1/projects/3dgs_relighting/GS3/runs/lisa_supplementary_experiments/training_efficiency/Synthetic_SSS-GS/soap_small
training_efficiency,SSD-GS,SSD-GS,Synthetic_GS3,Drums,0,completed,False,400,31.98019950389862,0.9776867519319058,0.026384117547422647,8466.334197,dedicated,/workspace/ubuntu2004_cuda12_1/projects/3dgs_relighting/SSD-GS/runs/lisa_supplementary_experiments/training_efficiency/Synthetic_GS3/Drums/test/metrics.json,/workspace/ubuntu2004_cuda12_1/projects/3dgs_relighting/SSD-GS/runs/lisa_supplementary_experiments/training_efficiency/Synthetic_GS3/Drums
training_efficiency,SSD-GS,SSD-GS,Real_NRHints,FurScene,0,completed,False,85,25.133060320685892,0.877157534571255,0.11096083889989292,3670.050107,dedicated,/workspace/ubuntu2004_cuda12_1/projects/3dgs_relighting/SSD-GS/runs/lisa_supplementary_experiments/training_efficiency/Real_NRHints/FurScene/test/metrics.json,/workspace/ubuntu2004_cuda12_1/projects/3dgs_relighting/SSD-GS/runs/lisa_supplementary_experiments/training_efficiency/Real_NRHints/FurScene
training_efficiency,SSD-GS,SSD-GS,Synthetic_SSS-GS,soap_small,0,completed,False,500,38.32579085159302,0.9873537489175797,0.023094433065503836,1609.578157,dedicated,/workspace/ubuntu2004_cuda12_1/projects/3dgs_relighting/SSD-GS/runs/lisa_supplementary_experiments/training_efficiency/Synthetic_SSS-GS/soap_small/test/metrics.json,/workspace/ubuntu2004_cuda12_1/projects/3dgs_relighting/SSD-GS/runs/lisa_supplementary_experiments/training_efficiency/Synthetic_SSS-GS/soap_small
repeatability,local_residual,LiSA-staged,Synthetic_GS3,Drums,1,completed,False,400,30.56822555541992,0.976813187301159,0.03002941353712231,2726.903575,sharing_permitted,/workspace/ubuntu2004_cuda12_1/projects/3dgs_relighting/PORT-GS/runs/lisa_supplementary_experiments/repeatability/local_residual_seed1/Synthetic_GS3/Drums/appearance/test/metrics.json,/workspace/ubuntu2004_cuda12_1/projects/3dgs_relighting/PORT-GS/runs/lisa_supplementary_experiments/repeatability/local_residual_seed1/Synthetic_GS3/Drums/appearance
repeatability,local_residual,LiSA-staged,Synthetic_GS3,AnisoMetal,1,completed,False,400,27.285482234954834,0.9579756900668144,0.039600041434168815,1635.399475,sharing_permitted,/workspace/ubuntu2004_cuda12_1/projects/3dgs_relighting/PORT-GS/runs/lisa_supplementary_experiments/repeatability/local_residual_seed1/Synthetic_GS3/AnisoMetal/appearance/test/metrics.json,/workspace/ubuntu2004_cuda12_1/projects/3dgs_relighting/PORT-GS/runs/lisa_supplementary_experiments/repeatability/local_residual_seed1/Synthetic_GS3/AnisoMetal/appearance
repeatability,local_residual,LiSA-staged,Synthetic_GS3,Translucent,1,completed,False,400,34.35296311855316,0.9804677088558674,0.03161591042764485,2699.275985,sharing_permitted,/workspace/ubuntu2004_cuda12_1/projects/3dgs_relighting/PORT-GS/runs/lisa_supplementary_experiments/repeatability/local_residual_seed1/Synthetic_GS3/Translucent/appearance/test/metrics.json,/workspace/ubuntu2004_cuda12_1/projects/3dgs_relighting/PORT-GS/runs/lisa_supplementary_experiments/repeatability/local_residual_seed1/Synthetic_GS3/Translucent/appearance
repeatability,local_residual,LiSA-staged,Real_NRHints,FurScene,1,completed,False,85,24.43524134018842,0.8633845974417294,0.11924435452503317,1218.8233519999999,sharing_permitted,/workspace/ubuntu2004_cuda12_1/projects/3dgs_relighting/PORT-GS/runs/lisa_supplementary_experiments/repeatability/local_residual_seed1/Real_NRHints/FurScene/appearance/test/metrics.json,/workspace/ubuntu2004_cuda12_1/projects/3dgs_relighting/PORT-GS/runs/lisa_supplementary_experiments/repeatability/local_residual_seed1/Real_NRHints/FurScene/appearance
repeatability,local_residual,LiSA-staged,Synthetic_SSS-GS,soap_small,1,completed,False,500,41.0539592628479,0.9914777594804763,0.011988572119735181,1027.106046,sharing_permitted,/workspace/ubuntu2004_cuda12_1/projects/3dgs_relighting/PORT-GS/runs/lisa_supplementary_experiments/repeatability/local_residual_seed1/Synthetic_SSS-GS/soap_small/appearance/test/metrics.json,/workspace/ubuntu2004_cuda12_1/projects/3dgs_relighting/PORT-GS/runs/lisa_supplementary_experiments/repeatability/local_residual_seed1/Synthetic_SSS-GS/soap_small/appearance
repeatability,local_residual,LiSA-staged,Synthetic_GS3,Drums,2,completed,False,400,30.59598994731903,0.9767615070939064,0.03023981784004718,1540.1685029999999,sharing_permitted,/workspace/ubuntu2004_cuda12_1/projects/3dgs_relighting/PORT-GS/runs/lisa_supplementary_experiments/repeatability/local_residual_seed2/Synthetic_GS3/Drums/appearance/test/metrics.json,/workspace/ubuntu2004_cuda12_1/projects/3dgs_relighting/PORT-GS/runs/lisa_supplementary_experiments/repeatability/local_residual_seed2/Synthetic_GS3/Drums/appearance
repeatability,local_residual,LiSA-staged,Synthetic_GS3,AnisoMetal,2,completed,False,400,27.25501287460327,0.9575177785754204,0.03978800917044282,2045.607821,sharing_permitted,/workspace/ubuntu2004_cuda12_1/projects/3dgs_relighting/PORT-GS/runs/lisa_supplementary_experiments/repeatability/local_residual_seed2/Synthetic_GS3/AnisoMetal/appearance/test/metrics.json,/workspace/ubuntu2004_cuda12_1/projects/3dgs_relighting/PORT-GS/runs/lisa_supplementary_experiments/repeatability/local_residual_seed2/Synthetic_GS3/AnisoMetal/appearance
repeatability,local_residual,LiSA-staged,Synthetic_GS3,Translucent,2,completed,False,400,34.1831268453598,0.9801816947758197,0.031852606227621434,2085.6861799999997,sharing_permitted,/workspace/ubuntu2004_cuda12_1/projects/3dgs_relighting/PORT-GS/runs/lisa_supplementary_experiments/repeatability/local_residual_seed2/Synthetic_GS3/Translucent/appearance/test/metrics.json,/workspace/ubuntu2004_cuda12_1/projects/3dgs_relighting/PORT-GS/runs/lisa_supplementary_experiments/repeatability/local_residual_seed2/Synthetic_GS3/Translucent/appearance
repeatability,local_residual,LiSA-staged,Real_NRHints,FurScene,2,completed,False,85,24.45106611812816,0.864188845017377,0.11942937602015102,2246.191613,sharing_permitted,/workspace/ubuntu2004_cuda12_1/projects/3dgs_relighting/PORT-GS/runs/lisa_supplementary_experiments/repeatability/local_residual_seed2/Real_NRHints/FurScene/appearance/test/metrics.json,/workspace/ubuntu2004_cuda12_1/projects/3dgs_relighting/PORT-GS/runs/lisa_supplementary_experiments/repeatability/local_residual_seed2/Real_NRHints/FurScene/appearance
repeatability,local_residual,LiSA-staged,Synthetic_SSS-GS,soap_small,2,completed,False,500,41.348636768341066,0.9916962167024612,0.011564979647286236,1744.684458,sharing_permitted,/workspace/ubuntu2004_cuda12_1/projects/3dgs_relighting/PORT-GS/runs/lisa_supplementary_experiments/repeatability/local_residual_seed2/Synthetic_SSS-GS/soap_small/appearance/test/metrics.json,/workspace/ubuntu2004_cuda12_1/projects/3dgs_relighting/PORT-GS/runs/lisa_supplementary_experiments/repeatability/local_residual_seed2/Synthetic_SSS-GS/soap_small/appearance
common_ground_truth,LiSA-staged,LiSA-staged,Synthetic_GS3,Lego,0,completed,True,400,30.800682334899903,0.9586086764931678,0.04443607648834586,,,/workspace/ubuntu2004_cuda12_1/projects/3dgs_relighting/PORT-GS/runs/lisa_supplementary_experiments/common_ground_truth/Synthetic_GS3/Lego/LiSA-staged.json,/workspace/ubuntu2004_cuda12_1/projects/3dgs_relighting/PORT-GS/runs/lisa_supplementary_experiments/common_ground_truth/Synthetic_GS3/Lego
common_ground_truth,GS3,GS3,Synthetic_GS3,Lego,0,completed,True,400,30.90594132900238,0.9560482308268548,0.04954143213108182,,,/workspace/ubuntu2004_cuda12_1/projects/3dgs_relighting/PORT-GS/runs/lisa_supplementary_experiments/common_ground_truth/Synthetic_GS3/Lego/GS3.json,/workspace/ubuntu2004_cuda12_1/projects/3dgs_relighting/PORT-GS/runs/lisa_supplementary_experiments/common_ground_truth/Synthetic_GS3/Lego
common_ground_truth,SSD-GS,SSD-GS,Synthetic_GS3,Lego,0,completed,True,400,29.716634469032286,0.9439588776230812,0.060923290392383936,,,/workspace/ubuntu2004_cuda12_1/projects/3dgs_relighting/PORT-GS/runs/lisa_supplementary_experiments/common_ground_truth/Synthetic_GS3/Lego/SSD-GS.json,/workspace/ubuntu2004_cuda12_1/projects/3dgs_relighting/PORT-GS/runs/lisa_supplementary_experiments/common_ground_truth/Synthetic_GS3/Lego
common_ground_truth,RNG,RNG,Synthetic_GS3,Lego,0,completed,True,400,16.784263713359834,0.8093868692219257,0.1998586131259799,,,/workspace/ubuntu2004_cuda12_1/projects/3dgs_relighting/PORT-GS/runs/lisa_supplementary_experiments/common_ground_truth/Synthetic_GS3/Lego/RNG.json,/workspace/ubuntu2004_cuda12_1/projects/3dgs_relighting/PORT-GS/runs/lisa_supplementary_experiments/common_ground_truth/Synthetic_GS3/Lego
common_ground_truth,OLAT-Gaussians,OLAT-Gaussians,Synthetic_GS3,Lego,0,completed,True,400,20.266130599975586,0.8515716993808746,0.1919123451039195,,,/workspace/ubuntu2004_cuda12_1/projects/3dgs_relighting/PORT-GS/runs/lisa_supplementary_experiments/common_ground_truth/Synthetic_GS3/Lego/OLAT-Gaussians.json,/workspace/ubuntu2004_cuda12_1/projects/3dgs_relighting/PORT-GS/runs/lisa_supplementary_experiments/common_ground_truth/Synthetic_GS3/Lego
common_ground_truth,LiSA-staged,LiSA-staged,Synthetic_GS3,Drums,0,completed,True,400,30.451472291946413,0.9764553460478783,0.030361897028051317,,,/workspace/ubuntu2004_cuda12_1/projects/3dgs_relighting/PORT-GS/runs/lisa_supplementary_experiments/common_ground_truth/Synthetic_GS3/Drums/LiSA-staged.json,/workspace/ubuntu2004_cuda12_1/projects/3dgs_relighting/PORT-GS/runs/lisa_supplementary_experiments/common_ground_truth/Synthetic_GS3/Drums
common_ground_truth,GS3,GS3,Synthetic_GS3,Drums,0,completed,True,400,31.516670770645142,0.9762926080822945,0.029141992242075504,,,/workspace/ubuntu2004_cuda12_1/projects/3dgs_relighting/PORT-GS/runs/lisa_supplementary_experiments/common_ground_truth/Synthetic_GS3/Drums/GS3.json,/workspace/ubuntu2004_cuda12_1/projects/3dgs_relighting/PORT-GS/runs/lisa_supplementary_experiments/common_ground_truth/Synthetic_GS3/Drums
common_ground_truth,SSD-GS,SSD-GS,Synthetic_GS3,Drums,0,completed,True,400,31.541197543144225,0.9760905236005784,0.02878193172160536,,,/workspace/ubuntu2004_cuda12_1/projects/3dgs_relighting/PORT-GS/runs/lisa_supplementary_experiments/common_ground_truth/Synthetic_GS3/Drums/SSD-GS.json,/workspace/ubuntu2004_cuda12_1/projects/3dgs_relighting/PORT-GS/runs/lisa_supplementary_experiments/common_ground_truth/Synthetic_GS3/Drums
common_ground_truth,RNG,RNG,Synthetic_GS3,Drums,0,completed,True,400,15.441949803829193,0.8323395787179471,0.23750523436814547,,,/workspace/ubuntu2004_cuda12_1/projects/3dgs_relighting/PORT-GS/runs/lisa_supplementary_experiments/common_ground_truth/Synthetic_GS3/Drums/RNG.json,/workspace/ubuntu2004_cuda12_1/projects/3dgs_relighting/PORT-GS/runs/lisa_supplementary_experiments/common_ground_truth/Synthetic_GS3/Drums
common_ground_truth,OLAT-Gaussians,OLAT-Gaussians,Synthetic_GS3,Drums,0,completed,True,400,20.639464116096498,0.921675608754158,0.09626525361090899,,,/workspace/ubuntu2004_cuda12_1/projects/3dgs_relighting/PORT-GS/runs/lisa_supplementary_experiments/common_ground_truth/Synthetic_GS3/Drums/OLAT-Gaussians.json,/workspace/ubuntu2004_cuda12_1/projects/3dgs_relighting/PORT-GS/runs/lisa_supplementary_experiments/common_ground_truth/Synthetic_GS3/Drums
common_ground_truth,LiSA-staged,LiSA-staged,Synthetic_GS3,Hotdog,0,completed,True,400,35.21929649829865,0.9799065509438515,0.02863113525789231,,,/workspace/ubuntu2004_cuda12_1/projects/3dgs_relighting/PORT-GS/runs/lisa_supplementary_experiments/common_ground_truth/Synthetic_GS3/Hotdog/LiSA-staged.json,/workspace/ubuntu2004_cuda12_1/projects/3dgs_relighting/PORT-GS/runs/lisa_supplementary_experiments/common_ground_truth/Synthetic_GS3/Hotdog
common_ground_truth,GS3,GS3,Synthetic_GS3,Hotdog,0,completed,True,400,33.315303344726566,0.9739106020331383,0.035745634930208325,,,/workspace/ubuntu2004_cuda12_1/projects/3dgs_relighting/PORT-GS/runs/lisa_supplementary_experiments/common_ground_truth/Synthetic_GS3/Hotdog/GS3.json,/workspace/ubuntu2004_cuda12_1/projects/3dgs_relighting/PORT-GS/runs/lisa_supplementary_experiments/common_ground_truth/Synthetic_GS3/Hotdog
common_ground_truth,SSD-GS,SSD-GS,Synthetic_GS3,Hotdog,0,completed,True,400,32.944041919708255,0.9730880033969879,0.03670202643144876,,,/workspace/ubuntu2004_cuda12_1/projects/3dgs_relighting/PORT-GS/runs/lisa_supplementary_experiments/common_ground_truth/Synthetic_GS3/Hotdog/SSD-GS.json,/workspace/ubuntu2004_cuda12_1/projects/3dgs_relighting/PORT-GS/runs/lisa_supplementary_experiments/common_ground_truth/Synthetic_GS3/Hotdog
common_ground_truth,RNG,RNG,Synthetic_GS3,Hotdog,0,completed,True,400,29.396545596122742,0.9531041811406612,0.06009754605591297,,,/workspace/ubuntu2004_cuda12_1/projects/3dgs_relighting/PORT-GS/runs/lisa_supplementary_experiments/common_ground_truth/Synthetic_GS3/Hotdog/RNG.json,/workspace/ubuntu2004_cuda12_1/projects/3dgs_relighting/PORT-GS/runs/lisa_supplementary_experiments/common_ground_truth/Synthetic_GS3/Hotdog
common_ground_truth,OLAT-Gaussians,OLAT-Gaussians,Synthetic_GS3,Hotdog,0,completed,True,400,29.67453028678894,0.965698252916336,0.04584024144336581,,,/workspace/ubuntu2004_cuda12_1/projects/3dgs_relighting/PORT-GS/runs/lisa_supplementary_experiments/common_ground_truth/Synthetic_GS3/Hotdog/OLAT-Gaussians.json,/workspace/ubuntu2004_cuda12_1/projects/3dgs_relighting/PORT-GS/runs/lisa_supplementary_experiments/common_ground_truth/Synthetic_GS3/Hotdog
common_ground_truth,LiSA-staged,LiSA-staged,Synthetic_GS3,AnisoMetal,0,completed,True,400,27.148406085968016,0.9560595263540744,0.040445222966372964,,,/workspace/ubuntu2004_cuda12_1/projects/3dgs_relighting/PORT-GS/runs/lisa_supplementary_experiments/common_ground_truth/Synthetic_GS3/AnisoMetal/LiSA-staged.json,/workspace/ubuntu2004_cuda12_1/projects/3dgs_relighting/PORT-GS/runs/lisa_supplementary_experiments/common_ground_truth/Synthetic_GS3/AnisoMetal
common_ground_truth,GS3,GS3,Synthetic_GS3,AnisoMetal,0,completed,True,400,27.513083052635192,0.950161276459694,0.05849457369185984,,,/workspace/ubuntu2004_cuda12_1/projects/3dgs_relighting/PORT-GS/runs/lisa_supplementary_experiments/common_ground_truth/Synthetic_GS3/AnisoMetal/GS3.json,/workspace/ubuntu2004_cuda12_1/projects/3dgs_relighting/PORT-GS/runs/lisa_supplementary_experiments/common_ground_truth/Synthetic_GS3/AnisoMetal
common_ground_truth,SSD-GS,SSD-GS,Synthetic_GS3,AnisoMetal,0,completed,True,400,28.000639991760252,0.9565709406137466,0.04699144201353192,,,/workspace/ubuntu2004_cuda12_1/projects/3dgs_relighting/PORT-GS/runs/lisa_supplementary_experiments/common_ground_truth/Synthetic_GS3/AnisoMetal/SSD-GS.json,/workspace/ubuntu2004_cuda12_1/projects/3dgs_relighting/PORT-GS/runs/lisa_supplementary_experiments/common_ground_truth/Synthetic_GS3/AnisoMetal
common_ground_truth,RNG,RNG,Synthetic_GS3,AnisoMetal,0,completed,True,400,24.316030735969544,0.923002762645483,0.07238062829710543,,,/workspace/ubuntu2004_cuda12_1/projects/3dgs_relighting/PORT-GS/runs/lisa_supplementary_experiments/common_ground_truth/Synthetic_GS3/AnisoMetal/RNG.json,/workspace/ubuntu2004_cuda12_1/projects/3dgs_relighting/PORT-GS/runs/lisa_supplementary_experiments/common_ground_truth/Synthetic_GS3/AnisoMetal
common_ground_truth,OLAT-Gaussians,OLAT-Gaussians,Synthetic_GS3,AnisoMetal,0,completed,True,400,27.505524773597717,0.9614747357368469,0.03925462053157389,,,/workspace/ubuntu2004_cuda12_1/projects/3dgs_relighting/PORT-GS/runs/lisa_supplementary_experiments/common_ground_truth/Synthetic_GS3/AnisoMetal/OLAT-Gaussians.json,/workspace/ubuntu2004_cuda12_1/projects/3dgs_relighting/PORT-GS/runs/lisa_supplementary_experiments/common_ground_truth/Synthetic_GS3/AnisoMetal
common_ground_truth,LiSA-staged,LiSA-staged,Synthetic_GS3,FurBall,0,completed,True,400,36.11270293235779,0.9709044203162194,0.054287451254203915,,,/workspace/ubuntu2004_cuda12_1/projects/3dgs_relighting/PORT-GS/runs/lisa_supplementary_experiments/common_ground_truth/Synthetic_GS3/FurBall/LiSA-staged.json,/workspace/ubuntu2004_cuda12_1/projects/3dgs_relighting/PORT-GS/runs/lisa_supplementary_experiments/common_ground_truth/Synthetic_GS3/FurBall
common_ground_truth,GS3,GS3,Synthetic_GS3,FurBall,0,completed,True,400,35.83194031715393,0.9684871998429299,0.07919989941641688,,,/workspace/ubuntu2004_cuda12_1/projects/3dgs_relighting/PORT-GS/runs/lisa_supplementary_experiments/common_ground_truth/Synthetic_GS3/FurBall/GS3.json,/workspace/ubuntu2004_cuda12_1/projects/3dgs_relighting/PORT-GS/runs/lisa_supplementary_experiments/common_ground_truth/Synthetic_GS3/FurBall
common_ground_truth,SSD-GS,SSD-GS,Synthetic_GS3,FurBall,0,completed,True,400,34.99562427997589,0.9653800420463086,0.0861481205932796,,,/workspace/ubuntu2004_cuda12_1/projects/3dgs_relighting/PORT-GS/runs/lisa_supplementary_experiments/common_ground_truth/Synthetic_GS3/FurBall/SSD-GS.json,/workspace/ubuntu2004_cuda12_1/projects/3dgs_relighting/PORT-GS/runs/lisa_supplementary_experiments/common_ground_truth/Synthetic_GS3/FurBall
common_ground_truth,RNG,RNG,Synthetic_GS3,FurBall,0,completed,True,400,17.608538298606874,0.8901481056213378,0.16898032337427138,,,/workspace/ubuntu2004_cuda12_1/projects/3dgs_relighting/PORT-GS/runs/lisa_supplementary_experiments/common_ground_truth/Synthetic_GS3/FurBall/RNG.json,/workspace/ubuntu2004_cuda12_1/projects/3dgs_relighting/PORT-GS/runs/lisa_supplementary_experiments/common_ground_truth/Synthetic_GS3/FurBall
common_ground_truth,OLAT-Gaussians,OLAT-Gaussians,Synthetic_GS3,FurBall,0,completed,True,400,35.56392716407776,0.9681617911159992,0.06168255662545562,,,/workspace/ubuntu2004_cuda12_1/projects/3dgs_relighting/PORT-GS/runs/lisa_supplementary_experiments/common_ground_truth/Synthetic_GS3/FurBall/OLAT-Gaussians.json,/workspace/ubuntu2004_cuda12_1/projects/3dgs_relighting/PORT-GS/runs/lisa_supplementary_experiments/common_ground_truth/Synthetic_GS3/FurBall
common_ground_truth,LiSA-staged,LiSA-staged,Synthetic_GS3,Translucent,0,completed,True,400,34.668100690841676,0.9805627177655697,0.031240196116268635,,,/workspace/ubuntu2004_cuda12_1/projects/3dgs_relighting/PORT-GS/runs/lisa_supplementary_experiments/common_ground_truth/Synthetic_GS3/Translucent/LiSA-staged.json,/workspace/ubuntu2004_cuda12_1/projects/3dgs_relighting/PORT-GS/runs/lisa_supplementary_experiments/common_ground_truth/Synthetic_GS3/Translucent
common_ground_truth,GS3,GS3,Synthetic_GS3,Translucent,0,completed,True,400,32.75649558544159,0.9752302797138691,0.04166415549814701,,,/workspace/ubuntu2004_cuda12_1/projects/3dgs_relighting/PORT-GS/runs/lisa_supplementary_experiments/common_ground_truth/Synthetic_GS3/Translucent/GS3.json,/workspace/ubuntu2004_cuda12_1/projects/3dgs_relighting/PORT-GS/runs/lisa_supplementary_experiments/common_ground_truth/Synthetic_GS3/Translucent
common_ground_truth,SSD-GS,SSD-GS,Synthetic_GS3,Translucent,0,completed,True,400,31.986258368492127,0.9750913959741593,0.03836381402332336,,,/workspace/ubuntu2004_cuda12_1/projects/3dgs_relighting/PORT-GS/runs/lisa_supplementary_experiments/common_ground_truth/Synthetic_GS3/Translucent/SSD-GS.json,/workspace/ubuntu2004_cuda12_1/projects/3dgs_relighting/PORT-GS/runs/lisa_supplementary_experiments/common_ground_truth/Synthetic_GS3/Translucent
common_ground_truth,RNG,RNG,Synthetic_GS3,Translucent,0,completed,True,400,29.29196258544922,0.960658890157938,0.05184701830148697,,,/workspace/ubuntu2004_cuda12_1/projects/3dgs_relighting/PORT-GS/runs/lisa_supplementary_experiments/common_ground_truth/Synthetic_GS3/Translucent/RNG.json,/workspace/ubuntu2004_cuda12_1/projects/3dgs_relighting/PORT-GS/runs/lisa_supplementary_experiments/common_ground_truth/Synthetic_GS3/Translucent
common_ground_truth,OLAT-Gaussians,OLAT-Gaussians,Synthetic_GS3,Translucent,0,completed,True,400,29.028203773498536,0.9709994797408581,0.04093476322479546,,,/workspace/ubuntu2004_cuda12_1/projects/3dgs_relighting/PORT-GS/runs/lisa_supplementary_experiments/common_ground_truth/Synthetic_GS3/Translucent/OLAT-Gaussians.json,/workspace/ubuntu2004_cuda12_1/projects/3dgs_relighting/PORT-GS/runs/lisa_supplementary_experiments/common_ground_truth/Synthetic_GS3/Translucent
common_ground_truth,LiSA-staged,LiSA-staged,Real_NRHints,Cat,0,completed,True,66,25.328759626908735,0.8207714792453882,0.170666518536481,,,/workspace/ubuntu2004_cuda12_1/projects/3dgs_relighting/PORT-GS/runs/lisa_supplementary_experiments/common_ground_truth/Real_NRHints/Cat/LiSA-staged.json,/workspace/ubuntu2004_cuda12_1/projects/3dgs_relighting/PORT-GS/runs/lisa_supplementary_experiments/common_ground_truth/Real_NRHints/Cat
common_ground_truth,GS3,GS3,Real_NRHints,Cat,0,completed,True,66,19.123925469138406,0.71687040997274,0.2319269970510945,,,/workspace/ubuntu2004_cuda12_1/projects/3dgs_relighting/PORT-GS/runs/lisa_supplementary_experiments/common_ground_truth/Real_NRHints/Cat/GS3.json,/workspace/ubuntu2004_cuda12_1/projects/3dgs_relighting/PORT-GS/runs/lisa_supplementary_experiments/common_ground_truth/Real_NRHints/Cat
common_ground_truth,SSD-GS,SSD-GS,Real_NRHints,Cat,0,completed,True,66,18.088464534643926,0.7050839400652683,0.24731834436004813,,,/workspace/ubuntu2004_cuda12_1/projects/3dgs_relighting/PORT-GS/runs/lisa_supplementary_experiments/common_ground_truth/Real_NRHints/Cat/SSD-GS.json,/workspace/ubuntu2004_cuda12_1/projects/3dgs_relighting/PORT-GS/runs/lisa_supplementary_experiments/common_ground_truth/Real_NRHints/Cat
common_ground_truth,RNG,RNG,Real_NRHints,Cat,0,completed,True,66,20.988399881305117,0.7728257585655559,0.28702820792342676,,,/workspace/ubuntu2004_cuda12_1/projects/3dgs_relighting/PORT-GS/runs/lisa_supplementary_experiments/common_ground_truth/Real_NRHints/Cat/RNG.json,/workspace/ubuntu2004_cuda12_1/projects/3dgs_relighting/PORT-GS/runs/lisa_supplementary_experiments/common_ground_truth/Real_NRHints/Cat
common_ground_truth,OLAT-Gaussians,OLAT-Gaussians,Real_NRHints,Cat,0,completed,True,66,22.431342096039742,0.7683883760914658,0.2061546304912278,,,/workspace/ubuntu2004_cuda12_1/projects/3dgs_relighting/PORT-GS/runs/lisa_supplementary_experiments/common_ground_truth/Real_NRHints/Cat/OLAT-Gaussians.json,/workspace/ubuntu2004_cuda12_1/projects/3dgs_relighting/PORT-GS/runs/lisa_supplementary_experiments/common_ground_truth/Real_NRHints/Cat
common_ground_truth,LiSA-staged,LiSA-staged,Real_NRHints,CatSmall,0,completed,True,158,33.01693470870392,0.9609866425206389,0.0815772519600165,,,/workspace/ubuntu2004_cuda12_1/projects/3dgs_relighting/PORT-GS/runs/lisa_supplementary_experiments/common_ground_truth/Real_NRHints/CatSmall/LiSA-staged.json,/workspace/ubuntu2004_cuda12_1/projects/3dgs_relighting/PORT-GS/runs/lisa_supplementary_experiments/common_ground_truth/Real_NRHints/CatSmall
common_ground_truth,GS3,GS3,Real_NRHints,CatSmall,0,completed,True,158,33.28334459473815,0.9666359417046173,0.07607158978434303,,,/workspace/ubuntu2004_cuda12_1/projects/3dgs_relighting/PORT-GS/runs/lisa_supplementary_experiments/common_ground_truth/Real_NRHints/CatSmall/GS3.json,/workspace/ubuntu2004_cuda12_1/projects/3dgs_relighting/PORT-GS/runs/lisa_supplementary_experiments/common_ground_truth/Real_NRHints/CatSmall
common_ground_truth,SSD-GS,SSD-GS,Real_NRHints,CatSmall,0,completed,True,158,33.8291332872608,0.9666521081441566,0.07901747541242762,,,/workspace/ubuntu2004_cuda12_1/projects/3dgs_relighting/PORT-GS/runs/lisa_supplementary_experiments/common_ground_truth/Real_NRHints/CatSmall/SSD-GS.json,/workspace/ubuntu2004_cuda12_1/projects/3dgs_relighting/PORT-GS/runs/lisa_supplementary_experiments/common_ground_truth/Real_NRHints/CatSmall
common_ground_truth,RNG,RNG,Real_NRHints,CatSmall,0,completed,True,158,18.737137142615982,0.7922023165075085,0.2121218039265162,,,/workspace/ubuntu2004_cuda12_1/projects/3dgs_relighting/PORT-GS/runs/lisa_supplementary_experiments/common_ground_truth/Real_NRHints/CatSmall/RNG.json,/workspace/ubuntu2004_cuda12_1/projects/3dgs_relighting/PORT-GS/runs/lisa_supplementary_experiments/common_ground_truth/Real_NRHints/CatSmall
common_ground_truth,OLAT-Gaussians,OLAT-Gaussians,Real_NRHints,CatSmall,0,completed,True,158,31.57861436771441,0.9491910964627809,0.08086154982447624,,,/workspace/ubuntu2004_cuda12_1/projects/3dgs_relighting/PORT-GS/runs/lisa_supplementary_experiments/common_ground_truth/Real_NRHints/CatSmall/OLAT-Gaussians.json,/workspace/ubuntu2004_cuda12_1/projects/3dgs_relighting/PORT-GS/runs/lisa_supplementary_experiments/common_ground_truth/Real_NRHints/CatSmall
common_ground_truth,LiSA-staged,LiSA-staged,Real_NRHints,CupFabric,0,completed,True,145,35.307150373787714,0.9759265509145013,0.05873077933130593,,,/workspace/ubuntu2004_cuda12_1/projects/3dgs_relighting/PORT-GS/runs/lisa_supplementary_experiments/common_ground_truth/Real_NRHints/CupFabric/LiSA-staged.json,/workspace/ubuntu2004_cuda12_1/projects/3dgs_relighting/PORT-GS/runs/lisa_supplementary_experiments/common_ground_truth/Real_NRHints/CupFabric
common_ground_truth,GS3,GS3,Real_NRHints,CupFabric,0,completed,True,145,35.16446406923492,0.9764859955886315,0.05285929318132072,,,/workspace/ubuntu2004_cuda12_1/projects/3dgs_relighting/PORT-GS/runs/lisa_supplementary_experiments/common_ground_truth/Real_NRHints/CupFabric/GS3.json,/workspace/ubuntu2004_cuda12_1/projects/3dgs_relighting/PORT-GS/runs/lisa_supplementary_experiments/common_ground_truth/Real_NRHints/CupFabric
common_ground_truth,SSD-GS,SSD-GS,Real_NRHints,CupFabric,0,completed,True,145,35.98337550985402,0.978612324698218,0.053710206675118416,,,/workspace/ubuntu2004_cuda12_1/projects/3dgs_relighting/PORT-GS/runs/lisa_supplementary_experiments/common_ground_truth/Real_NRHints/CupFabric/SSD-GS.json,/workspace/ubuntu2004_cuda12_1/projects/3dgs_relighting/PORT-GS/runs/lisa_supplementary_experiments/common_ground_truth/Real_NRHints/CupFabric
common_ground_truth,RNG,RNG,Real_NRHints,CupFabric,0,completed,True,145,21.41146152101714,0.8469053494519201,0.2007479102447115,,,/workspace/ubuntu2004_cuda12_1/projects/3dgs_relighting/PORT-GS/runs/lisa_supplementary_experiments/common_ground_truth/Real_NRHints/CupFabric/RNG.json,/workspace/ubuntu2004_cuda12_1/projects/3dgs_relighting/PORT-GS/runs/lisa_supplementary_experiments/common_ground_truth/Real_NRHints/CupFabric
common_ground_truth,OLAT-Gaussians,OLAT-Gaussians,Real_NRHints,CupFabric,0,completed,True,145,36.404214806392275,0.9794865526002029,0.049133693992063916,,,/workspace/ubuntu2004_cuda12_1/projects/3dgs_relighting/PORT-GS/runs/lisa_supplementary_experiments/common_ground_truth/Real_NRHints/CupFabric/OLAT-Gaussians.json,/workspace/ubuntu2004_cuda12_1/projects/3dgs_relighting/PORT-GS/runs/lisa_supplementary_experiments/common_ground_truth/Real_NRHints/CupFabric
common_ground_truth,LiSA-staged,LiSA-staged,Real_NRHints,Fish,0,completed,True,66,28.966616052569766,0.8958258800434343,0.11053366315635768,,,/workspace/ubuntu2004_cuda12_1/projects/3dgs_relighting/PORT-GS/runs/lisa_supplementary_experiments/common_ground_truth/Real_NRHints/Fish/LiSA-staged.json,/workspace/ubuntu2004_cuda12_1/projects/3dgs_relighting/PORT-GS/runs/lisa_supplementary_experiments/common_ground_truth/Real_NRHints/Fish
common_ground_truth,GS3,GS3,Real_NRHints,Fish,0,completed,True,66,22.409766413948752,0.8087454266620405,0.17106241642525702,,,/workspace/ubuntu2004_cuda12_1/projects/3dgs_relighting/PORT-GS/runs/lisa_supplementary_experiments/common_ground_truth/Real_NRHints/Fish/GS3.json,/workspace/ubuntu2004_cuda12_1/projects/3dgs_relighting/PORT-GS/runs/lisa_supplementary_experiments/common_ground_truth/Real_NRHints/Fish
common_ground_truth,SSD-GS,SSD-GS,Real_NRHints,Fish,0,completed,True,66,23.2682079112891,0.8219944085135604,0.15090444108301942,,,/workspace/ubuntu2004_cuda12_1/projects/3dgs_relighting/PORT-GS/runs/lisa_supplementary_experiments/common_ground_truth/Real_NRHints/Fish/SSD-GS.json,/workspace/ubuntu2004_cuda12_1/projects/3dgs_relighting/PORT-GS/runs/lisa_supplementary_experiments/common_ground_truth/Real_NRHints/Fish
common_ground_truth,RNG,RNG,Real_NRHints,Fish,0,completed,True,66,24.11105627002138,0.8418430938865199,0.1874177081115318,,,/workspace/ubuntu2004_cuda12_1/projects/3dgs_relighting/PORT-GS/runs/lisa_supplementary_experiments/common_ground_truth/Real_NRHints/Fish/RNG.json,/workspace/ubuntu2004_cuda12_1/projects/3dgs_relighting/PORT-GS/runs/lisa_supplementary_experiments/common_ground_truth/Real_NRHints/Fish
common_ground_truth,OLAT-Gaussians,OLAT-Gaussians,Real_NRHints,Fish,0,completed,True,66,23.847907095244437,0.8339273550293662,0.15318683929967158,,,/workspace/ubuntu2004_cuda12_1/projects/3dgs_relighting/PORT-GS/runs/lisa_supplementary_experiments/common_ground_truth/Real_NRHints/Fish/OLAT-Gaussians.json,/workspace/ubuntu2004_cuda12_1/projects/3dgs_relighting/PORT-GS/runs/lisa_supplementary_experiments/common_ground_truth/Real_NRHints/Fish
common_ground_truth,LiSA-staged,LiSA-staged,Real_NRHints,FurScene,0,completed,True,85,24.474097150914808,0.8637559505069957,0.11946947688565535,,,/workspace/ubuntu2004_cuda12_1/projects/3dgs_relighting/PORT-GS/runs/lisa_supplementary_experiments/common_ground_truth/Real_NRHints/FurScene/LiSA-staged.json,/workspace/ubuntu2004_cuda12_1/projects/3dgs_relighting/PORT-GS/runs/lisa_supplementary_experiments/common_ground_truth/Real_NRHints/FurScene
common_ground_truth,GS3,GS3,Real_NRHints,FurScene,0,completed,True,85,26.09266352933996,0.891058215674232,0.1031868981087909,,,/workspace/ubuntu2004_cuda12_1/projects/3dgs_relighting/PORT-GS/runs/lisa_supplementary_experiments/common_ground_truth/Real_NRHints/FurScene/GS3.json,/workspace/ubuntu2004_cuda12_1/projects/3dgs_relighting/PORT-GS/runs/lisa_supplementary_experiments/common_ground_truth/Real_NRHints/FurScene
common_ground_truth,SSD-GS,SSD-GS,Real_NRHints,FurScene,0,completed,True,85,25.151223014382754,0.8767474735484404,0.11159857879666721,,,/workspace/ubuntu2004_cuda12_1/projects/3dgs_relighting/PORT-GS/runs/lisa_supplementary_experiments/common_ground_truth/Real_NRHints/FurScene/SSD-GS.json,/workspace/ubuntu2004_cuda12_1/projects/3dgs_relighting/PORT-GS/runs/lisa_supplementary_experiments/common_ground_truth/Real_NRHints/FurScene
common_ground_truth,RNG,RNG,Real_NRHints,FurScene,0,completed,True,85,24.11989663067986,0.8608769788461573,0.1623193100971334,,,/workspace/ubuntu2004_cuda12_1/projects/3dgs_relighting/PORT-GS/runs/lisa_supplementary_experiments/common_ground_truth/Real_NRHints/FurScene/RNG.json,/workspace/ubuntu2004_cuda12_1/projects/3dgs_relighting/PORT-GS/runs/lisa_supplementary_experiments/common_ground_truth/Real_NRHints/FurScene
common_ground_truth,OLAT-Gaussians,OLAT-Gaussians,Real_NRHints,FurScene,0,completed,True,85,24.76913189607508,0.8684818976065691,0.11326339297434863,,,/workspace/ubuntu2004_cuda12_1/projects/3dgs_relighting/PORT-GS/runs/lisa_supplementary_experiments/common_ground_truth/Real_NRHints/FurScene/OLAT-Gaussians.json,/workspace/ubuntu2004_cuda12_1/projects/3dgs_relighting/PORT-GS/runs/lisa_supplementary_experiments/common_ground_truth/Real_NRHints/FurScene
common_ground_truth,LiSA-staged,LiSA-staged,Real_NRHints,Pikachu,0,completed,True,200,31.64855134010315,0.9670675253868103,0.055567480865865944,,,/workspace/ubuntu2004_cuda12_1/projects/3dgs_relighting/PORT-GS/runs/lisa_supplementary_experiments/common_ground_truth/Real_NRHints/Pikachu/LiSA-staged.json,/workspace/ubuntu2004_cuda12_1/projects/3dgs_relighting/PORT-GS/runs/lisa_supplementary_experiments/common_ground_truth/Real_NRHints/Pikachu
common_ground_truth,GS3,GS3,Real_NRHints,Pikachu,0,completed,True,200,31.15548904418945,0.9673399323225021,0.05703540762886405,,,/workspace/ubuntu2004_cuda12_1/projects/3dgs_relighting/PORT-GS/runs/lisa_supplementary_experiments/common_ground_truth/Real_NRHints/Pikachu/GS3.json,/workspace/ubuntu2004_cuda12_1/projects/3dgs_relighting/PORT-GS/runs/lisa_supplementary_experiments/common_ground_truth/Real_NRHints/Pikachu
common_ground_truth,SSD-GS,SSD-GS,Real_NRHints,Pikachu,0,completed,True,200,30.69417260169983,0.965474764406681,0.05836262315511703,,,/workspace/ubuntu2004_cuda12_1/projects/3dgs_relighting/PORT-GS/runs/lisa_supplementary_experiments/common_ground_truth/Real_NRHints/Pikachu/SSD-GS.json,/workspace/ubuntu2004_cuda12_1/projects/3dgs_relighting/PORT-GS/runs/lisa_supplementary_experiments/common_ground_truth/Real_NRHints/Pikachu
common_ground_truth,RNG,RNG,Real_NRHints,Pikachu,0,completed,True,200,17.270552039146423,0.8330452781915665,0.20098658509552478,,,/workspace/ubuntu2004_cuda12_1/projects/3dgs_relighting/PORT-GS/runs/lisa_supplementary_experiments/common_ground_truth/Real_NRHints/Pikachu/RNG.json,/workspace/ubuntu2004_cuda12_1/projects/3dgs_relighting/PORT-GS/runs/lisa_supplementary_experiments/common_ground_truth/Real_NRHints/Pikachu
common_ground_truth,OLAT-Gaussians,OLAT-Gaussians,Real_NRHints,Pikachu,0,completed,True,200,31.063862533569335,0.962279360294342,0.0547797872684896,,,/workspace/ubuntu2004_cuda12_1/projects/3dgs_relighting/PORT-GS/runs/lisa_supplementary_experiments/common_ground_truth/Real_NRHints/Pikachu/OLAT-Gaussians.json,/workspace/ubuntu2004_cuda12_1/projects/3dgs_relighting/PORT-GS/runs/lisa_supplementary_experiments/common_ground_truth/Real_NRHints/Pikachu
common_ground_truth,LiSA-staged,LiSA-staged,Real_NRHints,Pixiu,0,completed,True,71,26.202850207476548,0.88135530159507,0.10694691496835627,,,/workspace/ubuntu2004_cuda12_1/projects/3dgs_relighting/PORT-GS/runs/lisa_supplementary_experiments/common_ground_truth/Real_NRHints/Pixiu/LiSA-staged.json,/workspace/ubuntu2004_cuda12_1/projects/3dgs_relighting/PORT-GS/runs/lisa_supplementary_experiments/common_ground_truth/Real_NRHints/Pixiu
common_ground_truth,GS3,GS3,Real_NRHints,Pixiu,0,completed,True,71,23.72363163048113,0.8640503211760185,0.11734219073829516,,,/workspace/ubuntu2004_cuda12_1/projects/3dgs_relighting/PORT-GS/runs/lisa_supplementary_experiments/common_ground_truth/Real_NRHints/Pixiu/GS3.json,/workspace/ubuntu2004_cuda12_1/projects/3dgs_relighting/PORT-GS/runs/lisa_supplementary_experiments/common_ground_truth/Real_NRHints/Pixiu
common_ground_truth,SSD-GS,SSD-GS,Real_NRHints,Pixiu,0,completed,True,71,23.390820167434047,0.8621861682811254,0.11893025040626526,,,/workspace/ubuntu2004_cuda12_1/projects/3dgs_relighting/PORT-GS/runs/lisa_supplementary_experiments/common_ground_truth/Real_NRHints/Pixiu/SSD-GS.json,/workspace/ubuntu2004_cuda12_1/projects/3dgs_relighting/PORT-GS/runs/lisa_supplementary_experiments/common_ground_truth/Real_NRHints/Pixiu
common_ground_truth,RNG,RNG,Real_NRHints,Pixiu,0,completed,True,71,19.952608189112702,0.847925172725194,0.17207669487721483,,,/workspace/ubuntu2004_cuda12_1/projects/3dgs_relighting/PORT-GS/runs/lisa_supplementary_experiments/common_ground_truth/Real_NRHints/Pixiu/RNG.json,/workspace/ubuntu2004_cuda12_1/projects/3dgs_relighting/PORT-GS/runs/lisa_supplementary_experiments/common_ground_truth/Real_NRHints/Pixiu
common_ground_truth,OLAT-Gaussians,OLAT-Gaussians,Real_NRHints,Pixiu,0,completed,True,71,20.7032805429378,0.8412135134280567,0.14320676333047974,,,/workspace/ubuntu2004_cuda12_1/projects/3dgs_relighting/PORT-GS/runs/lisa_supplementary_experiments/common_ground_truth/Real_NRHints/Pixiu/OLAT-Gaussians.json,/workspace/ubuntu2004_cuda12_1/projects/3dgs_relighting/PORT-GS/runs/lisa_supplementary_experiments/common_ground_truth/Real_NRHints/Pixiu
common_ground_truth,LiSA-staged,LiSA-staged,Synthetic_SSS-GS,bunny_small,0,completed,True,500,39.857411106109616,0.9896388351917267,0.016082793710753322,,,/workspace/ubuntu2004_cuda12_1/projects/3dgs_relighting/PORT-GS/runs/lisa_supplementary_experiments/common_ground_truth/Synthetic_SSS-GS/bunny_small/LiSA-staged.json,/workspace/ubuntu2004_cuda12_1/projects/3dgs_relighting/PORT-GS/runs/lisa_supplementary_experiments/common_ground_truth/Synthetic_SSS-GS/bunny_small
common_ground_truth,GS3,GS3,Synthetic_SSS-GS,bunny_small,0,completed,True,500,34.41645763206482,0.9798428794145584,0.03190651794523001,,,/workspace/ubuntu2004_cuda12_1/projects/3dgs_relighting/PORT-GS/runs/lisa_supplementary_experiments/common_ground_truth/Synthetic_SSS-GS/bunny_small/GS3.json,/workspace/ubuntu2004_cuda12_1/projects/3dgs_relighting/PORT-GS/runs/lisa_supplementary_experiments/common_ground_truth/Synthetic_SSS-GS/bunny_small
common_ground_truth,SSD-GS,SSD-GS,Synthetic_SSS-GS,bunny_small,0,completed,True,500,38.486211812973025,0.9891295911073684,0.019394933234900238,,,/workspace/ubuntu2004_cuda12_1/projects/3dgs_relighting/PORT-GS/runs/lisa_supplementary_experiments/common_ground_truth/Synthetic_SSS-GS/bunny_small/SSD-GS.json,/workspace/ubuntu2004_cuda12_1/projects/3dgs_relighting/PORT-GS/runs/lisa_supplementary_experiments/common_ground_truth/Synthetic_SSS-GS/bunny_small
common_ground_truth,RNG,RNG,Synthetic_SSS-GS,bunny_small,0,completed,True,500,37.85231420516968,0.9878230060338974,0.02025896503403783,,,/workspace/ubuntu2004_cuda12_1/projects/3dgs_relighting/PORT-GS/runs/lisa_supplementary_experiments/common_ground_truth/Synthetic_SSS-GS/bunny_small/RNG.json,/workspace/ubuntu2004_cuda12_1/projects/3dgs_relighting/PORT-GS/runs/lisa_supplementary_experiments/common_ground_truth/Synthetic_SSS-GS/bunny_small
common_ground_truth,OLAT-Gaussians,OLAT-Gaussians,Synthetic_SSS-GS,bunny_small,0,completed,True,500,40.42679377555847,0.9913663665056228,0.01573082479229197,,,/workspace/ubuntu2004_cuda12_1/projects/3dgs_relighting/PORT-GS/runs/lisa_supplementary_experiments/common_ground_truth/Synthetic_SSS-GS/bunny_small/OLAT-Gaussians.json,/workspace/ubuntu2004_cuda12_1/projects/3dgs_relighting/PORT-GS/runs/lisa_supplementary_experiments/common_ground_truth/Synthetic_SSS-GS/bunny_small
common_ground_truth,LiSA-staged,LiSA-staged,Synthetic_SSS-GS,candle_small,0,completed,True,500,45.195603427886965,0.9959647443294525,0.007539078637491912,,,/workspace/ubuntu2004_cuda12_1/projects/3dgs_relighting/PORT-GS/runs/lisa_supplementary_experiments/common_ground_truth/Synthetic_SSS-GS/candle_small/LiSA-staged.json,/workspace/ubuntu2004_cuda12_1/projects/3dgs_relighting/PORT-GS/runs/lisa_supplementary_experiments/common_ground_truth/Synthetic_SSS-GS/candle_small
common_ground_truth,GS3,GS3,Synthetic_SSS-GS,candle_small,0,completed,True,500,38.74271179962158,0.988480670452118,0.02167264887969941,,,/workspace/ubuntu2004_cuda12_1/projects/3dgs_relighting/PORT-GS/runs/lisa_supplementary_experiments/common_ground_truth/Synthetic_SSS-GS/candle_small/GS3.json,/workspace/ubuntu2004_cuda12_1/projects/3dgs_relighting/PORT-GS/runs/lisa_supplementary_experiments/common_ground_truth/Synthetic_SSS-GS/candle_small
common_ground_truth,SSD-GS,SSD-GS,Synthetic_SSS-GS,candle_small,0,completed,True,500,38.73706056594849,0.9888616304397583,0.019987712409347297,,,/workspace/ubuntu2004_cuda12_1/projects/3dgs_relighting/PORT-GS/runs/lisa_supplementary_experiments/common_ground_truth/Synthetic_SSS-GS/candle_small/SSD-GS.json,/workspace/ubuntu2004_cuda12_1/projects/3dgs_relighting/PORT-GS/runs/lisa_supplementary_experiments/common_ground_truth/Synthetic_SSS-GS/candle_small
common_ground_truth,RNG,RNG,Synthetic_SSS-GS,candle_small,0,completed,True,500,41.88283671569824,0.9943056540489197,0.014535797119140626,,,/workspace/ubuntu2004_cuda12_1/projects/3dgs_relighting/PORT-GS/runs/lisa_supplementary_experiments/common_ground_truth/Synthetic_SSS-GS/candle_small/RNG.json,/workspace/ubuntu2004_cuda12_1/projects/3dgs_relighting/PORT-GS/runs/lisa_supplementary_experiments/common_ground_truth/Synthetic_SSS-GS/candle_small
common_ground_truth,OLAT-Gaussians,OLAT-Gaussians,Synthetic_SSS-GS,candle_small,0,completed,True,500,45.080512107849124,0.9966069402694702,0.0075885872947983445,,,/workspace/ubuntu2004_cuda12_1/projects/3dgs_relighting/PORT-GS/runs/lisa_supplementary_experiments/common_ground_truth/Synthetic_SSS-GS/candle_small/OLAT-Gaussians.json,/workspace/ubuntu2004_cuda12_1/projects/3dgs_relighting/PORT-GS/runs/lisa_supplementary_experiments/common_ground_truth/Synthetic_SSS-GS/candle_small
common_ground_truth,LiSA-staged,LiSA-staged,Synthetic_SSS-GS,dragon_small,0,completed,True,500,37.37829360961914,0.9811799510717392,0.026198376830667256,,,/workspace/ubuntu2004_cuda12_1/projects/3dgs_relighting/PORT-GS/runs/lisa_supplementary_experiments/common_ground_truth/Synthetic_SSS-GS/dragon_small/LiSA-staged.json,/workspace/ubuntu2004_cuda12_1/projects/3dgs_relighting/PORT-GS/runs/lisa_supplementary_experiments/common_ground_truth/Synthetic_SSS-GS/dragon_small
common_ground_truth,GS3,GS3,Synthetic_SSS-GS,dragon_small,0,completed,True,500,36.10374532699585,0.9768507682085037,0.032241744484752415,,,/workspace/ubuntu2004_cuda12_1/projects/3dgs_relighting/PORT-GS/runs/lisa_supplementary_experiments/common_ground_truth/Synthetic_SSS-GS/dragon_small/GS3.json,/workspace/ubuntu2004_cuda12_1/projects/3dgs_relighting/PORT-GS/runs/lisa_supplementary_experiments/common_ground_truth/Synthetic_SSS-GS/dragon_small
common_ground_truth,SSD-GS,SSD-GS,Synthetic_SSS-GS,dragon_small,0,completed,True,500,37.376969142913815,0.981791912317276,0.02660691923648119,,,/workspace/ubuntu2004_cuda12_1/projects/3dgs_relighting/PORT-GS/runs/lisa_supplementary_experiments/common_ground_truth/Synthetic_SSS-GS/dragon_small/SSD-GS.json,/workspace/ubuntu2004_cuda12_1/projects/3dgs_relighting/PORT-GS/runs/lisa_supplementary_experiments/common_ground_truth/Synthetic_SSS-GS/dragon_small
common_ground_truth,RNG,RNG,Synthetic_SSS-GS,dragon_small,0,completed,True,500,35.23482233810425,0.9725813829898834,0.042411321859806776,,,/workspace/ubuntu2004_cuda12_1/projects/3dgs_relighting/PORT-GS/runs/lisa_supplementary_experiments/common_ground_truth/Synthetic_SSS-GS/dragon_small/RNG.json,/workspace/ubuntu2004_cuda12_1/projects/3dgs_relighting/PORT-GS/runs/lisa_supplementary_experiments/common_ground_truth/Synthetic_SSS-GS/dragon_small
common_ground_truth,OLAT-Gaussians,OLAT-Gaussians,Synthetic_SSS-GS,dragon_small,0,completed,True,500,37.7877374458313,0.9824782725572586,0.02584668427798897,,,/workspace/ubuntu2004_cuda12_1/projects/3dgs_relighting/PORT-GS/runs/lisa_supplementary_experiments/common_ground_truth/Synthetic_SSS-GS/dragon_small/OLAT-Gaussians.json,/workspace/ubuntu2004_cuda12_1/projects/3dgs_relighting/PORT-GS/runs/lisa_supplementary_experiments/common_ground_truth/Synthetic_SSS-GS/dragon_small
common_ground_truth,LiSA-staged,LiSA-staged,Synthetic_SSS-GS,soap_small,0,completed,True,500,40.90556898880005,0.9915942760705948,0.012247910559177398,,,/workspace/ubuntu2004_cuda12_1/projects/3dgs_relighting/PORT-GS/runs/lisa_supplementary_experiments/common_ground_truth/Synthetic_SSS-GS/soap_small/LiSA-staged.json,/workspace/ubuntu2004_cuda12_1/projects/3dgs_relighting/PORT-GS/runs/lisa_supplementary_experiments/common_ground_truth/Synthetic_SSS-GS/soap_small
common_ground_truth,GS3,GS3,Synthetic_SSS-GS,soap_small,0,completed,True,500,38.34666980743408,0.9843108913898468,0.027488031295593827,,,/workspace/ubuntu2004_cuda12_1/projects/3dgs_relighting/PORT-GS/runs/lisa_supplementary_experiments/common_ground_truth/Synthetic_SSS-GS/soap_small/GS3.json,/workspace/ubuntu2004_cuda12_1/projects/3dgs_relighting/PORT-GS/runs/lisa_supplementary_experiments/common_ground_truth/Synthetic_SSS-GS/soap_small
common_ground_truth,SSD-GS,SSD-GS,Synthetic_SSS-GS,soap_small,0,completed,True,500,38.36487509155273,0.9879494864940643,0.02181242021266371,,,/workspace/ubuntu2004_cuda12_1/projects/3dgs_relighting/PORT-GS/runs/lisa_supplementary_experiments/common_ground_truth/Synthetic_SSS-GS/soap_small/SSD-GS.json,/workspace/ubuntu2004_cuda12_1/projects/3dgs_relighting/PORT-GS/runs/lisa_supplementary_experiments/common_ground_truth/Synthetic_SSS-GS/soap_small
common_ground_truth,RNG,RNG,Synthetic_SSS-GS,soap_small,0,completed,True,500,40.28030864715576,0.9905484540462494,0.012688428447581827,,,/workspace/ubuntu2004_cuda12_1/projects/3dgs_relighting/PORT-GS/runs/lisa_supplementary_experiments/common_ground_truth/Synthetic_SSS-GS/soap_small/RNG.json,/workspace/ubuntu2004_cuda12_1/projects/3dgs_relighting/PORT-GS/runs/lisa_supplementary_experiments/common_ground_truth/Synthetic_SSS-GS/soap_small
common_ground_truth,OLAT-Gaussians,OLAT-Gaussians,Synthetic_SSS-GS,soap_small,0,completed,True,500,41.41990858078003,0.9924493111371994,0.010896272754529491,,,/workspace/ubuntu2004_cuda12_1/projects/3dgs_relighting/PORT-GS/runs/lisa_supplementary_experiments/common_ground_truth/Synthetic_SSS-GS/soap_small/OLAT-Gaussians.json,/workspace/ubuntu2004_cuda12_1/projects/3dgs_relighting/PORT-GS/runs/lisa_supplementary_experiments/common_ground_truth/Synthetic_SSS-GS/soap_small
common_ground_truth,LiSA-staged,LiSA-staged,Synthetic_SSS-GS,statue_small,0,completed,True,500,39.817317836761475,0.9891859799623489,0.019576579613611103,,,/workspace/ubuntu2004_cuda12_1/projects/3dgs_relighting/PORT-GS/runs/lisa_supplementary_experiments/common_ground_truth/Synthetic_SSS-GS/statue_small/LiSA-staged.json,/workspace/ubuntu2004_cuda12_1/projects/3dgs_relighting/PORT-GS/runs/lisa_supplementary_experiments/common_ground_truth/Synthetic_SSS-GS/statue_small
common_ground_truth,GS3,GS3,Synthetic_SSS-GS,statue_small,0,completed,True,500,36.43244430732727,0.9846715813875199,0.02509493718855083,,,/workspace/ubuntu2004_cuda12_1/projects/3dgs_relighting/PORT-GS/runs/lisa_supplementary_experiments/common_ground_truth/Synthetic_SSS-GS/statue_small/GS3.json,/workspace/ubuntu2004_cuda12_1/projects/3dgs_relighting/PORT-GS/runs/lisa_supplementary_experiments/common_ground_truth/Synthetic_SSS-GS/statue_small
common_ground_truth,SSD-GS,SSD-GS,Synthetic_SSS-GS,statue_small,0,completed,True,500,35.9883368434906,0.9834035067558289,0.02681663427874446,,,/workspace/ubuntu2004_cuda12_1/projects/3dgs_relighting/PORT-GS/runs/lisa_supplementary_experiments/common_ground_truth/Synthetic_SSS-GS/statue_small/SSD-GS.json,/workspace/ubuntu2004_cuda12_1/projects/3dgs_relighting/PORT-GS/runs/lisa_supplementary_experiments/common_ground_truth/Synthetic_SSS-GS/statue_small
common_ground_truth,RNG,RNG,Synthetic_SSS-GS,statue_small,0,completed,True,500,30.227864059448244,0.9676269183158874,0.04790156333521008,,,/workspace/ubuntu2004_cuda12_1/projects/3dgs_relighting/PORT-GS/runs/lisa_supplementary_experiments/common_ground_truth/Synthetic_SSS-GS/statue_small/RNG.json,/workspace/ubuntu2004_cuda12_1/projects/3dgs_relighting/PORT-GS/runs/lisa_supplementary_experiments/common_ground_truth/Synthetic_SSS-GS/statue_small
common_ground_truth,OLAT-Gaussians,OLAT-Gaussians,Synthetic_SSS-GS,statue_small,0,completed,True,500,38.99332734870911,0.9890412973165512,0.02227552820881829,,,/workspace/ubuntu2004_cuda12_1/projects/3dgs_relighting/PORT-GS/runs/lisa_supplementary_experiments/common_ground_truth/Synthetic_SSS-GS/statue_small/OLAT-Gaussians.json,/workspace/ubuntu2004_cuda12_1/projects/3dgs_relighting/PORT-GS/runs/lisa_supplementary_experiments/common_ground_truth/Synthetic_SSS-GS/statue_small
baseline_comparison,SSD-GS,SSD-GS,Real_NRHints,Cat,0,completed,True,66,18.08528653058139,0.7053586831598571,0.24719054996967316,,,/workspace/ubuntu2004_cuda12_1/projects/3dgs_relighting/SSD-GS/runs/full_dataset_comparison/Real_NRHints/Cat/test/metrics.json,/workspace/ubuntu2004_cuda12_1/projects/3dgs_relighting/SSD-GS/runs/full_dataset_comparison/Real_NRHints/Cat
baseline_comparison,SSD-GS,SSD-GS,Real_NRHints,CatSmall,0,completed,True,158,33.788551946229575,0.9662471341935894,0.07856735113206544,,,/workspace/ubuntu2004_cuda12_1/projects/3dgs_relighting/SSD-GS/runs/full_dataset_comparison/Real_NRHints/CatSmall/test/metrics.json,/workspace/ubuntu2004_cuda12_1/projects/3dgs_relighting/SSD-GS/runs/full_dataset_comparison/Real_NRHints/CatSmall
baseline_comparison,SSD-GS,SSD-GS,Real_NRHints,CupFabric,0,completed,True,145,35.99405247918491,0.9787772873352314,0.052054497984976605,,,/workspace/ubuntu2004_cuda12_1/projects/3dgs_relighting/SSD-GS/runs/full_dataset_comparison/Real_NRHints/CupFabric/test/metrics.json,/workspace/ubuntu2004_cuda12_1/projects/3dgs_relighting/SSD-GS/runs/full_dataset_comparison/Real_NRHints/CupFabric
baseline_comparison,SSD-GS,SSD-GS,Real_NRHints,Fish,0,completed,True,66,23.2716270793568,0.8220522087631803,0.1508809541436759,,,/workspace/ubuntu2004_cuda12_1/projects/3dgs_relighting/SSD-GS/runs/full_dataset_comparison/Real_NRHints/Fish/test/metrics.json,/workspace/ubuntu2004_cuda12_1/projects/3dgs_relighting/SSD-GS/runs/full_dataset_comparison/Real_NRHints/Fish
baseline_comparison,SSD-GS,SSD-GS,Real_NRHints,FurScene,0,completed,True,85,25.14931427450741,0.8768608668271233,0.11155898237929625,,,/workspace/ubuntu2004_cuda12_1/projects/3dgs_relighting/SSD-GS/runs/supplement_hard_scenes/Real_NRHints/FurScene/test/metrics.json,/workspace/ubuntu2004_cuda12_1/projects/3dgs_relighting/SSD-GS/runs/supplement_hard_scenes/Real_NRHints/FurScene
baseline_comparison,SSD-GS,SSD-GS,Real_NRHints,Pikachu,0,completed,True,200,30.677114639282227,0.9663116455078125,0.05572941035032272,,,/workspace/ubuntu2004_cuda12_1/projects/3dgs_relighting/SSD-GS/runs/full_dataset_comparison/Real_NRHints/Pikachu/test/metrics.json,/workspace/ubuntu2004_cuda12_1/projects/3dgs_relighting/SSD-GS/runs/full_dataset_comparison/Real_NRHints/Pikachu
baseline_comparison,SSD-GS,SSD-GS,Real_NRHints,Pixiu,0,completed,True,71,23.38913380260199,0.8623080555821808,0.11861096674077948,,,/workspace/ubuntu2004_cuda12_1/projects/3dgs_relighting/SSD-GS/runs/full_dataset_comparison/Real_NRHints/Pixiu/test/metrics.json,/workspace/ubuntu2004_cuda12_1/projects/3dgs_relighting/SSD-GS/runs/full_dataset_comparison/Real_NRHints/Pixiu
baseline_comparison,SSD-GS,SSD-GS,Synthetic_GS3,AnisoMetal,0,completed,True,400,28.000639758110047,0.9565709412097931,0.04699143836274743,,,/workspace/ubuntu2004_cuda12_1/projects/3dgs_relighting/SSD-GS/runs/full_dataset_comparison/recomputed_metrics/Synthetic_GS3/AnisoMetal/metrics.json,/workspace/ubuntu2004_cuda12_1/projects/3dgs_relighting/SSD-GS/output/syn_gs3_AnisoMetal_20260430
baseline_comparison,SSD-GS,SSD-GS,Synthetic_GS3,Drums,0,completed,True,400,31.541196641921996,0.9760905215144158,0.028781935954466462,,,/workspace/ubuntu2004_cuda12_1/projects/3dgs_relighting/SSD-GS/runs/supplement_hard_scenes/Synthetic_GS3/Drums/test/metrics.json,/workspace/ubuntu2004_cuda12_1/projects/3dgs_relighting/SSD-GS/runs/supplement_hard_scenes/Synthetic_GS3/Drums
baseline_comparison,SSD-GS,SSD-GS,Synthetic_GS3,FurBall,0,completed,True,400,34.99562306404114,0.9653800351917744,0.0861481387540698,,,/workspace/ubuntu2004_cuda12_1/projects/3dgs_relighting/SSD-GS/runs/full_dataset_comparison/Synthetic_GS3/FurBall/test/metrics.json,/workspace/ubuntu2004_cuda12_1/projects/3dgs_relighting/SSD-GS/runs/full_dataset_comparison/Synthetic_GS3/FurBall
baseline_comparison,SSD-GS,SSD-GS,Synthetic_GS3,Hotdog,0,completed,True,400,32.9440411901474,0.9730880030989647,0.03670204402413219,,,/workspace/ubuntu2004_cuda12_1/projects/3dgs_relighting/SSD-GS/runs/full_dataset_comparison/Synthetic_GS3/Hotdog/test/metrics.json,/workspace/ubuntu2004_cuda12_1/projects/3dgs_relighting/SSD-GS/runs/full_dataset_comparison/Synthetic_GS3/Hotdog
baseline_comparison,SSD-GS,SSD-GS,Synthetic_GS3,Lego,0,completed,True,400,29.71663357257843,0.9439588788151742,0.0609232853166759,,,/workspace/ubuntu2004_cuda12_1/projects/3dgs_relighting/SSD-GS/runs/full_dataset_comparison/Synthetic_GS3/Lego/test/metrics.json,/workspace/ubuntu2004_cuda12_1/projects/3dgs_relighting/SSD-GS/runs/full_dataset_comparison/Synthetic_GS3/Lego
baseline_comparison,SSD-GS,SSD-GS,Synthetic_GS3,Translucent,0,completed,True,400,31.986258125305177,0.9750913989543915,0.03836380171123892,,,/workspace/ubuntu2004_cuda12_1/projects/3dgs_relighting/SSD-GS/runs/full_dataset_comparison/recomputed_metrics/Synthetic_GS3/Translucent/metrics.json,/workspace/ubuntu2004_cuda12_1/projects/3dgs_relighting/SSD-GS/output/syn_gs3_Translucent_20260430
baseline_comparison,SSD-GS,SSD-GS,Synthetic_SSS-GS,bunny_small,0,completed,True,500,38.48003209495545,0.989094938158989,0.019451855062507094,,,/workspace/ubuntu2004_cuda12_1/projects/3dgs_relighting/SSD-GS/runs/full_dataset_comparison/recomputed_metrics/Synthetic_SSS-GS/bunny_small/metrics.json,/workspace/ubuntu2004_cuda12_1/projects/3dgs_relighting/SSD-GS/output/syn_sss-gs_bunny_small_20260430
baseline_comparison,SSD-GS,SSD-GS,Synthetic_SSS-GS,candle_small,0,completed,True,500,38.73268198394776,0.988834808588028,0.020026448756456375,,,/workspace/ubuntu2004_cuda12_1/projects/3dgs_relighting/SSD-GS/runs/full_dataset_comparison/Synthetic_SSS-GS/candle_small/test/metrics.json,/workspace/ubuntu2004_cuda12_1/projects/3dgs_relighting/SSD-GS/runs/full_dataset_comparison/Synthetic_SSS-GS/candle_small
baseline_comparison,SSD-GS,SSD-GS,Synthetic_SSS-GS,dragon_small,0,completed,True,500,37.37723838424682,0.9817540835142136,0.02669419312477112,,,/workspace/ubuntu2004_cuda12_1/projects/3dgs_relighting/SSD-GS/runs/full_dataset_comparison/recomputed_metrics/Synthetic_SSS-GS/dragon_small/metrics.json,/workspace/ubuntu2004_cuda12_1/projects/3dgs_relighting/SSD-GS/output/syn_sss-gs_dragon_small_20260430
baseline_comparison,SSD-GS,SSD-GS,Synthetic_SSS-GS,soap_small,0,completed,True,500,38.36082866668701,0.9879216376543045,0.021849981280975043,,,/workspace/ubuntu2004_cuda12_1/projects/3dgs_relighting/SSD-GS/runs/full_dataset_comparison/Synthetic_SSS-GS/soap_small/test/metrics.json,/workspace/ubuntu2004_cuda12_1/projects/3dgs_relighting/SSD-GS/runs/full_dataset_comparison/Synthetic_SSS-GS/soap_small
baseline_comparison,SSD-GS,SSD-GS,Synthetic_SSS-GS,statue_small,0,completed,True,500,35.98361395072937,0.9833722599744796,0.02706645502150059,,,/workspace/ubuntu2004_cuda12_1/projects/3dgs_relighting/SSD-GS/runs/supplement_hard_scenes/Synthetic_SSS-GS/statue_small/test/metrics.json,/workspace/ubuntu2004_cuda12_1/projects/3dgs_relighting/SSD-GS/runs/supplement_hard_scenes/Synthetic_SSS-GS/statue_small
baseline_comparison,GS3,GS3,Real_NRHints,Cat,0,completed,True,66,19.119789759318035,0.7171379020719817,0.2318497227899956,,,/workspace/ubuntu2004_cuda12_1/projects/3dgs_relighting/GS3/runs/full_benchmark_20260913/Real_NRHints/Cat/test/metrics.json,/workspace/ubuntu2004_cuda12_1/projects/3dgs_relighting/GS3/runs/full_benchmark_20260913/Real_NRHints/Cat
baseline_comparison,GS3,GS3,Real_NRHints,CatSmall,0,completed,True,158,33.25266403487966,0.966304249401334,0.0756583240920607,,,/workspace/ubuntu2004_cuda12_1/projects/3dgs_relighting/GS3/runs/full_benchmark_20260913/Real_NRHints/CatSmall/test/metrics.json,/workspace/ubuntu2004_cuda12_1/projects/3dgs_relighting/GS3/runs/full_benchmark_20260913/Real_NRHints/CatSmall
baseline_comparison,GS3,GS3,Real_NRHints,CupFabric,0,completed,True,145,35.17152119340568,0.9766593855002831,0.05116990866332219,,,/workspace/ubuntu2004_cuda12_1/projects/3dgs_relighting/GS3/runs/full_benchmark_20260913/Real_NRHints/CupFabric/test/metrics.json,/workspace/ubuntu2004_cuda12_1/projects/3dgs_relighting/GS3/runs/full_benchmark_20260913/Real_NRHints/CupFabric
baseline_comparison,GS3,GS3,Real_NRHints,Fish,0,completed,True,66,22.41270722764911,0.8088061701167714,0.17094004425135526,,,/workspace/ubuntu2004_cuda12_1/projects/3dgs_relighting/GS3/runs/full_benchmark_20260913/Real_NRHints/Fish/test/metrics.json,/workspace/ubuntu2004_cuda12_1/projects/3dgs_relighting/GS3/runs/full_benchmark_20260913/Real_NRHints/Fish
baseline_comparison,GS3,GS3,Real_NRHints,FurScene,0,completed,True,85,26.090391809800092,0.8911249890046962,0.10321322714581209,,,/workspace/ubuntu2004_cuda12_1/projects/3dgs_relighting/GS3/runs/supplement_hard_scenes/Real_NRHints/FurScene/test/metrics.json,/workspace/ubuntu2004_cuda12_1/projects/3dgs_relighting/GS3/runs/supplement_hard_scenes/Real_NRHints/FurScene
baseline_comparison,GS3,GS3,Real_NRHints,Pikachu,0,completed,True,200,31.14660569190979,0.9682189676165581,0.05438019443303346,,,/workspace/ubuntu2004_cuda12_1/projects/3dgs_relighting/GS3/runs/full_benchmark_20260913/Real_NRHints/Pikachu/test/metrics.json,/workspace/ubuntu2004_cuda12_1/projects/3dgs_relighting/GS3/runs/full_benchmark_20260913/Real_NRHints/Pikachu
baseline_comparison,GS3,GS3,Real_NRHints,Pixiu,0,completed,True,71,23.72180927975077,0.8641741913808904,0.11702784680774514,,,/workspace/ubuntu2004_cuda12_1/projects/3dgs_relighting/GS3/runs/full_benchmark_20260913/Real_NRHints/Pixiu/test/metrics.json,/workspace/ubuntu2004_cuda12_1/projects/3dgs_relighting/GS3/runs/full_benchmark_20260913/Real_NRHints/Pixiu
baseline_comparison,GS3,GS3,Synthetic_GS3,AnisoMetal,0,completed,True,400,27.513082661628722,0.9501612767577171,0.058494577975943686,,,/workspace/ubuntu2004_cuda12_1/projects/3dgs_relighting/GS3/runs/full_benchmark_20260913/Synthetic_GS3/AnisoMetal/test/metrics.json,/workspace/ubuntu2004_cuda12_1/projects/3dgs_relighting/GS3/runs/full_benchmark_20260913/Synthetic_GS3/AnisoMetal
baseline_comparison,GS3,GS3,Synthetic_GS3,Drums,0,completed,True,400,31.516670145988464,0.9762926083803177,0.02914199674502015,,,/workspace/ubuntu2004_cuda12_1/projects/3dgs_relighting/GS3/runs/supplement_hard_scenes/Synthetic_GS3/Drums/test/metrics.json,/workspace/ubuntu2004_cuda12_1/projects/3dgs_relighting/GS3/runs/supplement_hard_scenes/Synthetic_GS3/Drums
baseline_comparison,GS3,GS3,Synthetic_GS3,FurBall,0,completed,True,400,35.831938943862916,0.9684871909022331,0.07919993123039604,,,/workspace/ubuntu2004_cuda12_1/projects/3dgs_relighting/GS3/runs/full_benchmark_20260913/Synthetic_GS3/FurBall/test/metrics.json,/workspace/ubuntu2004_cuda12_1/projects/3dgs_relighting/GS3/runs/full_benchmark_20260913/Synthetic_GS3/FurBall
baseline_comparison,GS3,GS3,Synthetic_GS3,Hotdog,0,completed,True,400,33.3153027009964,0.9739106032252312,0.035745652834884824,,,/workspace/ubuntu2004_cuda12_1/projects/3dgs_relighting/GS3/runs/full_benchmark_20260913/Synthetic_GS3/Hotdog/test/metrics.json,/workspace/ubuntu2004_cuda12_1/projects/3dgs_relighting/GS3/runs/full_benchmark_20260913/Synthetic_GS3/Hotdog
baseline_comparison,GS3,GS3,Synthetic_GS3,Lego,0,completed,True,400,30.90594033241272,0.956048229187727,0.049541424671187995,,,/workspace/ubuntu2004_cuda12_1/projects/3dgs_relighting/GS3/runs/full_benchmark_20260913/Synthetic_GS3/Lego/test/metrics.json,/workspace/ubuntu2004_cuda12_1/projects/3dgs_relighting/GS3/runs/full_benchmark_20260913/Synthetic_GS3/Lego
baseline_comparison,GS3,GS3,Synthetic_GS3,Translucent,0,completed,True,400,32.75649468421936,0.9752302786707878,0.041664104107767344,,,/workspace/ubuntu2004_cuda12_1/projects/3dgs_relighting/GS3/runs/full_benchmark_20260913/Synthetic_GS3/Translucent/test/metrics.json,/workspace/ubuntu2004_cuda12_1/projects/3dgs_relighting/GS3/runs/full_benchmark_20260913/Synthetic_GS3/Translucent
baseline_comparison,GS3,GS3,Synthetic_SSS-GS,bunny_small,0,completed,True,500,34.41810637283325,0.9797750390768051,0.031906292796134945,,,/workspace/ubuntu2004_cuda12_1/projects/3dgs_relighting/GS3/runs/six_scene_baselines/Synthetic_SSS-GS/bunny_small/test/metrics.json,/workspace/ubuntu2004_cuda12_1/projects/3dgs_relighting/GS3/runs/six_scene_baselines/Synthetic_SSS-GS/bunny_small
baseline_comparison,GS3,GS3,Synthetic_SSS-GS,candle_small,0,completed,True,500,38.74031980514526,0.9884551144838333,0.021661556366831064,,,/workspace/ubuntu2004_cuda12_1/projects/3dgs_relighting/GS3/runs/full_dataset_comparison/Synthetic_SSS-GS/candle_small/test/metrics.json,/workspace/ubuntu2004_cuda12_1/projects/3dgs_relighting/GS3/runs/full_dataset_comparison/Synthetic_SSS-GS/candle_small
baseline_comparison,GS3,GS3,Synthetic_SSS-GS,dragon_small,0,completed,True,500,36.1067657661438,0.9768311425447463,0.0323555568754673,,,/workspace/ubuntu2004_cuda12_1/projects/3dgs_relighting/GS3/runs/six_scene_baselines/Synthetic_SSS-GS/dragon_small/test/metrics.json,/workspace/ubuntu2004_cuda12_1/projects/3dgs_relighting/GS3/runs/six_scene_baselines/Synthetic_SSS-GS/dragon_small
baseline_comparison,GS3,GS3,Synthetic_SSS-GS,soap_small,0,completed,True,500,38.342960807800296,0.9842670515775681,0.02733709473349154,,,/workspace/ubuntu2004_cuda12_1/projects/3dgs_relighting/GS3/runs/full_dataset_comparison/Synthetic_SSS-GS/soap_small/test/metrics.json,/workspace/ubuntu2004_cuda12_1/projects/3dgs_relighting/GS3/runs/full_dataset_comparison/Synthetic_SSS-GS/soap_small
baseline_comparison,GS3,GS3,Synthetic_SSS-GS,statue_small,0,completed,True,500,36.42973213005066,0.9846527292728424,0.025303844191133976,,,/workspace/ubuntu2004_cuda12_1/projects/3dgs_relighting/GS3/runs/supplement_hard_scenes/Synthetic_SSS-GS/statue_small/test/metrics.json,/workspace/ubuntu2004_cuda12_1/projects/3dgs_relighting/GS3/runs/supplement_hard_scenes/Synthetic_SSS-GS/statue_small
baseline_comparison,RNG,RNG,Real_NRHints,Cat,0,completed,True,66,20.989634484955758,0.7731122997674075,0.2865733987454212,,,/workspace/ubuntu2004_cuda12_1/projects/3dgs_relighting/RNG/runs/six_scene_baselines/Real_NRHints/Cat/test/metrics.json,/workspace/ubuntu2004_cuda12_1/projects/3dgs_relighting/RNG/runs/six_scene_baselines/Real_NRHints/Cat
baseline_comparison,RNG,RNG,Real_NRHints,CatSmall,0,completed,True,158,18.73535133313529,0.7922601790367803,0.21148857747829414,,,/workspace/ubuntu2004_cuda12_1/projects/3dgs_relighting/RNG/runs/full_dataset_comparison/Real_NRHints/CatSmall/test/metrics.json,/workspace/ubuntu2004_cuda12_1/projects/3dgs_relighting/RNG/runs/full_dataset_comparison/Real_NRHints/CatSmall
baseline_comparison,RNG,RNG,Real_NRHints,CupFabric,0,completed,True,145,21.406286081774482,0.8468987875971301,0.2002679403485923,,,/workspace/ubuntu2004_cuda12_1/projects/3dgs_relighting/RNG/runs/full_dataset_comparison/Real_NRHints/CupFabric/test/metrics.json,/workspace/ubuntu2004_cuda12_1/projects/3dgs_relighting/RNG/runs/full_dataset_comparison/Real_NRHints/CupFabric
baseline_comparison,RNG,RNG,Real_NRHints,Fish,0,completed,True,66,24.115395545959473,0.8419267219124418,0.18716918067498642,,,/workspace/ubuntu2004_cuda12_1/projects/3dgs_relighting/RNG/runs/full_dataset_comparison/Real_NRHints/Fish/test/metrics.json,/workspace/ubuntu2004_cuda12_1/projects/3dgs_relighting/RNG/runs/full_dataset_comparison/Real_NRHints/Fish
baseline_comparison,RNG,RNG,Real_NRHints,FurScene,0,completed,True,85,24.121375790764304,0.8609147660872516,0.16213691637796515,,,/workspace/ubuntu2004_cuda12_1/projects/3dgs_relighting/RNG/runs/supplement_hard_scenes/Real_NRHints/FurScene/test/metrics.json,/workspace/ubuntu2004_cuda12_1/projects/3dgs_relighting/RNG/runs/supplement_hard_scenes/Real_NRHints/FurScene
baseline_comparison,RNG,RNG,Real_NRHints,Pikachu,0,completed,True,200,17.263707456588744,0.8335587412118912,0.1994879961013794,,,/workspace/ubuntu2004_cuda12_1/projects/3dgs_relighting/RNG/runs/full_dataset_comparison/Real_NRHints/Pikachu/test/metrics.json,/workspace/ubuntu2004_cuda12_1/projects/3dgs_relighting/RNG/runs/full_dataset_comparison/Real_NRHints/Pikachu
baseline_comparison,RNG,RNG,Real_NRHints,Pixiu,0,completed,True,71,19.952370254086777,0.8480110487467806,0.17182691374295195,,,/workspace/ubuntu2004_cuda12_1/projects/3dgs_relighting/RNG/runs/six_scene_baselines/Real_NRHints/Pixiu/test/metrics.json,/workspace/ubuntu2004_cuda12_1/projects/3dgs_relighting/RNG/runs/six_scene_baselines/Real_NRHints/Pixiu
baseline_comparison,RNG,RNG,Synthetic_GS3,AnisoMetal,0,completed,True,400,24.31603032588959,0.9230027590692044,0.07238063880242407,,,/workspace/ubuntu2004_cuda12_1/projects/3dgs_relighting/RNG/runs/six_scene_baselines/Synthetic_GS3/AnisoMetal/test/metrics.json,/workspace/ubuntu2004_cuda12_1/projects/3dgs_relighting/RNG/runs/six_scene_baselines/Synthetic_GS3/AnisoMetal
baseline_comparison,RNG,RNG,Synthetic_GS3,Drums,0,completed,True,400,15.441949875354767,0.8323395778238774,0.23750523053109646,,,/workspace/ubuntu2004_cuda12_1/projects/3dgs_relighting/RNG/runs/supplement_hard_scenes/Synthetic_GS3/Drums/test/metrics.json,/workspace/ubuntu2004_cuda12_1/projects/3dgs_relighting/RNG/runs/supplement_hard_scenes/Synthetic_GS3/Drums
baseline_comparison,RNG,RNG,Synthetic_GS3,FurBall,0,completed,True,400,17.608538570404054,0.8901481030881405,0.16898037310689687,,,/workspace/ubuntu2004_cuda12_1/projects/3dgs_relighting/RNG/runs/full_dataset_comparison/Synthetic_GS3/FurBall/test/metrics.json,/workspace/ubuntu2004_cuda12_1/projects/3dgs_relighting/RNG/runs/full_dataset_comparison/Synthetic_GS3/FurBall
baseline_comparison,RNG,RNG,Synthetic_GS3,Hotdog,0,completed,True,400,29.396545538902284,0.9531041863560676,0.06009752217680216,,,/workspace/ubuntu2004_cuda12_1/projects/3dgs_relighting/RNG/runs/full_dataset_comparison/Synthetic_GS3/Hotdog/test/metrics.json,/workspace/ubuntu2004_cuda12_1/projects/3dgs_relighting/RNG/runs/full_dataset_comparison/Synthetic_GS3/Hotdog
baseline_comparison,RNG,RNG,Synthetic_GS3,Lego,0,completed,True,400,16.78426373243332,0.8093868654966354,0.19985863462090492,,,/workspace/ubuntu2004_cuda12_1/projects/3dgs_relighting/RNG/runs/full_dataset_comparison/Synthetic_GS3/Lego/test/metrics.json,/workspace/ubuntu2004_cuda12_1/projects/3dgs_relighting/RNG/runs/full_dataset_comparison/Synthetic_GS3/Lego
baseline_comparison,RNG,RNG,Synthetic_GS3,Translucent,0,completed,True,400,29.291962032318114,0.9606588904559612,0.05184699402190745,,,/workspace/ubuntu2004_cuda12_1/projects/3dgs_relighting/RNG/runs/six_scene_baselines/Synthetic_GS3/Translucent/test/metrics.json,/workspace/ubuntu2004_cuda12_1/projects/3dgs_relighting/RNG/runs/six_scene_baselines/Synthetic_GS3/Translucent
baseline_comparison,RNG,RNG,Synthetic_SSS-GS,bunny_small,0,completed,True,500,37.86991774559021,0.9878508582115173,0.020179744308814408,,,/workspace/ubuntu2004_cuda12_1/projects/3dgs_relighting/RNG/runs/six_scene_baselines/Synthetic_SSS-GS/bunny_small/test/metrics.json,/workspace/ubuntu2004_cuda12_1/projects/3dgs_relighting/RNG/runs/six_scene_baselines/Synthetic_SSS-GS/bunny_small
baseline_comparison,RNG,RNG,Synthetic_SSS-GS,candle_small,0,completed,True,500,41.913806480407715,0.9942867336273193,0.014548585415817798,,,/workspace/ubuntu2004_cuda12_1/projects/3dgs_relighting/RNG/runs/full_dataset_comparison/Synthetic_SSS-GS/candle_small/test/metrics.json,/workspace/ubuntu2004_cuda12_1/projects/3dgs_relighting/RNG/runs/full_dataset_comparison/Synthetic_SSS-GS/candle_small
baseline_comparison,RNG,RNG,Synthetic_SSS-GS,dragon_small,0,completed,True,500,35.26434089279175,0.9726355069875717,0.04234541257098317,,,/workspace/ubuntu2004_cuda12_1/projects/3dgs_relighting/RNG/runs/six_scene_baselines/Synthetic_SSS-GS/dragon_small/test/metrics.json,/workspace/ubuntu2004_cuda12_1/projects/3dgs_relighting/RNG/runs/six_scene_baselines/Synthetic_SSS-GS/dragon_small
baseline_comparison,RNG,RNG,Synthetic_SSS-GS,soap_small,0,completed,True,500,40.285125156402586,0.9905463627576828,0.012715764389373363,,,/workspace/ubuntu2004_cuda12_1/projects/3dgs_relighting/RNG/runs/full_dataset_comparison/Synthetic_SSS-GS/soap_small/test/metrics.json,/workspace/ubuntu2004_cuda12_1/projects/3dgs_relighting/RNG/runs/full_dataset_comparison/Synthetic_SSS-GS/soap_small
baseline_comparison,RNG,RNG,Synthetic_SSS-GS,statue_small,0,completed,True,500,30.234149629592896,0.9676551331281662,0.047887875236570836,,,/workspace/ubuntu2004_cuda12_1/projects/3dgs_relighting/RNG/runs/supplement_hard_scenes/Synthetic_SSS-GS/statue_small/test/metrics.json,/workspace/ubuntu2004_cuda12_1/projects/3dgs_relighting/RNG/runs/supplement_hard_scenes/Synthetic_SSS-GS/statue_small
baseline_comparison,LiSA-staged,LiSA-staged,Synthetic_GS3,Lego,0,completed,True,400,30.80068196296692,0.9586086572706699,0.04443604055326432,,,/workspace/ubuntu2004_cuda12_1/projects/3dgs_relighting/PORT-GS/runs/lisa_staged_full_dataset_20261004/Synthetic_GS3/Lego/appearance/test/metrics.json,/workspace/ubuntu2004_cuda12_1/projects/3dgs_relighting/PORT-GS/runs/lisa_staged_full_dataset_20261004/Synthetic_GS3/Lego/appearance
baseline_comparison,LiSA-staged,LiSA-staged,Synthetic_GS3,Drums,0,completed,True,400,30.451472096443176,0.9764554658532143,0.03036192969419062,,,/workspace/ubuntu2004_cuda12_1/projects/3dgs_relighting/PORT-GS/runs/lisa_staged_full_dataset_20261004/Synthetic_GS3/Drums/appearance/test/metrics.json,/workspace/ubuntu2004_cuda12_1/projects/3dgs_relighting/PORT-GS/runs/lisa_staged_full_dataset_20261004/Synthetic_GS3/Drums/appearance
baseline_comparison,LiSA-staged,LiSA-staged,Synthetic_GS3,Hotdog,0,completed,True,400,35.21929623126984,0.9799060806632042,0.028631162056699397,,,/workspace/ubuntu2004_cuda12_1/projects/3dgs_relighting/PORT-GS/runs/lisa_staged_full_dataset_20261004/Synthetic_GS3/Hotdog/appearance/test/metrics.json,/workspace/ubuntu2004_cuda12_1/projects/3dgs_relighting/PORT-GS/runs/lisa_staged_full_dataset_20261004/Synthetic_GS3/Hotdog/appearance
baseline_comparison,LiSA-staged,LiSA-staged,Synthetic_GS3,AnisoMetal,0,completed,True,400,27.148405995368957,0.9560596506297588,0.04044522687792778,,,/workspace/ubuntu2004_cuda12_1/projects/3dgs_relighting/PORT-GS/runs/lisa_staged_full_dataset_20261004/Synthetic_GS3/AnisoMetal/appearance/test/metrics.json,/workspace/ubuntu2004_cuda12_1/projects/3dgs_relighting/PORT-GS/runs/lisa_staged_full_dataset_20261004/Synthetic_GS3/AnisoMetal/appearance
baseline_comparison,LiSA-staged,LiSA-staged,Synthetic_GS3,FurBall,0,completed,True,400,36.112702741622925,0.9709053458273411,0.05428742109797895,,,/workspace/ubuntu2004_cuda12_1/projects/3dgs_relighting/PORT-GS/runs/lisa_staged_full_dataset_20261004/Synthetic_GS3/FurBall/appearance/test/metrics.json,/workspace/ubuntu2004_cuda12_1/projects/3dgs_relighting/PORT-GS/runs/lisa_staged_full_dataset_20261004/Synthetic_GS3/FurBall/appearance
baseline_comparison,LiSA-staged,LiSA-staged,Synthetic_GS3,Translucent,0,completed,True,400,34.66810043334961,0.9805627129971981,0.031240236212033777,,,/workspace/ubuntu2004_cuda12_1/projects/3dgs_relighting/PORT-GS/runs/lisa_staged_full_dataset_20261004/Synthetic_GS3/Translucent/appearance/test/metrics.json,/workspace/ubuntu2004_cuda12_1/projects/3dgs_relighting/PORT-GS/runs/lisa_staged_full_dataset_20261004/Synthetic_GS3/Translucent/appearance
baseline_comparison,LiSA-staged,LiSA-staged,Real_NRHints,Cat,0,completed,True,66,25.328759309017297,0.8207732809312416,0.17066671654130472,,,/workspace/ubuntu2004_cuda12_1/projects/3dgs_relighting/PORT-GS/runs/lisa_staged_full_dataset_20261004/Real_NRHints/Cat/appearance/test/metrics.json,/workspace/ubuntu2004_cuda12_1/projects/3dgs_relighting/PORT-GS/runs/lisa_staged_full_dataset_20261004/Real_NRHints/Cat/appearance
baseline_comparison,LiSA-staged,LiSA-staged,Real_NRHints,CatSmall,0,completed,True,158,33.01693434654912,0.9609867277779157,0.08157715689438054,,,/workspace/ubuntu2004_cuda12_1/projects/3dgs_relighting/PORT-GS/runs/lisa_staged_full_dataset_20261004/Real_NRHints/CatSmall/appearance/test/metrics.json,/workspace/ubuntu2004_cuda12_1/projects/3dgs_relighting/PORT-GS/runs/lisa_staged_full_dataset_20261004/Real_NRHints/CatSmall/appearance
baseline_comparison,LiSA-staged,LiSA-staged,Real_NRHints,CupFabric,0,completed,True,145,35.30714999231799,0.9759266849221855,0.058730702590325784,,,/workspace/ubuntu2004_cuda12_1/projects/3dgs_relighting/PORT-GS/runs/lisa_staged_full_dataset_20261004/Real_NRHints/CupFabric/appearance/test/metrics.json,/workspace/ubuntu2004_cuda12_1/projects/3dgs_relighting/PORT-GS/runs/lisa_staged_full_dataset_20261004/Real_NRHints/CupFabric/appearance
baseline_comparison,LiSA-staged,LiSA-staged,Real_NRHints,Fish,0,completed,True,66,28.96661593697288,0.8958259315201731,0.1105335188860243,,,/workspace/ubuntu2004_cuda12_1/projects/3dgs_relighting/PORT-GS/runs/lisa_staged_full_dataset_20261004/Real_NRHints/Fish/appearance/test/metrics.json,/workspace/ubuntu2004_cuda12_1/projects/3dgs_relighting/PORT-GS/runs/lisa_staged_full_dataset_20261004/Real_NRHints/Fish/appearance
baseline_comparison,LiSA-staged,LiSA-staged,Real_NRHints,FurScene,0,completed,True,85,24.474096814323875,0.8637560066054849,0.11946962037507225,,,/workspace/ubuntu2004_cuda12_1/projects/3dgs_relighting/PORT-GS/runs/lisa_staged_full_dataset_20261004/Real_NRHints/FurScene/appearance/test/metrics.json,/workspace/ubuntu2004_cuda12_1/projects/3dgs_relighting/PORT-GS/runs/lisa_staged_full_dataset_20261004/Real_NRHints/FurScene/appearance
baseline_comparison,LiSA-staged,LiSA-staged,Real_NRHints,Pikachu,0,completed,True,200,31.648550939559936,0.9670677816867829,0.055567427277565,,,/workspace/ubuntu2004_cuda12_1/projects/3dgs_relighting/PORT-GS/runs/lisa_staged_full_dataset_20261004/Real_NRHints/Pikachu/appearance/test/metrics.json,/workspace/ubuntu2004_cuda12_1/projects/3dgs_relighting/PORT-GS/runs/lisa_staged_full_dataset_20261004/Real_NRHints/Pikachu/appearance
baseline_comparison,LiSA-staged,LiSA-staged,Real_NRHints,Pixiu,0,completed,True,71,26.202849992564026,0.8813556718154693,0.10694687608891809,,,/workspace/ubuntu2004_cuda12_1/projects/3dgs_relighting/PORT-GS/runs/lisa_staged_full_dataset_20261004/Real_NRHints/Pixiu/appearance/test/metrics.json,/workspace/ubuntu2004_cuda12_1/projects/3dgs_relighting/PORT-GS/runs/lisa_staged_full_dataset_20261004/Real_NRHints/Pixiu/appearance
baseline_comparison,LiSA-staged,LiSA-staged,Synthetic_SSS-GS,bunny_small,0,completed,True,500,39.85741077041626,0.9896387219429016,0.01608280799165368,,,/workspace/ubuntu2004_cuda12_1/projects/3dgs_relighting/PORT-GS/runs/lisa_staged_full_dataset_20261004/Synthetic_SSS-GS/bunny_small/appearance/test/metrics.json,/workspace/ubuntu2004_cuda12_1/projects/3dgs_relighting/PORT-GS/runs/lisa_staged_full_dataset_20261004/Synthetic_SSS-GS/bunny_small/appearance
baseline_comparison,LiSA-staged,LiSA-staged,Synthetic_SSS-GS,candle_small,0,completed,True,500,45.19560298156738,0.9959647023677826,0.0075390766356140376,,,/workspace/ubuntu2004_cuda12_1/projects/3dgs_relighting/PORT-GS/runs/lisa_staged_full_dataset_20261004/Synthetic_SSS-GS/candle_small/appearance/test/metrics.json,/workspace/ubuntu2004_cuda12_1/projects/3dgs_relighting/PORT-GS/runs/lisa_staged_full_dataset_20261004/Synthetic_SSS-GS/candle_small/appearance
baseline_comparison,LiSA-staged,LiSA-staged,Synthetic_SSS-GS,dragon_small,0,completed,True,500,37.37829332733154,0.9811799812316895,0.026198354510590435,,,/workspace/ubuntu2004_cuda12_1/projects/3dgs_relighting/PORT-GS/runs/lisa_staged_full_dataset_20261004/Synthetic_SSS-GS/dragon_small/appearance/test/metrics.json,/workspace/ubuntu2004_cuda12_1/projects/3dgs_relighting/PORT-GS/runs/lisa_staged_full_dataset_20261004/Synthetic_SSS-GS/dragon_small/appearance
baseline_comparison,LiSA-staged,LiSA-staged,Synthetic_SSS-GS,soap_small,0,completed,True,500,40.90556867980957,0.9915942479372024,0.012247943711467087,,,/workspace/ubuntu2004_cuda12_1/projects/3dgs_relighting/PORT-GS/runs/lisa_staged_full_dataset_20261004/Synthetic_SSS-GS/soap_small/appearance/test/metrics.json,/workspace/ubuntu2004_cuda12_1/projects/3dgs_relighting/PORT-GS/runs/lisa_staged_full_dataset_20261004/Synthetic_SSS-GS/soap_small/appearance
baseline_comparison,LiSA-staged,LiSA-staged,Synthetic_SSS-GS,statue_small,0,completed,True,500,39.817317350387576,0.9891859586238861,0.019576579778455196,,,/workspace/ubuntu2004_cuda12_1/projects/3dgs_relighting/PORT-GS/runs/lisa_staged_full_dataset_20261004/Synthetic_SSS-GS/statue_small/appearance/test/metrics.json,/workspace/ubuntu2004_cuda12_1/projects/3dgs_relighting/PORT-GS/runs/lisa_staged_full_dataset_20261004/Synthetic_SSS-GS/statue_small/appearance
baseline_comparison,OLAT-Gaussians,OLAT-Gaussians,Real_NRHints,Cat,0,completed,True,66,22.431342096039742,0.7683883760914658,0.2061546304912278,,,/workspace/ubuntu2004_cuda12_1/projects/3dgs_relighting/OLAT-Gaussians/runs/full_dataset/Real_NRHints/Cat/test/metrics.json,/workspace/ubuntu2004_cuda12_1/projects/3dgs_relighting/OLAT-Gaussians/runs/full_dataset/Real_NRHints/Cat
baseline_comparison,OLAT-Gaussians,OLAT-Gaussians,Real_NRHints,CatSmall,0,completed,True,158,31.578438758850098,0.9491939197612714,0.08085248256220093,,,/workspace/ubuntu2004_cuda12_1/projects/3dgs_relighting/OLAT-Gaussians/runs/full_dataset/Real_NRHints/CatSmall/test/metrics.json,/workspace/ubuntu2004_cuda12_1/projects/3dgs_relighting/OLAT-Gaussians/runs/full_dataset/Real_NRHints/CatSmall
baseline_comparison,OLAT-Gaussians,OLAT-Gaussians,Real_NRHints,CupFabric,0,completed,True,145,36.40382921942349,0.9794912021735619,0.04912180638518827,,,/workspace/ubuntu2004_cuda12_1/projects/3dgs_relighting/OLAT-Gaussians/runs/full_dataset/Real_NRHints/CupFabric/test/metrics.json,/workspace/ubuntu2004_cuda12_1/projects/3dgs_relighting/OLAT-Gaussians/runs/full_dataset/Real_NRHints/CupFabric
baseline_comparison,OLAT-Gaussians,OLAT-Gaussians,Real_NRHints,Fish,0,completed,True,66,23.847907095244437,0.8339273550293662,0.15318683929967158,,,/workspace/ubuntu2004_cuda12_1/projects/3dgs_relighting/OLAT-Gaussians/runs/full_dataset/Real_NRHints/Fish/test/metrics.json,/workspace/ubuntu2004_cuda12_1/projects/3dgs_relighting/OLAT-Gaussians/runs/full_dataset/Real_NRHints/Fish
baseline_comparison,OLAT-Gaussians,OLAT-Gaussians,Real_NRHints,FurScene,0,completed,True,85,24.76913189607508,0.8684818976065691,0.11326339297434863,,,/workspace/ubuntu2004_cuda12_1/projects/3dgs_relighting/OLAT-Gaussians/runs/full_dataset/Real_NRHints/FurScene/test/metrics.json,/workspace/ubuntu2004_cuda12_1/projects/3dgs_relighting/OLAT-Gaussians/runs/full_dataset/Real_NRHints/FurScene
baseline_comparison,OLAT-Gaussians,OLAT-Gaussians,Real_NRHints,Pikachu,0,completed,True,200,31.06388726234436,0.9622929856181145,0.05477828236296773,,,/workspace/ubuntu2004_cuda12_1/projects/3dgs_relighting/OLAT-Gaussians/runs/full_dataset/Real_NRHints/Pikachu/test/metrics.json,/workspace/ubuntu2004_cuda12_1/projects/3dgs_relighting/OLAT-Gaussians/runs/full_dataset/Real_NRHints/Pikachu
baseline_comparison,OLAT-Gaussians,OLAT-Gaussians,Real_NRHints,Pixiu,0,completed,True,71,20.7032805429378,0.8412135134280567,0.14320676333047974,,,/workspace/ubuntu2004_cuda12_1/projects/3dgs_relighting/OLAT-Gaussians/runs/full_dataset/Real_NRHints/Pixiu/test/metrics.json,/workspace/ubuntu2004_cuda12_1/projects/3dgs_relighting/OLAT-Gaussians/runs/full_dataset/Real_NRHints/Pixiu
baseline_comparison,OLAT-Gaussians,OLAT-Gaussians,Synthetic_GS3,Lego,0,completed,True,400,20.266130599975586,0.8515716993808746,0.19191234484314917,,,/workspace/ubuntu2004_cuda12_1/projects/3dgs_relighting/OLAT-Gaussians/runs/full_dataset/Synthetic_GS3/Lego/test/metrics.json,/workspace/ubuntu2004_cuda12_1/projects/3dgs_relighting/OLAT-Gaussians/runs/full_dataset/Synthetic_GS3/Lego
baseline_comparison,OLAT-Gaussians,OLAT-Gaussians,Synthetic_GS3,Hotdog,0,completed,True,400,29.674530234336853,0.9656982515752316,0.04584025395102799,,,/workspace/ubuntu2004_cuda12_1/projects/3dgs_relighting/OLAT-Gaussians/runs/full_dataset/Synthetic_GS3/Hotdog/test/metrics.json,/workspace/ubuntu2004_cuda12_1/projects/3dgs_relighting/OLAT-Gaussians/runs/full_dataset/Synthetic_GS3/Hotdog
baseline_comparison,OLAT-Gaussians,OLAT-Gaussians,Synthetic_GS3,Drums,0,completed,True,400,20.639464116096498,0.921675608754158,0.09626525336876511,,,/workspace/ubuntu2004_cuda12_1/projects/3dgs_relighting/OLAT-Gaussians/runs/full_dataset/Synthetic_GS3/Drums/test/metrics.json,/workspace/ubuntu2004_cuda12_1/projects/3dgs_relighting/OLAT-Gaussians/runs/full_dataset/Synthetic_GS3/Drums
baseline_comparison,OLAT-Gaussians,OLAT-Gaussians,Synthetic_GS3,AnisoMetal,0,completed,True,400,27.505524821281433,0.9614747370779514,0.03925461496692151,,,/workspace/ubuntu2004_cuda12_1/projects/3dgs_relighting/OLAT-Gaussians/runs/full_dataset/Synthetic_GS3/AnisoMetal/test/metrics.json,/workspace/ubuntu2004_cuda12_1/projects/3dgs_relighting/OLAT-Gaussians/runs/full_dataset/Synthetic_GS3/AnisoMetal
baseline_comparison,OLAT-Gaussians,OLAT-Gaussians,Synthetic_GS3,FurBall,0,completed,True,400,35.56392716884613,0.9681617899239063,0.06168253839015961,,,/workspace/ubuntu2004_cuda12_1/projects/3dgs_relighting/OLAT-Gaussians/runs/full_dataset/Synthetic_GS3/FurBall/test/metrics.json,/workspace/ubuntu2004_cuda12_1/projects/3dgs_relighting/OLAT-Gaussians/runs/full_dataset/Synthetic_GS3/FurBall
baseline_comparison,OLAT-Gaussians,OLAT-Gaussians,Synthetic_GS3,Translucent,0,completed,True,400,29.028203806877137,0.9709994791448117,0.04093475945759564,,,/workspace/ubuntu2004_cuda12_1/projects/3dgs_relighting/OLAT-Gaussians/runs/full_dataset/Synthetic_GS3/Translucent/test/metrics.json,/workspace/ubuntu2004_cuda12_1/projects/3dgs_relighting/OLAT-Gaussians/runs/full_dataset/Synthetic_GS3/Translucent
baseline_comparison,OLAT-Gaussians,OLAT-Gaussians,Synthetic_SSS-GS,bunny_small,0,completed,True,500,40.42679377555847,0.9913663665056228,0.01573082479229197,,,/workspace/ubuntu2004_cuda12_1/projects/3dgs_relighting/OLAT-Gaussians/runs/full_dataset/Synthetic_SSS-GS/bunny_small/test/metrics.json,/workspace/ubuntu2004_cuda12_1/projects/3dgs_relighting/OLAT-Gaussians/runs/full_dataset/Synthetic_SSS-GS/bunny_small
baseline_comparison,OLAT-Gaussians,OLAT-Gaussians,Synthetic_SSS-GS,candle_small,0,completed,True,500,45.080512107849124,0.9966069402694702,0.0075885872947983445,,,/workspace/ubuntu2004_cuda12_1/projects/3dgs_relighting/OLAT-Gaussians/runs/full_dataset/Synthetic_SSS-GS/candle_small/test/metrics.json,/workspace/ubuntu2004_cuda12_1/projects/3dgs_relighting/OLAT-Gaussians/runs/full_dataset/Synthetic_SSS-GS/candle_small
baseline_comparison,OLAT-Gaussians,OLAT-Gaussians,Synthetic_SSS-GS,dragon_small,0,completed,True,500,37.7877374458313,0.9824782725572586,0.02584668427798897,,,/workspace/ubuntu2004_cuda12_1/projects/3dgs_relighting/OLAT-Gaussians/runs/full_dataset/Synthetic_SSS-GS/dragon_small/test/metrics.json,/workspace/ubuntu2004_cuda12_1/projects/3dgs_relighting/OLAT-Gaussians/runs/full_dataset/Synthetic_SSS-GS/dragon_small
baseline_comparison,OLAT-Gaussians,OLAT-Gaussians,Synthetic_SSS-GS,soap_small,0,completed,True,500,41.41990858078003,0.9924493111371994,0.010896272754529491,,,/workspace/ubuntu2004_cuda12_1/projects/3dgs_relighting/OLAT-Gaussians/runs/full_dataset/Synthetic_SSS-GS/soap_small/test/metrics.json,/workspace/ubuntu2004_cuda12_1/projects/3dgs_relighting/OLAT-Gaussians/runs/full_dataset/Synthetic_SSS-GS/soap_small
baseline_comparison,OLAT-Gaussians,OLAT-Gaussians,Synthetic_SSS-GS,statue_small,0,completed,True,500,38.99332734870911,0.9890412973165512,0.02227552820881829,,,/workspace/ubuntu2004_cuda12_1/projects/3dgs_relighting/OLAT-Gaussians/runs/full_dataset/Synthetic_SSS-GS/statue_small/test/metrics.json,/workspace/ubuntu2004_cuda12_1/projects/3dgs_relighting/OLAT-Gaussians/runs/full_dataset/Synthetic_SSS-GS/statue_small
structure_ablation,full,LiSA-staged,Synthetic_GS3,Drums,0,completed,True,400,30.451472096443176,0.9764554658532143,0.03036192969419062,,,/workspace/ubuntu2004_cuda12_1/projects/3dgs_relighting/PORT-GS/runs/lisa_staged_full_dataset_20261004/Synthetic_GS3/Drums/appearance/test/metrics.json,/workspace/ubuntu2004_cuda12_1/projects/3dgs_relighting/PORT-GS/runs/lisa_staged_full_dataset_20261004/Synthetic_GS3/Drums/appearance
repeatability,full,LiSA-staged,Synthetic_GS3,Drums,0,completed,True,400,30.451472096443176,0.9764554658532143,0.03036192969419062,,,/workspace/ubuntu2004_cuda12_1/projects/3dgs_relighting/PORT-GS/runs/lisa_staged_full_dataset_20261004/Synthetic_GS3/Drums/appearance/test/metrics.json,/workspace/ubuntu2004_cuda12_1/projects/3dgs_relighting/PORT-GS/runs/lisa_staged_full_dataset_20261004/Synthetic_GS3/Drums/appearance
structure_ablation,full,LiSA-staged,Synthetic_GS3,AnisoMetal,0,completed,True,400,27.148405995368957,0.9560596506297588,0.04044522687792778,,,/workspace/ubuntu2004_cuda12_1/projects/3dgs_relighting/PORT-GS/runs/lisa_staged_full_dataset_20261004/Synthetic_GS3/AnisoMetal/appearance/test/metrics.json,/workspace/ubuntu2004_cuda12_1/projects/3dgs_relighting/PORT-GS/runs/lisa_staged_full_dataset_20261004/Synthetic_GS3/AnisoMetal/appearance
repeatability,full,LiSA-staged,Synthetic_GS3,AnisoMetal,0,completed,True,400,27.148405995368957,0.9560596506297588,0.04044522687792778,,,/workspace/ubuntu2004_cuda12_1/projects/3dgs_relighting/PORT-GS/runs/lisa_staged_full_dataset_20261004/Synthetic_GS3/AnisoMetal/appearance/test/metrics.json,/workspace/ubuntu2004_cuda12_1/projects/3dgs_relighting/PORT-GS/runs/lisa_staged_full_dataset_20261004/Synthetic_GS3/AnisoMetal/appearance
structure_ablation,full,LiSA-staged,Synthetic_GS3,Translucent,0,completed,True,400,34.66810043334961,0.9805627129971981,0.031240236212033777,,,/workspace/ubuntu2004_cuda12_1/projects/3dgs_relighting/PORT-GS/runs/lisa_staged_full_dataset_20261004/Synthetic_GS3/Translucent/appearance/test/metrics.json,/workspace/ubuntu2004_cuda12_1/projects/3dgs_relighting/PORT-GS/runs/lisa_staged_full_dataset_20261004/Synthetic_GS3/Translucent/appearance
repeatability,full,LiSA-staged,Synthetic_GS3,Translucent,0,completed,True,400,34.66810043334961,0.9805627129971981,0.031240236212033777,,,/workspace/ubuntu2004_cuda12_1/projects/3dgs_relighting/PORT-GS/runs/lisa_staged_full_dataset_20261004/Synthetic_GS3/Translucent/appearance/test/metrics.json,/workspace/ubuntu2004_cuda12_1/projects/3dgs_relighting/PORT-GS/runs/lisa_staged_full_dataset_20261004/Synthetic_GS3/Translucent/appearance
structure_ablation,full,LiSA-staged,Real_NRHints,FurScene,0,completed,True,85,24.474096814323875,0.8637560066054849,0.11946962037507225,,,/workspace/ubuntu2004_cuda12_1/projects/3dgs_relighting/PORT-GS/runs/lisa_staged_full_dataset_20261004/Real_NRHints/FurScene/appearance/test/metrics.json,/workspace/ubuntu2004_cuda12_1/projects/3dgs_relighting/PORT-GS/runs/lisa_staged_full_dataset_20261004/Real_NRHints/FurScene/appearance
repeatability,full,LiSA-staged,Real_NRHints,FurScene,0,completed,True,85,24.474096814323875,0.8637560066054849,0.11946962037507225,,,/workspace/ubuntu2004_cuda12_1/projects/3dgs_relighting/PORT-GS/runs/lisa_staged_full_dataset_20261004/Real_NRHints/FurScene/appearance/test/metrics.json,/workspace/ubuntu2004_cuda12_1/projects/3dgs_relighting/PORT-GS/runs/lisa_staged_full_dataset_20261004/Real_NRHints/FurScene/appearance
structure_ablation,full,LiSA-staged,Synthetic_SSS-GS,soap_small,0,completed,True,500,40.90556867980957,0.9915942479372024,0.012247943711467087,,,/workspace/ubuntu2004_cuda12_1/projects/3dgs_relighting/PORT-GS/runs/lisa_staged_full_dataset_20261004/Synthetic_SSS-GS/soap_small/appearance/test/metrics.json,/workspace/ubuntu2004_cuda12_1/projects/3dgs_relighting/PORT-GS/runs/lisa_staged_full_dataset_20261004/Synthetic_SSS-GS/soap_small/appearance
repeatability,full,LiSA-staged,Synthetic_SSS-GS,soap_small,0,completed,True,500,40.90556867980957,0.9915942479372024,0.012247943711467087,,,/workspace/ubuntu2004_cuda12_1/projects/3dgs_relighting/PORT-GS/runs/lisa_staged_full_dataset_20261004/Synthetic_SSS-GS/soap_small/appearance/test/metrics.json,/workspace/ubuntu2004_cuda12_1/projects/3dgs_relighting/PORT-GS/runs/lisa_staged_full_dataset_20261004/Synthetic_SSS-GS/soap_small/appearance
refinement,pixel_observation,LiSA-staged,Synthetic_GS3,Lego,0,completed,True,400,30.80068196296692,0.9586086572706699,0.04443604055326432,,,/workspace/ubuntu2004_cuda12_1/projects/3dgs_relighting/PORT-GS/runs/lisa_staged_full_dataset_20261004/Synthetic_GS3/Lego/appearance/test/metrics.json,/workspace/ubuntu2004_cuda12_1/projects/3dgs_relighting/PORT-GS/runs/lisa_staged_full_dataset_20261004/Synthetic_GS3/Lego/appearance
refinement,pixel_observation,LiSA-staged,Synthetic_GS3,Drums,0,completed,True,400,30.451472096443176,0.9764554658532143,0.03036192969419062,,,/workspace/ubuntu2004_cuda12_1/projects/3dgs_relighting/PORT-GS/runs/lisa_staged_full_dataset_20261004/Synthetic_GS3/Drums/appearance/test/metrics.json,/workspace/ubuntu2004_cuda12_1/projects/3dgs_relighting/PORT-GS/runs/lisa_staged_full_dataset_20261004/Synthetic_GS3/Drums/appearance
refinement,pixel_observation,LiSA-staged,Synthetic_SSS-GS,soap_small,0,completed,True,500,40.90556867980957,0.9915942479372024,0.012247943711467087,,,/workspace/ubuntu2004_cuda12_1/projects/3dgs_relighting/PORT-GS/runs/lisa_staged_full_dataset_20261004/Synthetic_SSS-GS/soap_small/appearance/test/metrics.json,/workspace/ubuntu2004_cuda12_1/projects/3dgs_relighting/PORT-GS/runs/lisa_staged_full_dataset_20261004/Synthetic_SSS-GS/soap_small/appearance
repeatability,no_transfer,LiSA-staged,Synthetic_GS3,Drums,0,completed,True,400,30.326613550186156,0.9759476490318775,0.030797600406222047,1394.21231,dedicated,/workspace/ubuntu2004_cuda12_1/projects/3dgs_relighting/PORT-GS/runs/lisa_supplementary_experiments/structure_ablation/no_transfer/Synthetic_GS3/Drums/appearance/test/metrics.json,/workspace/ubuntu2004_cuda12_1/projects/3dgs_relighting/PORT-GS/runs/lisa_supplementary_experiments/structure_ablation/no_transfer/Synthetic_GS3/Drums/appearance
repeatability,no_transfer,LiSA-staged,Synthetic_GS3,AnisoMetal,0,completed,True,400,25.683219366073608,0.94097177952528,0.05827573584392667,1410.831244,dedicated,/workspace/ubuntu2004_cuda12_1/projects/3dgs_relighting/PORT-GS/runs/lisa_supplementary_experiments/structure_ablation/no_transfer/Synthetic_GS3/AnisoMetal/appearance/test/metrics.json,/workspace/ubuntu2004_cuda12_1/projects/3dgs_relighting/PORT-GS/runs/lisa_supplementary_experiments/structure_ablation/no_transfer/Synthetic_GS3/AnisoMetal/appearance
repeatability,no_transfer,LiSA-staged,Synthetic_GS3,Translucent,0,completed,True,400,32.12999747276306,0.9736951300501824,0.0409202016890049,1300.87178,dedicated,/workspace/ubuntu2004_cuda12_1/projects/3dgs_relighting/PORT-GS/runs/lisa_supplementary_experiments/structure_ablation/no_transfer/Synthetic_GS3/Translucent/appearance/test/metrics.json,/workspace/ubuntu2004_cuda12_1/projects/3dgs_relighting/PORT-GS/runs/lisa_supplementary_experiments/structure_ablation/no_transfer/Synthetic_GS3/Translucent/appearance
repeatability,no_transfer,LiSA-staged,Real_NRHints,FurScene,0,completed,True,85,24.419719875560087,0.8613962804569918,0.121092927543556,1141.110708,dedicated,/workspace/ubuntu2004_cuda12_1/projects/3dgs_relighting/PORT-GS/runs/lisa_supplementary_experiments/structure_ablation/no_transfer/Real_NRHints/FurScene/appearance/test/metrics.json,/workspace/ubuntu2004_cuda12_1/projects/3dgs_relighting/PORT-GS/runs/lisa_supplementary_experiments/structure_ablation/no_transfer/Real_NRHints/FurScene/appearance
repeatability,no_transfer,LiSA-staged,Synthetic_SSS-GS,soap_small,0,completed,True,500,37.64437585067749,0.9856330976486206,0.02538177657406777,984.723585,dedicated,/workspace/ubuntu2004_cuda12_1/projects/3dgs_relighting/PORT-GS/runs/lisa_supplementary_experiments/structure_ablation/no_transfer/Synthetic_SSS-GS/soap_small/appearance/test/metrics.json,/workspace/ubuntu2004_cuda12_1/projects/3dgs_relighting/PORT-GS/runs/lisa_supplementary_experiments/structure_ablation/no_transfer/Synthetic_SSS-GS/soap_small/appearance
repeatability,local_residual,LiSA-staged,Synthetic_GS3,Drums,0,completed,True,400,30.562707901000977,0.976869984716177,0.029911448918282985,1510.4455389999998,dedicated,/workspace/ubuntu2004_cuda12_1/projects/3dgs_relighting/PORT-GS/runs/lisa_supplementary_experiments/structure_ablation/local_residual/Synthetic_GS3/Drums/appearance/test/metrics.json,/workspace/ubuntu2004_cuda12_1/projects/3dgs_relighting/PORT-GS/runs/lisa_supplementary_experiments/structure_ablation/local_residual/Synthetic_GS3/Drums/appearance
repeatability,local_residual,LiSA-staged,Synthetic_GS3,AnisoMetal,0,completed,True,400,27.402796354293823,0.9581562241911888,0.03998324886895716,1600.0012239999999,dedicated,/workspace/ubuntu2004_cuda12_1/projects/3dgs_relighting/PORT-GS/runs/lisa_supplementary_experiments/structure_ablation/local_residual/Synthetic_GS3/AnisoMetal/appearance/test/metrics.json,/workspace/ubuntu2004_cuda12_1/projects/3dgs_relighting/PORT-GS/runs/lisa_supplementary_experiments/structure_ablation/local_residual/Synthetic_GS3/AnisoMetal/appearance
repeatability,local_residual,LiSA-staged,Synthetic_GS3,Translucent,0,completed,True,400,34.03210502624512,0.9801273447275162,0.03145122373942286,1419.22247,dedicated,/workspace/ubuntu2004_cuda12_1/projects/3dgs_relighting/PORT-GS/runs/lisa_supplementary_experiments/structure_ablation/local_residual/Synthetic_GS3/Translucent/appearance/test/metrics.json,/workspace/ubuntu2004_cuda12_1/projects/3dgs_relighting/PORT-GS/runs/lisa_supplementary_experiments/structure_ablation/local_residual/Synthetic_GS3/Translucent/appearance
repeatability,local_residual,LiSA-staged,Real_NRHints,FurScene,0,completed,True,85,24.447109514124254,0.863970539149116,0.11946897953748703,1189.1524880000002,dedicated,/workspace/ubuntu2004_cuda12_1/projects/3dgs_relighting/PORT-GS/runs/lisa_supplementary_experiments/structure_ablation/local_residual/Real_NRHints/FurScene/appearance/test/metrics.json,/workspace/ubuntu2004_cuda12_1/projects/3dgs_relighting/PORT-GS/runs/lisa_supplementary_experiments/structure_ablation/local_residual/Real_NRHints/FurScene/appearance
repeatability,local_residual,LiSA-staged,Synthetic_SSS-GS,soap_small,0,completed,True,500,41.1177525062561,0.9916953296661377,0.011664351892191917,996.138329,dedicated,/workspace/ubuntu2004_cuda12_1/projects/3dgs_relighting/PORT-GS/runs/lisa_supplementary_experiments/structure_ablation/local_residual/Synthetic_SSS-GS/soap_small/appearance/test/metrics.json,/workspace/ubuntu2004_cuda12_1/projects/3dgs_relighting/PORT-GS/runs/lisa_supplementary_experiments/structure_ablation/local_residual/Synthetic_SSS-GS/soap_small/appearance
training_efficiency,LiSA-staged,LiSA-staged,Synthetic_GS3,Drums,1,completed,True,400,30.49953211784363,0.976367864459753,0.030378098213113845,1544.68086,dedicated,/workspace/ubuntu2004_cuda12_1/projects/3dgs_relighting/PORT-GS/runs/lisa_supplementary_experiments/repeatability/full_seed1/Synthetic_GS3/Drums/appearance/test/metrics.json,/workspace/ubuntu2004_cuda12_1/projects/3dgs_relighting/PORT-GS/runs/lisa_supplementary_experiments/repeatability/full_seed1/Synthetic_GS3/Drums/appearance
training_efficiency,LiSA-staged,LiSA-staged,Real_NRHints,FurScene,1,completed,True,85,24.477750576243682,0.8627771566895878,0.11948846227982465,1192.590893,dedicated,/workspace/ubuntu2004_cuda12_1/projects/3dgs_relighting/PORT-GS/runs/lisa_supplementary_experiments/repeatability/full_seed1/Real_NRHints/FurScene/appearance/test/metrics.json,/workspace/ubuntu2004_cuda12_1/projects/3dgs_relighting/PORT-GS/runs/lisa_supplementary_experiments/repeatability/full_seed1/Real_NRHints/FurScene/appearance
training_efficiency,LiSA-staged,LiSA-staged,Synthetic_SSS-GS,soap_small,1,completed,True,500,40.80979262924194,0.9917312016487122,0.012077057124581188,1002.7721839999999,dedicated,/workspace/ubuntu2004_cuda12_1/projects/3dgs_relighting/PORT-GS/runs/lisa_supplementary_experiments/repeatability/full_seed1/Synthetic_SSS-GS/soap_small/appearance/test/metrics.json,/workspace/ubuntu2004_cuda12_1/projects/3dgs_relighting/PORT-GS/runs/lisa_supplementary_experiments/repeatability/full_seed1/Synthetic_SSS-GS/soap_small/appearance
