/workspace/ubuntu2004_cuda12_1/projects/3dgs_relighting/PORT-GS/third_party/stablenormal_env/lib/python3.10/site-packages/transformers/utils/generic.py:441: FutureWarning: `torch.utils._pytree._register_pytree_node` is deprecated. Please use `torch.utils._pytree.register_pytree_node` instead.
  _torch_pytree._register_pytree_node(
/workspace/ubuntu2004_cuda12_1/projects/3dgs_relighting/PORT-GS/third_party/stablenormal_env/lib/python3.10/site-packages/transformers/utils/generic.py:309: FutureWarning: `torch.utils._pytree._register_pytree_node` is deprecated. Please use `torch.utils._pytree.register_pytree_node` instead.
  _torch_pytree._register_pytree_node(
/workspace/ubuntu2004_cuda12_1/projects/3dgs_relighting/PORT-GS/third_party/stablenormal_env/lib/python3.10/site-packages/transformers/utils/generic.py:309: FutureWarning: `torch.utils._pytree._register_pytree_node` is deprecated. Please use `torch.utils._pytree.register_pytree_node` instead.
  _torch_pytree._register_pytree_node(
Keyword arguments {'trust_remote_code': True} are not expected by YOSONormalsPipeline and will be ignored.

Loading pipeline components...:   0%|          | 0/6 [00:00<?, ?it/s]The config attributes {'shift_factor': None, 'use_post_quant_conv': True, 'use_quant_conv': True} were passed to AutoencoderKL, but are not expected and will be ignored. Please verify your config.json configuration file.

Loading pipeline components...:  50%|█████     | 3/6 [00:00<00:00, 28.98it/s]
Loading pipeline components...: 100%|██████████| 6/6 [00:00<00:00, 11.36it/s]
Loading pipeline components...: 100%|██████████| 6/6 [00:00<00:00, 12.50it/s]
You have disabled the safety checker for <class 'stablenormal.pipeline_yoso_normal.YOSONormalsPipeline'> by passing `safety_checker=None`. Ensure that you abide to the conditions of the Stable Diffusion license and do not expose unfiltered results in services or applications open to the public. Both the diffusers team and Hugging Face strongly recommend to keep the safety filter enabled in all public facing circumstances, disabling it only for use-cases that involve analyzing network behavior or auditing its results. For more information, please have a look at https://github.com/huggingface/diffusers/pull/254 .
Keyword arguments {'trust_remote_code': True} are not expected by StableNormalPipeline and will be ignored.

Loading pipeline components...:   0%|          | 0/6 [00:00<?, ?it/s]
Loading pipeline components...:  33%|███▎      | 2/6 [00:00<00:00, 19.00it/s]
Loading pipeline components...:  67%|██████▋   | 4/6 [00:00<00:00, 16.64it/s]
Loading pipeline components...: 100%|██████████| 6/6 [00:00<00:00, 13.30it/s]
Loading pipeline components...: 100%|██████████| 6/6 [00:00<00:00, 14.21it/s]
You have disabled the safety checker for <class 'stablenormal.pipeline_stablenormal.StableNormalPipeline'> by passing `safety_checker=None`. Ensure that you abide to the conditions of the Stable Diffusion license and do not expose unfiltered results in services or applications open to the public. Both the diffusers team and Hugging Face strongly recommend to keep the safety filter enabled in all public facing circumstances, disabling it only for use-cases that involve analyzing network behavior or auditing its results. For more information, please have a look at https://github.com/huggingface/diffusers/pull/254 .
Using cache found in /workspace/ubuntu2004_cuda12_1/projects/3dgs_relighting/PORT-GS/third_party/torch_cache/hub/facebookresearch_dinov2_main
/workspace/ubuntu2004_cuda12_1/projects/3dgs_relighting/PORT-GS/third_party/torch_cache/hub/facebookresearch_dinov2_main/dinov2/layers/swiglu_ffn.py:51: UserWarning: xFormers is not available (SwiGLU)
  warnings.warn("xFormers is not available (SwiGLU)")
/workspace/ubuntu2004_cuda12_1/projects/3dgs_relighting/PORT-GS/third_party/torch_cache/hub/facebookresearch_dinov2_main/dinov2/layers/attention.py:33: UserWarning: xFormers is not available (Attention)
  warnings.warn("xFormers is not available (Attention)")
/workspace/ubuntu2004_cuda12_1/projects/3dgs_relighting/PORT-GS/third_party/torch_cache/hub/facebookresearch_dinov2_main/dinov2/layers/block.py:40: UserWarning: xFormers is not available (Block)
  warnings.warn("xFormers is not available (Block)")

Diffusion steps...: 0it [00:00, ?it/s]
Diffusion steps...: 3it [00:00, 26.20it/s]
Diffusion steps...: 6it [00:00, 27.79it/s]
Diffusion steps...: 10it [00:00, 29.49it/s]
                                           
normal: 1/2000 frame=0

Diffusion steps...: 0it [00:00, ?it/s]
Diffusion steps...: 3it [00:00, 29.95it/s]
Diffusion steps...: 7it [00:00, 30.75it/s]
                                          
normal: 2/2000 frame=1

Diffusion steps...: 0it [00:00, ?it/s]
Diffusion steps...: 3it [00:00, 29.98it/s]
Diffusion steps...: 7it [00:00, 30.75it/s]
                                          
normal: 3/2000 frame=2

Diffusion steps...: 0it [00:00, ?it/s]
Diffusion steps...: 3it [00:00, 29.76it/s]
Diffusion steps...: 7it [00:00, 30.71it/s]
                                          
normal: 4/2000 frame=3

Diffusion steps...: 0it [00:00, ?it/s]
Diffusion steps...: 3it [00:00, 29.96it/s]
Diffusion steps...: 7it [00:00, 30.77it/s]
                                          
normal: 5/2000 frame=4

Diffusion steps...: 0it [00:00, ?it/s]
Diffusion steps...: 3it [00:00, 29.99it/s]
Diffusion steps...: 7it [00:00, 30.73it/s]
                                          
normal: 6/2000 frame=5

Diffusion steps...: 0it [00:00, ?it/s]
Diffusion steps...: 3it [00:00, 29.89it/s]
Diffusion steps...: 7it [00:00, 30.71it/s]
                                          
normal: 7/2000 frame=6

Diffusion steps...: 0it [00:00, ?it/s]
Diffusion steps...: 4it [00:00, 30.32it/s]
Diffusion steps...: 8it [00:00, 30.90it/s]
                                          
normal: 8/2000 frame=7

Diffusion steps...: 0it [00:00, ?it/s]
Diffusion steps...: 4it [00:00, 30.39it/s]
Diffusion steps...: 8it [00:00, 30.89it/s]
                                          
normal: 9/2000 frame=8

Diffusion steps...: 0it [00:00, ?it/s]
Diffusion steps...: 4it [00:00, 30.44it/s]
Diffusion steps...: 8it [00:00, 30.95it/s]
                                          
normal: 10/2000 frame=9

Diffusion steps...: 0it [00:00, ?it/s]
Diffusion steps...: 4it [00:00, 30.36it/s]
Diffusion steps...: 8it [00:00, 30.86it/s]
                                          
normal: 11/2000 frame=10

Diffusion steps...: 0it [00:00, ?it/s]
Diffusion steps...: 4it [00:00, 30.58it/s]
Diffusion steps...: 8it [00:00, 31.08it/s]
                                          
normal: 12/2000 frame=11

Diffusion steps...: 0it [00:00, ?it/s]
Diffusion steps...: 4it [00:00, 30.52it/s]
Diffusion steps...: 8it [00:00, 30.94it/s]
                                          
normal: 13/2000 frame=12

Diffusion steps...: 0it [00:00, ?it/s]
Diffusion steps...: 3it [00:00, 29.94it/s]
Diffusion steps...: 7it [00:00, 30.81it/s]
                                          
normal: 14/2000 frame=13

Diffusion steps...: 0it [00:00, ?it/s]
Diffusion steps...: 4it [00:00, 30.68it/s]
Diffusion steps...: 8it [00:00, 31.09it/s]
                                          
normal: 15/2000 frame=14

Diffusion steps...: 0it [00:00, ?it/s]
Diffusion steps...: 4it [00:00, 30.85it/s]
Diffusion steps...: 8it [00:00, 30.99it/s]
                                          
normal: 16/2000 frame=15

Diffusion steps...: 0it [00:00, ?it/s]
Diffusion steps...: 4it [00:00, 30.94it/s]
Diffusion steps...: 8it [00:00, 31.14it/s]
                                          
normal: 17/2000 frame=16

Diffusion steps...: 0it [00:00, ?it/s]
Diffusion steps...: 4it [00:00, 30.89it/s]
Diffusion steps...: 8it [00:00, 31.15it/s]
                                          
normal: 18/2000 frame=17

Diffusion steps...: 0it [00:00, ?it/s]
Diffusion steps...: 4it [00:00, 30.96it/s]
Diffusion steps...: 8it [00:00, 31.18it/s]
                                          
normal: 19/2000 frame=18

Diffusion steps...: 0it [00:00, ?it/s]
Diffusion steps...: 4it [00:00, 30.82it/s]
Diffusion steps...: 8it [00:00, 31.03it/s]
                                          
normal: 20/2000 frame=19

Diffusion steps...: 0it [00:00, ?it/s]
Diffusion steps...: 4it [00:00, 30.85it/s]
Diffusion steps...: 8it [00:00, 31.02it/s]
                                          
normal: 21/2000 frame=20

Diffusion steps...: 0it [00:00, ?it/s]
Diffusion steps...: 4it [00:00, 30.80it/s]
Diffusion steps...: 8it [00:00, 31.01it/s]
                                          
normal: 22/2000 frame=21

Diffusion steps...: 0it [00:00, ?it/s]
Diffusion steps...: 4it [00:00, 30.85it/s]
Diffusion steps...: 8it [00:00, 31.02it/s]
                                          
normal: 23/2000 frame=22

Diffusion steps...: 0it [00:00, ?it/s]
Diffusion steps...: 4it [00:00, 30.83it/s]
Diffusion steps...: 8it [00:00, 31.02it/s]
                                          
normal: 24/2000 frame=23

Diffusion steps...: 0it [00:00, ?it/s]
Diffusion steps...: 4it [00:00, 30.70it/s]
Diffusion steps...: 8it [00:00, 30.94it/s]
                                          
normal: 25/2000 frame=24

Diffusion steps...: 0it [00:00, ?it/s]
Diffusion steps...: 4it [00:00, 30.81it/s]
Diffusion steps...: 8it [00:00, 31.07it/s]
                                          
normal: 26/2000 frame=25

Diffusion steps...: 0it [00:00, ?it/s]
Diffusion steps...: 4it [00:00, 30.87it/s]
Diffusion steps...: 8it [00:00, 30.99it/s]
                                          
normal: 27/2000 frame=26

Diffusion steps...: 0it [00:00, ?it/s]
Diffusion steps...: 4it [00:00, 30.72it/s]
Diffusion steps...: 8it [00:00, 30.98it/s]
                                          
normal: 28/2000 frame=27

Diffusion steps...: 0it [00:00, ?it/s]
Diffusion steps...: 4it [00:00, 30.70it/s]
Diffusion steps...: 8it [00:00, 30.91it/s]
                                          
normal: 29/2000 frame=28

Diffusion steps...: 0it [00:00, ?it/s]
Diffusion steps...: 4it [00:00, 30.88it/s]
Diffusion steps...: 8it [00:00, 31.02it/s]
                                          
normal: 30/2000 frame=29

Diffusion steps...: 0it [00:00, ?it/s]
Diffusion steps...: 4it [00:00, 30.70it/s]
Diffusion steps...: 8it [00:00, 30.93it/s]
                                          
normal: 31/2000 frame=30

Diffusion steps...: 0it [00:00, ?it/s]
Diffusion steps...: 4it [00:00, 30.76it/s]
Diffusion steps...: 8it [00:00, 30.93it/s]
                                          
normal: 32/2000 frame=31

Diffusion steps...: 0it [00:00, ?it/s]
Diffusion steps...: 4it [00:00, 30.78it/s]
Diffusion steps...: 8it [00:00, 30.91it/s]
                                          
normal: 33/2000 frame=32

Diffusion steps...: 0it [00:00, ?it/s]
Diffusion steps...: 4it [00:00, 30.49it/s]
Diffusion steps...: 8it [00:00, 30.89it/s]
                                          
normal: 34/2000 frame=33

Diffusion steps...: 0it [00:00, ?it/s]
Diffusion steps...: 4it [00:00, 30.53it/s]
Diffusion steps...: 8it [00:00, 30.88it/s]
                                          
normal: 35/2000 frame=34

Diffusion steps...: 0it [00:00, ?it/s]
Diffusion steps...: 4it [00:00, 30.44it/s]
Diffusion steps...: 8it [00:00, 30.92it/s]
                                          
normal: 36/2000 frame=35

Diffusion steps...: 0it [00:00, ?it/s]
Diffusion steps...: 3it [00:00, 29.95it/s]
Diffusion steps...: 7it [00:00, 30.63it/s]
                                          
normal: 37/2000 frame=36

Diffusion steps...: 0it [00:00, ?it/s]
Diffusion steps...: 4it [00:00, 30.24it/s]
Diffusion steps...: 8it [00:00, 30.85it/s]
                                          
normal: 38/2000 frame=37

Diffusion steps...: 0it [00:00, ?it/s]
Diffusion steps...: 3it [00:00, 29.93it/s]
Diffusion steps...: 7it [00:00, 30.66it/s]
                                          
normal: 39/2000 frame=38

Diffusion steps...: 0it [00:00, ?it/s]
Diffusion steps...: 4it [00:00, 30.25it/s]
Diffusion steps...: 8it [00:00, 30.88it/s]
                                          
normal: 40/2000 frame=39

Diffusion steps...: 0it [00:00, ?it/s]
Diffusion steps...: 3it [00:00, 29.93it/s]
Diffusion steps...: 7it [00:00, 30.70it/s]
                                          
normal: 41/2000 frame=40

Diffusion steps...: 0it [00:00, ?it/s]
Diffusion steps...: 3it [00:00, 30.00it/s]
Diffusion steps...: 7it [00:00, 30.82it/s]
                                          
normal: 42/2000 frame=41

Diffusion steps...: 0it [00:00, ?it/s]
Diffusion steps...: 3it [00:00, 29.93it/s]
Diffusion steps...: 7it [00:00, 30.73it/s]
                                          
normal: 43/2000 frame=42

Diffusion steps...: 0it [00:00, ?it/s]
Diffusion steps...: 3it [00:00, 29.94it/s]
Diffusion steps...: 7it [00:00, 30.80it/s]
                                          
normal: 44/2000 frame=43

Diffusion steps...: 0it [00:00, ?it/s]
Diffusion steps...: 4it [00:00, 30.36it/s]
Diffusion steps...: 8it [00:00, 30.94it/s]
                                          
normal: 45/2000 frame=44

Diffusion steps...: 0it [00:00, ?it/s]
Diffusion steps...: 4it [00:00, 30.42it/s]
Diffusion steps...: 8it [00:00, 30.93it/s]
                                          
normal: 46/2000 frame=45

Diffusion steps...: 0it [00:00, ?it/s]
Diffusion steps...: 4it [00:00, 30.28it/s]
Diffusion steps...: 8it [00:00, 30.79it/s]
                                          
normal: 47/2000 frame=46

Diffusion steps...: 0it [00:00, ?it/s]
Diffusion steps...: 4it [00:00, 30.26it/s]
Diffusion steps...: 8it [00:00, 30.89it/s]
                                          
normal: 48/2000 frame=47

Diffusion steps...: 0it [00:00, ?it/s]
Diffusion steps...: 3it [00:00, 29.87it/s]
Diffusion steps...: 7it [00:00, 30.70it/s]
                                          
normal: 49/2000 frame=48

Diffusion steps...: 0it [00:00, ?it/s]
Diffusion steps...: 4it [00:00, 30.41it/s]
Diffusion steps...: 8it [00:00, 31.01it/s]
                                          
normal: 50/2000 frame=49

Diffusion steps...: 0it [00:00, ?it/s]
Diffusion steps...: 4it [00:00, 30.41it/s]
Diffusion steps...: 8it [00:00, 30.94it/s]
                                          
normal: 51/2000 frame=50

Diffusion steps...: 0it [00:00, ?it/s]
Diffusion steps...: 4it [00:00, 30.55it/s]
Diffusion steps...: 8it [00:00, 31.05it/s]
                                          
normal: 52/2000 frame=51

Diffusion steps...: 0it [00:00, ?it/s]
Diffusion steps...: 4it [00:00, 30.53it/s]
Diffusion steps...: 8it [00:00, 30.98it/s]
                                          
normal: 53/2000 frame=52

Diffusion steps...: 0it [00:00, ?it/s]
Diffusion steps...: 4it [00:00, 30.61it/s]
Diffusion steps...: 8it [00:00, 31.02it/s]
                                          
normal: 54/2000 frame=53

Diffusion steps...: 0it [00:00, ?it/s]
Diffusion steps...: 4it [00:00, 30.55it/s]
Diffusion steps...: 8it [00:00, 30.86it/s]
                                          
normal: 55/2000 frame=54

Diffusion steps...: 0it [00:00, ?it/s]
Diffusion steps...: 4it [00:00, 30.70it/s]
Diffusion steps...: 8it [00:00, 31.05it/s]
                                          
normal: 56/2000 frame=55

Diffusion steps...: 0it [00:00, ?it/s]
Diffusion steps...: 4it [00:00, 30.50it/s]
Diffusion steps...: 8it [00:00, 30.95it/s]
                                          
normal: 57/2000 frame=56

Diffusion steps...: 0it [00:00, ?it/s]
Diffusion steps...: 4it [00:00, 30.83it/s]
Diffusion steps...: 8it [00:00, 31.11it/s]
                                          
normal: 58/2000 frame=57

Diffusion steps...: 0it [00:00, ?it/s]
Diffusion steps...: 4it [00:00, 30.69it/s]
Diffusion steps...: 8it [00:00, 31.03it/s]
                                          
normal: 59/2000 frame=58

Diffusion steps...: 0it [00:00, ?it/s]
Diffusion steps...: 4it [00:00, 30.89it/s]
Diffusion steps...: 8it [00:00, 31.12it/s]
                                          
normal: 60/2000 frame=59

Diffusion steps...: 0it [00:00, ?it/s]
Diffusion steps...: 4it [00:00, 30.72it/s]
Diffusion steps...: 8it [00:00, 30.96it/s]
                                          
normal: 61/2000 frame=60

Diffusion steps...: 0it [00:00, ?it/s]
Diffusion steps...: 4it [00:00, 30.88it/s]
Diffusion steps...: 8it [00:00, 31.07it/s]
                                          
normal: 62/2000 frame=61

Diffusion steps...: 0it [00:00, ?it/s]
Diffusion steps...: 4it [00:00, 30.80it/s]
Diffusion steps...: 8it [00:00, 31.02it/s]
                                          
normal: 63/2000 frame=62

Diffusion steps...: 0it [00:00, ?it/s]
Diffusion steps...: 4it [00:00, 30.72it/s]
Diffusion steps...: 8it [00:00, 30.98it/s]
                                          
normal: 64/2000 frame=63

Diffusion steps...: 0it [00:00, ?it/s]
Diffusion steps...: 4it [00:00, 30.91it/s]
Diffusion steps...: 8it [00:00, 31.13it/s]
                                          
normal: 65/2000 frame=64

Diffusion steps...: 0it [00:00, ?it/s]
Diffusion steps...: 4it [00:00, 30.69it/s]
Diffusion steps...: 8it [00:00, 31.03it/s]
                                          
normal: 66/2000 frame=65

Diffusion steps...: 0it [00:00, ?it/s]
Diffusion steps...: 4it [00:00, 30.71it/s]
Diffusion steps...: 8it [00:00, 31.01it/s]
                                          
normal: 67/2000 frame=66

Diffusion steps...: 0it [00:00, ?it/s]
Diffusion steps...: 4it [00:00, 30.80it/s]
Diffusion steps...: 8it [00:00, 31.10it/s]
                                          
normal: 68/2000 frame=67

Diffusion steps...: 0it [00:00, ?it/s]
Diffusion steps...: 4it [00:00, 30.68it/s]
Diffusion steps...: 8it [00:00, 31.04it/s]
                                          
normal: 69/2000 frame=68

Diffusion steps...: 0it [00:00, ?it/s]
Diffusion steps...: 4it [00:00, 30.87it/s]
Diffusion steps...: 8it [00:00, 31.10it/s]
                                          
normal: 70/2000 frame=69

Diffusion steps...: 0it [00:00, ?it/s]
Diffusion steps...: 4it [00:00, 30.80it/s]
Diffusion steps...: 8it [00:00, 31.08it/s]
                                          
normal: 71/2000 frame=70

Diffusion steps...: 0it [00:00, ?it/s]
Diffusion steps...: 4it [00:00, 30.62it/s]
Diffusion steps...: 8it [00:00, 31.07it/s]
                                          
normal: 72/2000 frame=71

Diffusion steps...: 0it [00:00, ?it/s]
Diffusion steps...: 4it [00:00, 30.62it/s]
Diffusion steps...: 8it [00:00, 30.96it/s]
                                          
normal: 73/2000 frame=72

Diffusion steps...: 0it [00:00, ?it/s]
Diffusion steps...: 4it [00:00, 30.58it/s]
Diffusion steps...: 8it [00:00, 30.97it/s]
                                          
normal: 74/2000 frame=73

Diffusion steps...: 0it [00:00, ?it/s]
Diffusion steps...: 4it [00:00, 30.45it/s]
Diffusion steps...: 8it [00:00, 30.94it/s]
                                          
normal: 75/2000 frame=74

Diffusion steps...: 0it [00:00, ?it/s]
Diffusion steps...: 3it [00:00, 28.09it/s]
Diffusion steps...: 7it [00:00, 29.87it/s]
                                          
normal: 76/2000 frame=75

Diffusion steps...: 0it [00:00, ?it/s]
Diffusion steps...: 4it [00:00, 30.30it/s]
Diffusion steps...: 8it [00:00, 30.91it/s]
                                          
normal: 77/2000 frame=76

Diffusion steps...: 0it [00:00, ?it/s]
Diffusion steps...: 4it [00:00, 30.34it/s]
Diffusion steps...: 8it [00:00, 30.87it/s]
                                          
normal: 78/2000 frame=77

Diffusion steps...: 0it [00:00, ?it/s]
Diffusion steps...: 4it [00:00, 30.36it/s]
Diffusion steps...: 8it [00:00, 31.05it/s]
                                          
normal: 79/2000 frame=78

Diffusion steps...: 0it [00:00, ?it/s]
Diffusion steps...: 4it [00:00, 30.37it/s]
Diffusion steps...: 8it [00:00, 31.00it/s]
                                          
normal: 80/2000 frame=79

Diffusion steps...: 0it [00:00, ?it/s]
Diffusion steps...: 4it [00:00, 30.36it/s]
Diffusion steps...: 8it [00:00, 30.98it/s]
                                          
normal: 81/2000 frame=80

Diffusion steps...: 0it [00:00, ?it/s]
Diffusion steps...: 4it [00:00, 30.30it/s]
Diffusion steps...: 8it [00:00, 30.99it/s]
                                          
normal: 82/2000 frame=81

Diffusion steps...: 0it [00:00, ?it/s]
Diffusion steps...: 4it [00:00, 30.40it/s]
Diffusion steps...: 8it [00:00, 31.02it/s]
                                          
normal: 83/2000 frame=82

Diffusion steps...: 0it [00:00, ?it/s]
Diffusion steps...: 4it [00:00, 30.52it/s]
Diffusion steps...: 8it [00:00, 31.07it/s]
                                          
normal: 84/2000 frame=83

Diffusion steps...: 0it [00:00, ?it/s]
Diffusion steps...: 4it [00:00, 30.35it/s]
Diffusion steps...: 8it [00:00, 30.96it/s]
                                          
normal: 85/2000 frame=84

Diffusion steps...: 0it [00:00, ?it/s]
Diffusion steps...: 4it [00:00, 30.52it/s]
Diffusion steps...: 8it [00:00, 31.09it/s]
                                          
normal: 86/2000 frame=85

Diffusion steps...: 0it [00:00, ?it/s]
Diffusion steps...: 4it [00:00, 30.38it/s]
Diffusion steps...: 8it [00:00, 31.01it/s]
                                          
normal: 87/2000 frame=86

Diffusion steps...: 0it [00:00, ?it/s]
Diffusion steps...: 4it [00:00, 30.63it/s]
Diffusion steps...: 8it [00:00, 31.12it/s]
                                          
normal: 88/2000 frame=87

Diffusion steps...: 0it [00:00, ?it/s]
Diffusion steps...: 3it [00:00, 29.95it/s]
Diffusion steps...: 7it [00:00, 30.76it/s]
                                          
normal: 89/2000 frame=88

Diffusion steps...: 0it [00:00, ?it/s]
Diffusion steps...: 3it [00:00, 29.77it/s]
Diffusion steps...: 7it [00:00, 30.78it/s]
                                          
normal: 90/2000 frame=89

Diffusion steps...: 0it [00:00, ?it/s]
Diffusion steps...: 3it [00:00, 29.88it/s]
Diffusion steps...: 7it [00:00, 30.78it/s]
                                          
normal: 91/2000 frame=90

Diffusion steps...: 0it [00:00, ?it/s]
Diffusion steps...: 4it [00:00, 30.49it/s]
Diffusion steps...: 8it [00:00, 30.98it/s]
                                          
normal: 92/2000 frame=91

Diffusion steps...: 0it [00:00, ?it/s]
Diffusion steps...: 4it [00:00, 30.55it/s]
Diffusion steps...: 8it [00:00, 30.97it/s]
                                          
normal: 93/2000 frame=92

Diffusion steps...: 0it [00:00, ?it/s]
Diffusion steps...: 4it [00:00, 30.61it/s]
Diffusion steps...: 8it [00:00, 30.99it/s]
                                          
normal: 94/2000 frame=93

Diffusion steps...: 0it [00:00, ?it/s]
Diffusion steps...: 4it [00:00, 30.68it/s]
Diffusion steps...: 8it [00:00, 30.95it/s]
                                          
normal: 95/2000 frame=94

Diffusion steps...: 0it [00:00, ?it/s]
Diffusion steps...: 4it [00:00, 30.90it/s]
Diffusion steps...: 8it [00:00, 31.17it/s]
                                          
normal: 96/2000 frame=95

Diffusion steps...: 0it [00:00, ?it/s]
Diffusion steps...: 4it [00:00, 30.76it/s]
Diffusion steps...: 8it [00:00, 30.98it/s]
                                          
normal: 97/2000 frame=96

Diffusion steps...: 0it [00:00, ?it/s]
Diffusion steps...: 4it [00:00, 30.89it/s]
Diffusion steps...: 8it [00:00, 31.06it/s]
                                          
normal: 98/2000 frame=97

Diffusion steps...: 0it [00:00, ?it/s]
Diffusion steps...: 4it [00:00, 30.58it/s]
Diffusion steps...: 8it [00:00, 30.90it/s]
                                          
normal: 99/2000 frame=98

Diffusion steps...: 0it [00:00, ?it/s]
Diffusion steps...: 4it [00:00, 30.77it/s]
Diffusion steps...: 8it [00:00, 31.05it/s]
                                          
normal: 100/2000 frame=99

Diffusion steps...: 0it [00:00, ?it/s]
Diffusion steps...: 4it [00:00, 30.35it/s]
Diffusion steps...: 8it [00:00, 30.88it/s]
                                          
normal: 101/2000 frame=100

Diffusion steps...: 0it [00:00, ?it/s]
Diffusion steps...: 4it [00:00, 30.39it/s]
Diffusion steps...: 8it [00:00, 30.87it/s]
                                          
normal: 102/2000 frame=101

Diffusion steps...: 0it [00:00, ?it/s]
Diffusion steps...: 4it [00:00, 30.88it/s]
Diffusion steps...: 8it [00:00, 31.07it/s]
                                          
normal: 103/2000 frame=102

Diffusion steps...: 0it [00:00, ?it/s]
Diffusion steps...: 4it [00:00, 30.94it/s]
Diffusion steps...: 8it [00:00, 31.19it/s]
                                          
normal: 104/2000 frame=103

Diffusion steps...: 0it [00:00, ?it/s]
Diffusion steps...: 4it [00:00, 30.87it/s]
Diffusion steps...: 8it [00:00, 31.15it/s]
                                          
normal: 105/2000 frame=104

Diffusion steps...: 0it [00:00, ?it/s]
Diffusion steps...: 3it [00:00, 29.91it/s]
Diffusion steps...: 7it [00:00, 30.44it/s]
                                          
normal: 106/2000 frame=105

Diffusion steps...: 0it [00:00, ?it/s]
Diffusion steps...: 4it [00:00, 30.84it/s]
Diffusion steps...: 8it [00:00, 31.11it/s]
                                          
normal: 107/2000 frame=106

Diffusion steps...: 0it [00:00, ?it/s]
Diffusion steps...: 4it [00:00, 30.74it/s]
Diffusion steps...: 8it [00:00, 31.06it/s]
                                          
normal: 108/2000 frame=107

Diffusion steps...: 0it [00:00, ?it/s]
Diffusion steps...: 4it [00:00, 30.60it/s]
Diffusion steps...: 8it [00:00, 31.00it/s]
                                          
normal: 109/2000 frame=108

Diffusion steps...: 0it [00:00, ?it/s]
Diffusion steps...: 4it [00:00, 30.95it/s]
Diffusion steps...: 8it [00:00, 31.12it/s]
                                          
normal: 110/2000 frame=109

Diffusion steps...: 0it [00:00, ?it/s]
Diffusion steps...: 4it [00:00, 30.89it/s]
Diffusion steps...: 8it [00:00, 31.10it/s]
                                          
normal: 111/2000 frame=110

Diffusion steps...: 0it [00:00, ?it/s]
Diffusion steps...: 4it [00:00, 30.89it/s]
Diffusion steps...: 8it [00:00, 31.12it/s]
                                          
normal: 112/2000 frame=111

Diffusion steps...: 0it [00:00, ?it/s]
Diffusion steps...: 3it [00:00, 29.75it/s]
Diffusion steps...: 7it [00:00, 30.52it/s]
                                          
normal: 113/2000 frame=112

Diffusion steps...: 0it [00:00, ?it/s]
Diffusion steps...: 4it [00:00, 30.70it/s]
Diffusion steps...: 8it [00:00, 30.98it/s]
                                          
normal: 114/2000 frame=113

Diffusion steps...: 0it [00:00, ?it/s]
Diffusion steps...: 3it [00:00, 29.92it/s]
Diffusion steps...: 7it [00:00, 30.36it/s]
                                          
normal: 115/2000 frame=114

Diffusion steps...: 0it [00:00, ?it/s]
Diffusion steps...: 3it [00:00, 29.28it/s]
Diffusion steps...: 7it [00:00, 30.03it/s]
                                          
normal: 116/2000 frame=115

Diffusion steps...: 0it [00:00, ?it/s]
Diffusion steps...: 3it [00:00, 29.52it/s]
Diffusion steps...: 7it [00:00, 30.13it/s]
                                          
normal: 117/2000 frame=116

Diffusion steps...: 0it [00:00, ?it/s]
Diffusion steps...: 3it [00:00, 29.55it/s]
Diffusion steps...: 7it [00:00, 30.04it/s]
                                          
normal: 118/2000 frame=117

Diffusion steps...: 0it [00:00, ?it/s]
Diffusion steps...: 3it [00:00, 29.50it/s]
Diffusion steps...: 7it [00:00, 30.01it/s]
                                          
normal: 119/2000 frame=118

Diffusion steps...: 0it [00:00, ?it/s]
Diffusion steps...: 3it [00:00, 29.65it/s]
Diffusion steps...: 7it [00:00, 30.16it/s]
                                          
normal: 120/2000 frame=119

Diffusion steps...: 0it [00:00, ?it/s]
Diffusion steps...: 3it [00:00, 29.54it/s]
Diffusion steps...: 7it [00:00, 30.09it/s]
                                          
normal: 121/2000 frame=120

Diffusion steps...: 0it [00:00, ?it/s]
Diffusion steps...: 3it [00:00, 29.45it/s]
Diffusion steps...: 7it [00:00, 29.94it/s]
                                          
normal: 122/2000 frame=121

Diffusion steps...: 0it [00:00, ?it/s]
Diffusion steps...: 3it [00:00, 29.48it/s]
Diffusion steps...: 7it [00:00, 29.95it/s]
                                          
normal: 123/2000 frame=122

Diffusion steps...: 0it [00:00, ?it/s]
Diffusion steps...: 3it [00:00, 29.53it/s]
Diffusion steps...: 7it [00:00, 30.17it/s]
                                          
normal: 124/2000 frame=123

Diffusion steps...: 0it [00:00, ?it/s]
Diffusion steps...: 3it [00:00, 29.29it/s]
Diffusion steps...: 7it [00:00, 29.93it/s]
                                          
normal: 125/2000 frame=124

Diffusion steps...: 0it [00:00, ?it/s]
Diffusion steps...: 3it [00:00, 29.39it/s]
Diffusion steps...: 7it [00:00, 30.09it/s]
                                          
normal: 126/2000 frame=125

Diffusion steps...: 0it [00:00, ?it/s]
Diffusion steps...: 3it [00:00, 29.34it/s]
Diffusion steps...: 7it [00:00, 29.99it/s]
                                          
normal: 127/2000 frame=126

Diffusion steps...: 0it [00:00, ?it/s]
Diffusion steps...: 3it [00:00, 29.54it/s]
Diffusion steps...: 7it [00:00, 30.09it/s]
                                          
normal: 128/2000 frame=127

Diffusion steps...: 0it [00:00, ?it/s]
Diffusion steps...: 3it [00:00, 29.42it/s]
Diffusion steps...: 7it [00:00, 30.06it/s]
                                          
normal: 129/2000 frame=128

Diffusion steps...: 0it [00:00, ?it/s]
Diffusion steps...: 3it [00:00, 29.32it/s]
Diffusion steps...: 7it [00:00, 30.15it/s]
                                          
normal: 130/2000 frame=129

Diffusion steps...: 0it [00:00, ?it/s]
Diffusion steps...: 3it [00:00, 29.35it/s]
Diffusion steps...: 7it [00:00, 29.93it/s]
                                          
normal: 131/2000 frame=130

Diffusion steps...: 0it [00:00, ?it/s]
Diffusion steps...: 3it [00:00, 29.54it/s]
Diffusion steps...: 7it [00:00, 30.20it/s]
                                          
normal: 132/2000 frame=131

Diffusion steps...: 0it [00:00, ?it/s]
Diffusion steps...: 3it [00:00, 29.55it/s]
Diffusion steps...: 7it [00:00, 30.14it/s]
                                          
normal: 133/2000 frame=132

Diffusion steps...: 0it [00:00, ?it/s]
Diffusion steps...: 3it [00:00, 29.56it/s]
Diffusion steps...: 7it [00:00, 30.16it/s]
                                          
normal: 134/2000 frame=133

Diffusion steps...: 0it [00:00, ?it/s]
Diffusion steps...: 3it [00:00, 29.37it/s]
Diffusion steps...: 7it [00:00, 30.18it/s]
                                          
normal: 135/2000 frame=134

Diffusion steps...: 0it [00:00, ?it/s]
Diffusion steps...: 3it [00:00, 29.47it/s]
Diffusion steps...: 7it [00:00, 30.16it/s]
                                          
normal: 136/2000 frame=135

Diffusion steps...: 0it [00:00, ?it/s]
Diffusion steps...: 3it [00:00, 29.40it/s]
Diffusion steps...: 7it [00:00, 29.98it/s]
                                          
normal: 137/2000 frame=136

Diffusion steps...: 0it [00:00, ?it/s]
Diffusion steps...: 3it [00:00, 29.54it/s]
Diffusion steps...: 7it [00:00, 30.23it/s]
                                          
normal: 138/2000 frame=137

Diffusion steps...: 0it [00:00, ?it/s]
Diffusion steps...: 3it [00:00, 29.43it/s]
Diffusion steps...: 7it [00:00, 30.02it/s]
                                          
normal: 139/2000 frame=138

Diffusion steps...: 0it [00:00, ?it/s]
Diffusion steps...: 3it [00:00, 29.55it/s]
Diffusion steps...: 7it [00:00, 30.17it/s]
                                          
normal: 140/2000 frame=139

Diffusion steps...: 0it [00:00, ?it/s]
Diffusion steps...: 3it [00:00, 29.52it/s]
Diffusion steps...: 7it [00:00, 30.09it/s]
                                          
normal: 141/2000 frame=140

Diffusion steps...: 0it [00:00, ?it/s]
Diffusion steps...: 3it [00:00, 29.55it/s]
Diffusion steps...: 7it [00:00, 30.24it/s]
                                          
normal: 142/2000 frame=141

Diffusion steps...: 0it [00:00, ?it/s]
Diffusion steps...: 3it [00:00, 29.47it/s]
Diffusion steps...: 7it [00:00, 30.12it/s]
                                          
normal: 143/2000 frame=142

Diffusion steps...: 0it [00:00, ?it/s]
Diffusion steps...: 3it [00:00, 29.40it/s]
Diffusion steps...: 7it [00:00, 30.17it/s]
                                          
normal: 144/2000 frame=143

Diffusion steps...: 0it [00:00, ?it/s]
Diffusion steps...: 3it [00:00, 29.56it/s]
Diffusion steps...: 7it [00:00, 30.11it/s]
                                          
normal: 145/2000 frame=144

Diffusion steps...: 0it [00:00, ?it/s]
Diffusion steps...: 3it [00:00, 29.64it/s]
Diffusion steps...: 7it [00:00, 30.17it/s]
                                          
normal: 146/2000 frame=145

Diffusion steps...: 0it [00:00, ?it/s]
Diffusion steps...: 3it [00:00, 29.50it/s]
Diffusion steps...: 7it [00:00, 30.14it/s]
                                          
normal: 147/2000 frame=146

Diffusion steps...: 0it [00:00, ?it/s]
Diffusion steps...: 3it [00:00, 29.61it/s]
Diffusion steps...: 7it [00:00, 30.25it/s]
                                          
normal: 148/2000 frame=147

Diffusion steps...: 0it [00:00, ?it/s]
Diffusion steps...: 3it [00:00, 29.48it/s]
Diffusion steps...: 7it [00:00, 30.16it/s]
                                          
normal: 149/2000 frame=148

Diffusion steps...: 0it [00:00, ?it/s]
Diffusion steps...: 3it [00:00, 29.49it/s]
Diffusion steps...: 7it [00:00, 30.16it/s]
                                          
normal: 150/2000 frame=149

Diffusion steps...: 0it [00:00, ?it/s]
Diffusion steps...: 3it [00:00, 29.54it/s]
Diffusion steps...: 7it [00:00, 30.21it/s]
                                          
normal: 151/2000 frame=150

Diffusion steps...: 0it [00:00, ?it/s]
Diffusion steps...: 3it [00:00, 29.55it/s]
Diffusion steps...: 7it [00:00, 30.10it/s]
                                          
normal: 152/2000 frame=151

Diffusion steps...: 0it [00:00, ?it/s]
Diffusion steps...: 3it [00:00, 29.68it/s]
Diffusion steps...: 7it [00:00, 30.19it/s]
                                          
normal: 153/2000 frame=152

Diffusion steps...: 0it [00:00, ?it/s]
Diffusion steps...: 3it [00:00, 29.61it/s]
Diffusion steps...: 7it [00:00, 30.19it/s]
                                          
normal: 154/2000 frame=153

Diffusion steps...: 0it [00:00, ?it/s]
Diffusion steps...: 3it [00:00, 29.46it/s]
Diffusion steps...: 7it [00:00, 30.10it/s]
                                          
normal: 155/2000 frame=154

Diffusion steps...: 0it [00:00, ?it/s]
Diffusion steps...: 3it [00:00, 29.68it/s]
Diffusion steps...: 7it [00:00, 30.20it/s]
                                          
normal: 156/2000 frame=155

Diffusion steps...: 0it [00:00, ?it/s]
Diffusion steps...: 3it [00:00, 29.50it/s]
Diffusion steps...: 7it [00:00, 30.15it/s]
                                          
normal: 157/2000 frame=156

Diffusion steps...: 0it [00:00, ?it/s]
Diffusion steps...: 3it [00:00, 29.59it/s]
Diffusion steps...: 7it [00:00, 30.07it/s]
                                          
normal: 158/2000 frame=157

Diffusion steps...: 0it [00:00, ?it/s]
Diffusion steps...: 3it [00:00, 29.76it/s]
Diffusion steps...: 7it [00:00, 30.19it/s]
                                          
normal: 159/2000 frame=158

Diffusion steps...: 0it [00:00, ?it/s]
Diffusion steps...: 3it [00:00, 29.52it/s]
Diffusion steps...: 7it [00:00, 30.14it/s]
                                          
normal: 160/2000 frame=159

Diffusion steps...: 0it [00:00, ?it/s]
Diffusion steps...: 3it [00:00, 29.47it/s]
Diffusion steps...: 7it [00:00, 30.06it/s]
                                          
normal: 161/2000 frame=160

Diffusion steps...: 0it [00:00, ?it/s]
Diffusion steps...: 3it [00:00, 29.52it/s]
Diffusion steps...: 6it [00:00, 28.87it/s]
Diffusion steps...: 9it [00:00, 29.37it/s]
                                          
normal: 162/2000 frame=161

Diffusion steps...: 0it [00:00, ?it/s]
Diffusion steps...: 3it [00:00, 29.49it/s]
Diffusion steps...: 7it [00:00, 30.15it/s]
                                          
normal: 163/2000 frame=162

Diffusion steps...: 0it [00:00, ?it/s]
Diffusion steps...: 3it [00:00, 29.38it/s]
Diffusion steps...: 7it [00:00, 30.04it/s]
                                          
normal: 164/2000 frame=163

Diffusion steps...: 0it [00:00, ?it/s]
Diffusion steps...: 3it [00:00, 29.59it/s]
Diffusion steps...: 7it [00:00, 30.12it/s]
                                          
normal: 165/2000 frame=164

Diffusion steps...: 0it [00:00, ?it/s]
Diffusion steps...: 3it [00:00, 29.52it/s]
Diffusion steps...: 7it [00:00, 30.20it/s]
                                          
normal: 166/2000 frame=165

Diffusion steps...: 0it [00:00, ?it/s]
Diffusion steps...: 3it [00:00, 29.54it/s]
Diffusion steps...: 7it [00:00, 30.18it/s]
                                          
normal: 167/2000 frame=166

Diffusion steps...: 0it [00:00, ?it/s]
Diffusion steps...: 3it [00:00, 29.55it/s]
Diffusion steps...: 7it [00:00, 30.26it/s]
                                          
normal: 168/2000 frame=167

Diffusion steps...: 0it [00:00, ?it/s]
Diffusion steps...: 3it [00:00, 29.54it/s]
Diffusion steps...: 7it [00:00, 30.16it/s]
                                          
normal: 169/2000 frame=168

Diffusion steps...: 0it [00:00, ?it/s]
Diffusion steps...: 3it [00:00, 29.56it/s]
Diffusion steps...: 7it [00:00, 30.25it/s]
                                          
normal: 170/2000 frame=169

Diffusion steps...: 0it [00:00, ?it/s]
Diffusion steps...: 3it [00:00, 29.41it/s]
Diffusion steps...: 7it [00:00, 30.06it/s]
                                          
normal: 171/2000 frame=170

Diffusion steps...: 0it [00:00, ?it/s]
Diffusion steps...: 3it [00:00, 29.62it/s]
Diffusion steps...: 7it [00:00, 30.17it/s]
                                          
normal: 172/2000 frame=171

Diffusion steps...: 0it [00:00, ?it/s]
Diffusion steps...: 3it [00:00, 29.62it/s]
Diffusion steps...: 7it [00:00, 30.26it/s]
                                          
normal: 173/2000 frame=172

Diffusion steps...: 0it [00:00, ?it/s]
Diffusion steps...: 3it [00:00, 29.60it/s]
Diffusion steps...: 7it [00:00, 30.17it/s]
                                          
normal: 174/2000 frame=173

Diffusion steps...: 0it [00:00, ?it/s]
Diffusion steps...: 3it [00:00, 29.51it/s]
Diffusion steps...: 7it [00:00, 30.22it/s]
                                          
normal: 175/2000 frame=174

Diffusion steps...: 0it [00:00, ?it/s]
Diffusion steps...: 3it [00:00, 29.65it/s]
Diffusion steps...: 7it [00:00, 30.25it/s]
                                          
normal: 176/2000 frame=175

Diffusion steps...: 0it [00:00, ?it/s]
Diffusion steps...: 3it [00:00, 29.83it/s]
Diffusion steps...: 7it [00:00, 30.29it/s]
                                          
normal: 177/2000 frame=176

Diffusion steps...: 0it [00:00, ?it/s]
Diffusion steps...: 4it [00:00, 30.41it/s]
Diffusion steps...: 8it [00:00, 30.88it/s]
                                          
normal: 178/2000 frame=177

Diffusion steps...: 0it [00:00, ?it/s]
Diffusion steps...: 4it [00:00, 30.96it/s]
Diffusion steps...: 8it [00:00, 30.96it/s]
                                          
normal: 179/2000 frame=178

Diffusion steps...: 0it [00:00, ?it/s]
Diffusion steps...: 4it [00:00, 30.90it/s]
Diffusion steps...: 8it [00:00, 31.08it/s]
                                          
normal: 180/2000 frame=179

Diffusion steps...: 0it [00:00, ?it/s]
Diffusion steps...: 4it [00:00, 30.96it/s]
Diffusion steps...: 8it [00:00, 31.13it/s]
                                          
normal: 181/2000 frame=180

Diffusion steps...: 0it [00:00, ?it/s]
Diffusion steps...: 4it [00:00, 30.41it/s]
Diffusion steps...: 8it [00:00, 30.95it/s]
                                          
normal: 182/2000 frame=181

Diffusion steps...: 0it [00:00, ?it/s]
Diffusion steps...: 3it [00:00, 29.94it/s]
Diffusion steps...: 6it [00:00, 29.95it/s]
Diffusion steps...: 10it [00:00, 30.08it/s]
                                           
normal: 183/2000 frame=182

Diffusion steps...: 0it [00:00, ?it/s]
Diffusion steps...: 3it [00:00, 29.62it/s]
Diffusion steps...: 7it [00:00, 30.52it/s]
                                          
normal: 184/2000 frame=183

Diffusion steps...: 0it [00:00, ?it/s]
Diffusion steps...: 4it [00:00, 30.86it/s]
Diffusion steps...: 8it [00:00, 31.04it/s]
                                          
normal: 185/2000 frame=184

Diffusion steps...: 0it [00:00, ?it/s]
Diffusion steps...: 4it [00:00, 30.94it/s]
Diffusion steps...: 8it [00:00, 31.15it/s]
                                          
normal: 186/2000 frame=185

Diffusion steps...: 0it [00:00, ?it/s]
Diffusion steps...: 4it [00:00, 30.96it/s]
Diffusion steps...: 8it [00:00, 31.09it/s]
                                          
normal: 187/2000 frame=186

Diffusion steps...: 0it [00:00, ?it/s]
Diffusion steps...: 4it [00:00, 31.07it/s]
Diffusion steps...: 8it [00:00, 31.30it/s]
                                          
normal: 188/2000 frame=187

Diffusion steps...: 0it [00:00, ?it/s]
Diffusion steps...: 4it [00:00, 30.97it/s]
Diffusion steps...: 8it [00:00, 31.12it/s]
                                          
normal: 189/2000 frame=188

Diffusion steps...: 0it [00:00, ?it/s]
Diffusion steps...: 4it [00:00, 30.88it/s]
Diffusion steps...: 8it [00:00, 31.10it/s]
                                          
normal: 190/2000 frame=189

Diffusion steps...: 0it [00:00, ?it/s]
Diffusion steps...: 4it [00:00, 30.89it/s]
Diffusion steps...: 8it [00:00, 31.14it/s]
                                          
normal: 191/2000 frame=190

Diffusion steps...: 0it [00:00, ?it/s]
Diffusion steps...: 4it [00:00, 30.62it/s]
Diffusion steps...: 8it [00:00, 31.00it/s]
                                          
normal: 192/2000 frame=191

Diffusion steps...: 0it [00:00, ?it/s]
Diffusion steps...: 4it [00:00, 30.83it/s]
Diffusion steps...: 8it [00:00, 31.05it/s]
                                          
normal: 193/2000 frame=192

Diffusion steps...: 0it [00:00, ?it/s]
Diffusion steps...: 4it [00:00, 30.87it/s]
Diffusion steps...: 8it [00:00, 31.13it/s]
                                          
normal: 194/2000 frame=193

Diffusion steps...: 0it [00:00, ?it/s]
Diffusion steps...: 4it [00:00, 30.86it/s]
Diffusion steps...: 8it [00:00, 31.10it/s]
                                          
normal: 195/2000 frame=194

Diffusion steps...: 0it [00:00, ?it/s]
Diffusion steps...: 4it [00:00, 30.78it/s]
Diffusion steps...: 8it [00:00, 31.12it/s]
                                          
normal: 196/2000 frame=195

Diffusion steps...: 0it [00:00, ?it/s]
Diffusion steps...: 4it [00:00, 30.64it/s]
Diffusion steps...: 8it [00:00, 31.10it/s]
                                          
normal: 197/2000 frame=196

Diffusion steps...: 0it [00:00, ?it/s]
Diffusion steps...: 4it [00:00, 30.88it/s]
Diffusion steps...: 8it [00:00, 31.14it/s]
                                          
normal: 198/2000 frame=197

Diffusion steps...: 0it [00:00, ?it/s]
Diffusion steps...: 3it [00:00, 29.93it/s]
Diffusion steps...: 7it [00:00, 30.66it/s]
                                          
normal: 199/2000 frame=198

Diffusion steps...: 0it [00:00, ?it/s]
Diffusion steps...: 4it [00:00, 30.65it/s]
Diffusion steps...: 8it [00:00, 31.00it/s]
                                          
normal: 200/2000 frame=199

Diffusion steps...: 0it [00:00, ?it/s]
Diffusion steps...: 4it [00:00, 30.46it/s]
Diffusion steps...: 8it [00:00, 30.94it/s]
                                          
normal: 201/2000 frame=200

Diffusion steps...: 0it [00:00, ?it/s]
Diffusion steps...: 4it [00:00, 30.88it/s]
Diffusion steps...: 8it [00:00, 31.19it/s]
                                          
normal: 202/2000 frame=201

Diffusion steps...: 0it [00:00, ?it/s]
Diffusion steps...: 4it [00:00, 30.84it/s]
Diffusion steps...: 8it [00:00, 31.07it/s]
                                          
normal: 203/2000 frame=202

Diffusion steps...: 0it [00:00, ?it/s]
Diffusion steps...: 4it [00:00, 30.90it/s]
Diffusion steps...: 8it [00:00, 31.14it/s]
                                          
normal: 204/2000 frame=203

Diffusion steps...: 0it [00:00, ?it/s]
Diffusion steps...: 4it [00:00, 30.83it/s]
Diffusion steps...: 8it [00:00, 31.12it/s]
                                          
normal: 205/2000 frame=204

Diffusion steps...: 0it [00:00, ?it/s]
Diffusion steps...: 4it [00:00, 30.68it/s]
Diffusion steps...: 8it [00:00, 31.04it/s]
                                          
normal: 206/2000 frame=205

Diffusion steps...: 0it [00:00, ?it/s]
Diffusion steps...: 4it [00:00, 30.73it/s]
Diffusion steps...: 8it [00:00, 30.98it/s]
                                          
normal: 207/2000 frame=206

Diffusion steps...: 0it [00:00, ?it/s]
Diffusion steps...: 4it [00:00, 30.69it/s]
Diffusion steps...: 8it [00:00, 31.04it/s]
                                          
normal: 208/2000 frame=207

Diffusion steps...: 0it [00:00, ?it/s]
Diffusion steps...: 4it [00:00, 30.66it/s]
Diffusion steps...: 8it [00:00, 31.01it/s]
                                          
normal: 209/2000 frame=208

Diffusion steps...: 0it [00:00, ?it/s]
Diffusion steps...: 4it [00:00, 30.80it/s]
Diffusion steps...: 8it [00:00, 31.05it/s]
                                          
normal: 210/2000 frame=209

Diffusion steps...: 0it [00:00, ?it/s]
Diffusion steps...: 4it [00:00, 30.85it/s]
Diffusion steps...: 8it [00:00, 31.14it/s]
                                          
normal: 211/2000 frame=210

Diffusion steps...: 0it [00:00, ?it/s]
Diffusion steps...: 4it [00:00, 30.85it/s]
Diffusion steps...: 8it [00:00, 31.13it/s]
                                          
normal: 212/2000 frame=211

Diffusion steps...: 0it [00:00, ?it/s]
Diffusion steps...: 4it [00:00, 30.80it/s]
Diffusion steps...: 8it [00:00, 31.10it/s]
                                          
normal: 213/2000 frame=212

Diffusion steps...: 0it [00:00, ?it/s]
Diffusion steps...: 4it [00:00, 30.84it/s]
Diffusion steps...: 8it [00:00, 31.14it/s]
                                          
normal: 214/2000 frame=213

Diffusion steps...: 0it [00:00, ?it/s]
Diffusion steps...: 4it [00:00, 30.76it/s]
Diffusion steps...: 8it [00:00, 31.08it/s]
                                          
normal: 215/2000 frame=214

Diffusion steps...: 0it [00:00, ?it/s]
Diffusion steps...: 4it [00:00, 30.74it/s]
Diffusion steps...: 8it [00:00, 31.16it/s]
                                          
normal: 216/2000 frame=215

Diffusion steps...: 0it [00:00, ?it/s]
Diffusion steps...: 4it [00:00, 30.81it/s]
Diffusion steps...: 8it [00:00, 31.11it/s]
                                          
normal: 217/2000 frame=216

Diffusion steps...: 0it [00:00, ?it/s]
Diffusion steps...: 4it [00:00, 30.81it/s]
Diffusion steps...: 8it [00:00, 31.12it/s]
                                          
normal: 218/2000 frame=217

Diffusion steps...: 0it [00:00, ?it/s]
Diffusion steps...: 4it [00:00, 30.85it/s]
Diffusion steps...: 8it [00:00, 31.12it/s]
                                          
normal: 219/2000 frame=218

Diffusion steps...: 0it [00:00, ?it/s]
Diffusion steps...: 4it [00:00, 30.89it/s]
Diffusion steps...: 8it [00:00, 31.15it/s]
                                          
normal: 220/2000 frame=219

Diffusion steps...: 0it [00:00, ?it/s]
Diffusion steps...: 4it [00:00, 30.87it/s]
Diffusion steps...: 8it [00:00, 31.13it/s]
                                          
normal: 221/2000 frame=220

Diffusion steps...: 0it [00:00, ?it/s]
Diffusion steps...: 4it [00:00, 30.80it/s]
Diffusion steps...: 8it [00:00, 31.16it/s]
                                          
normal: 222/2000 frame=221

Diffusion steps...: 0it [00:00, ?it/s]
Diffusion steps...: 4it [00:00, 30.76it/s]
Diffusion steps...: 8it [00:00, 31.05it/s]
                                          
normal: 223/2000 frame=222

Diffusion steps...: 0it [00:00, ?it/s]
Diffusion steps...: 4it [00:00, 30.91it/s]
Diffusion steps...: 8it [00:00, 31.17it/s]
                                          
normal: 224/2000 frame=223

Diffusion steps...: 0it [00:00, ?it/s]
Diffusion steps...: 4it [00:00, 30.81it/s]
Diffusion steps...: 8it [00:00, 31.13it/s]
                                          
normal: 225/2000 frame=224

Diffusion steps...: 0it [00:00, ?it/s]
Diffusion steps...: 4it [00:00, 30.86it/s]
Diffusion steps...: 8it [00:00, 31.20it/s]
                                          
normal: 226/2000 frame=225

Diffusion steps...: 0it [00:00, ?it/s]
Diffusion steps...: 4it [00:00, 30.81it/s]
Diffusion steps...: 8it [00:00, 31.20it/s]
                                          
normal: 227/2000 frame=226

Diffusion steps...: 0it [00:00, ?it/s]
Diffusion steps...: 4it [00:00, 30.83it/s]
Diffusion steps...: 8it [00:00, 31.14it/s]
                                          
normal: 228/2000 frame=227

Diffusion steps...: 0it [00:00, ?it/s]
Diffusion steps...: 4it [00:00, 30.70it/s]
Diffusion steps...: 8it [00:00, 31.01it/s]
                                          
normal: 229/2000 frame=228

Diffusion steps...: 0it [00:00, ?it/s]
Diffusion steps...: 4it [00:00, 30.96it/s]
Diffusion steps...: 8it [00:00, 31.25it/s]
                                          
normal: 230/2000 frame=229

Diffusion steps...: 0it [00:00, ?it/s]
Diffusion steps...: 4it [00:00, 30.65it/s]
Diffusion steps...: 8it [00:00, 31.10it/s]
                                          
normal: 231/2000 frame=230

Diffusion steps...: 0it [00:00, ?it/s]
Diffusion steps...: 4it [00:00, 30.85it/s]
Diffusion steps...: 8it [00:00, 31.19it/s]
                                          
normal: 232/2000 frame=231

Diffusion steps...: 0it [00:00, ?it/s]
Diffusion steps...: 4it [00:00, 30.75it/s]
Diffusion steps...: 8it [00:00, 31.05it/s]
                                          
normal: 233/2000 frame=232

Diffusion steps...: 0it [00:00, ?it/s]
Diffusion steps...: 4it [00:00, 30.87it/s]
Diffusion steps...: 8it [00:00, 31.18it/s]
                                          
normal: 234/2000 frame=233

Diffusion steps...: 0it [00:00, ?it/s]
Diffusion steps...: 4it [00:00, 30.85it/s]
Diffusion steps...: 8it [00:00, 31.01it/s]
                                          
normal: 235/2000 frame=234

Diffusion steps...: 0it [00:00, ?it/s]
Diffusion steps...: 4it [00:00, 30.84it/s]
Diffusion steps...: 8it [00:00, 31.15it/s]
                                          
normal: 236/2000 frame=235

Diffusion steps...: 0it [00:00, ?it/s]
Diffusion steps...: 4it [00:00, 30.91it/s]
Diffusion steps...: 8it [00:00, 30.88it/s]
                                          
normal: 237/2000 frame=236

Diffusion steps...: 0it [00:00, ?it/s]
Diffusion steps...: 4it [00:00, 30.67it/s]
Diffusion steps...: 8it [00:00, 31.09it/s]
                                          
normal: 238/2000 frame=237

Diffusion steps...: 0it [00:00, ?it/s]
Diffusion steps...: 4it [00:00, 30.74it/s]
Diffusion steps...: 8it [00:00, 31.04it/s]
                                          
normal: 239/2000 frame=238

Diffusion steps...: 0it [00:00, ?it/s]
Diffusion steps...: 4it [00:00, 30.90it/s]
Diffusion steps...: 8it [00:00, 31.16it/s]
                                          
normal: 240/2000 frame=239

Diffusion steps...: 0it [00:00, ?it/s]
Diffusion steps...: 4it [00:00, 30.80it/s]
Diffusion steps...: 8it [00:00, 31.05it/s]
                                          
normal: 241/2000 frame=240

Diffusion steps...: 0it [00:00, ?it/s]
Diffusion steps...: 4it [00:00, 30.80it/s]
Diffusion steps...: 8it [00:00, 31.11it/s]
                                          
normal: 242/2000 frame=241

Diffusion steps...: 0it [00:00, ?it/s]
Diffusion steps...: 4it [00:00, 30.73it/s]
Diffusion steps...: 8it [00:00, 31.03it/s]
                                          
normal: 243/2000 frame=242

Diffusion steps...: 0it [00:00, ?it/s]
Diffusion steps...: 4it [00:00, 30.74it/s]
Diffusion steps...: 8it [00:00, 31.09it/s]
                                          
normal: 244/2000 frame=243

Diffusion steps...: 0it [00:00, ?it/s]
Diffusion steps...: 4it [00:00, 30.88it/s]
Diffusion steps...: 8it [00:00, 31.12it/s]
                                          
normal: 245/2000 frame=244

Diffusion steps...: 0it [00:00, ?it/s]
Diffusion steps...: 4it [00:00, 30.74it/s]
Diffusion steps...: 8it [00:00, 31.07it/s]
                                          
normal: 246/2000 frame=245

Diffusion steps...: 0it [00:00, ?it/s]
Diffusion steps...: 4it [00:00, 30.78it/s]
Diffusion steps...: 8it [00:00, 31.05it/s]
                                          
normal: 247/2000 frame=246

Diffusion steps...: 0it [00:00, ?it/s]
Diffusion steps...: 4it [00:00, 31.02it/s]
Diffusion steps...: 8it [00:00, 31.20it/s]
                                          
normal: 248/2000 frame=247

Diffusion steps...: 0it [00:00, ?it/s]
Diffusion steps...: 4it [00:00, 30.81it/s]
Diffusion steps...: 8it [00:00, 31.07it/s]
                                          
normal: 249/2000 frame=248

Diffusion steps...: 0it [00:00, ?it/s]
Diffusion steps...: 4it [00:00, 30.74it/s]
Diffusion steps...: 8it [00:00, 31.06it/s]
                                          
normal: 250/2000 frame=249

Diffusion steps...: 0it [00:00, ?it/s]
Diffusion steps...: 4it [00:00, 30.84it/s]
Diffusion steps...: 8it [00:00, 31.10it/s]
                                          
normal: 251/2000 frame=250

Diffusion steps...: 0it [00:00, ?it/s]
Diffusion steps...: 4it [00:00, 30.78it/s]
Diffusion steps...: 8it [00:00, 31.11it/s]
                                          
normal: 252/2000 frame=251

Diffusion steps...: 0it [00:00, ?it/s]
Diffusion steps...: 4it [00:00, 30.76it/s]
Diffusion steps...: 8it [00:00, 31.02it/s]
                                          
normal: 253/2000 frame=252

Diffusion steps...: 0it [00:00, ?it/s]
Diffusion steps...: 4it [00:00, 30.78it/s]
Diffusion steps...: 8it [00:00, 31.09it/s]
                                          
normal: 254/2000 frame=253

Diffusion steps...: 0it [00:00, ?it/s]
Diffusion steps...: 4it [00:00, 30.78it/s]
Diffusion steps...: 8it [00:00, 31.07it/s]
                                          
normal: 255/2000 frame=254

Diffusion steps...: 0it [00:00, ?it/s]
Diffusion steps...: 4it [00:00, 30.78it/s]
Diffusion steps...: 8it [00:00, 31.04it/s]
                                          
normal: 256/2000 frame=255

Diffusion steps...: 0it [00:00, ?it/s]
Diffusion steps...: 4it [00:00, 30.85it/s]
Diffusion steps...: 8it [00:00, 31.09it/s]
                                          
normal: 257/2000 frame=256

Diffusion steps...: 0it [00:00, ?it/s]
Diffusion steps...: 4it [00:00, 30.82it/s]
Diffusion steps...: 8it [00:00, 31.10it/s]
                                          
normal: 258/2000 frame=257

Diffusion steps...: 0it [00:00, ?it/s]
Diffusion steps...: 4it [00:00, 30.87it/s]
Diffusion steps...: 8it [00:00, 31.10it/s]
                                          
normal: 259/2000 frame=258

Diffusion steps...: 0it [00:00, ?it/s]
Diffusion steps...: 4it [00:00, 30.85it/s]
Diffusion steps...: 8it [00:00, 31.11it/s]
                                          
normal: 260/2000 frame=259

Diffusion steps...: 0it [00:00, ?it/s]
Diffusion steps...: 4it [00:00, 30.85it/s]
Diffusion steps...: 8it [00:00, 31.08it/s]
                                          
normal: 261/2000 frame=260

Diffusion steps...: 0it [00:00, ?it/s]
Diffusion steps...: 4it [00:00, 30.75it/s]
Diffusion steps...: 8it [00:00, 31.06it/s]
                                          
normal: 262/2000 frame=261

Diffusion steps...: 0it [00:00, ?it/s]
Diffusion steps...: 4it [00:00, 30.84it/s]
Diffusion steps...: 8it [00:00, 31.04it/s]
                                          
normal: 263/2000 frame=262

Diffusion steps...: 0it [00:00, ?it/s]
Diffusion steps...: 4it [00:00, 30.74it/s]
Diffusion steps...: 8it [00:00, 31.03it/s]
                                          
normal: 264/2000 frame=263

Diffusion steps...: 0it [00:00, ?it/s]
Diffusion steps...: 4it [00:00, 30.89it/s]
Diffusion steps...: 8it [00:00, 31.12it/s]
                                          
normal: 265/2000 frame=264

Diffusion steps...: 0it [00:00, ?it/s]
Diffusion steps...: 4it [00:00, 30.85it/s]
Diffusion steps...: 8it [00:00, 31.11it/s]
                                          
normal: 266/2000 frame=265

Diffusion steps...: 0it [00:00, ?it/s]
Diffusion steps...: 4it [00:00, 30.84it/s]
Diffusion steps...: 8it [00:00, 31.06it/s]
                                          
normal: 267/2000 frame=266

Diffusion steps...: 0it [00:00, ?it/s]
Diffusion steps...: 4it [00:00, 30.93it/s]
Diffusion steps...: 8it [00:00, 31.14it/s]
                                          
normal: 268/2000 frame=267

Diffusion steps...: 0it [00:00, ?it/s]
Diffusion steps...: 4it [00:00, 30.90it/s]
Diffusion steps...: 8it [00:00, 31.11it/s]
                                          
normal: 269/2000 frame=268

Diffusion steps...: 0it [00:00, ?it/s]
Diffusion steps...: 4it [00:00, 30.80it/s]
Diffusion steps...: 8it [00:00, 31.10it/s]
                                          
normal: 270/2000 frame=269

Diffusion steps...: 0it [00:00, ?it/s]
Diffusion steps...: 4it [00:00, 30.89it/s]
Diffusion steps...: 8it [00:00, 31.07it/s]
                                          
normal: 271/2000 frame=270

Diffusion steps...: 0it [00:00, ?it/s]
Diffusion steps...: 4it [00:00, 30.89it/s]
Diffusion steps...: 8it [00:00, 31.12it/s]
                                          
normal: 272/2000 frame=271

Diffusion steps...: 0it [00:00, ?it/s]
Diffusion steps...: 4it [00:00, 30.73it/s]
Diffusion steps...: 8it [00:00, 31.07it/s]
                                          
normal: 273/2000 frame=272

Diffusion steps...: 0it [00:00, ?it/s]
Diffusion steps...: 4it [00:00, 30.87it/s]
Diffusion steps...: 8it [00:00, 31.13it/s]
                                          
normal: 274/2000 frame=273

Diffusion steps...: 0it [00:00, ?it/s]
Diffusion steps...: 4it [00:00, 30.85it/s]
Diffusion steps...: 8it [00:00, 31.10it/s]
                                          
normal: 275/2000 frame=274

Diffusion steps...: 0it [00:00, ?it/s]
Diffusion steps...: 4it [00:00, 30.87it/s]
Diffusion steps...: 8it [00:00, 31.11it/s]
                                          
normal: 276/2000 frame=275

Diffusion steps...: 0it [00:00, ?it/s]
Diffusion steps...: 4it [00:00, 30.81it/s]
Diffusion steps...: 8it [00:00, 31.05it/s]
                                          
normal: 277/2000 frame=276

Diffusion steps...: 0it [00:00, ?it/s]
Diffusion steps...: 4it [00:00, 30.96it/s]
Diffusion steps...: 8it [00:00, 31.18it/s]
                                          
normal: 278/2000 frame=277

Diffusion steps...: 0it [00:00, ?it/s]
Diffusion steps...: 4it [00:00, 30.77it/s]
Diffusion steps...: 8it [00:00, 31.05it/s]
                                          
normal: 279/2000 frame=278

Diffusion steps...: 0it [00:00, ?it/s]
Diffusion steps...: 4it [00:00, 30.77it/s]
Diffusion steps...: 8it [00:00, 31.05it/s]
                                          
normal: 280/2000 frame=279

Diffusion steps...: 0it [00:00, ?it/s]
Diffusion steps...: 4it [00:00, 30.77it/s]
Diffusion steps...: 8it [00:00, 31.03it/s]
                                          
normal: 281/2000 frame=280

Diffusion steps...: 0it [00:00, ?it/s]
Diffusion steps...: 4it [00:00, 30.82it/s]
Diffusion steps...: 8it [00:00, 31.08it/s]
                                          
normal: 282/2000 frame=281

Diffusion steps...: 0it [00:00, ?it/s]
Diffusion steps...: 4it [00:00, 30.71it/s]
Diffusion steps...: 8it [00:00, 31.01it/s]
                                          
normal: 283/2000 frame=282

Diffusion steps...: 0it [00:00, ?it/s]
Diffusion steps...: 4it [00:00, 30.84it/s]
Diffusion steps...: 8it [00:00, 31.09it/s]
                                          
normal: 284/2000 frame=283

Diffusion steps...: 0it [00:00, ?it/s]
Diffusion steps...: 4it [00:00, 30.94it/s]
Diffusion steps...: 8it [00:00, 31.15it/s]
                                          
normal: 285/2000 frame=284

Diffusion steps...: 0it [00:00, ?it/s]
Diffusion steps...: 4it [00:00, 30.64it/s]
Diffusion steps...: 8it [00:00, 31.04it/s]
                                          
normal: 286/2000 frame=285

Diffusion steps...: 0it [00:00, ?it/s]
Diffusion steps...: 4it [00:00, 30.69it/s]
Diffusion steps...: 8it [00:00, 31.03it/s]
                                          
normal: 287/2000 frame=286

Diffusion steps...: 0it [00:00, ?it/s]
Diffusion steps...: 4it [00:00, 30.88it/s]
Diffusion steps...: 8it [00:00, 31.11it/s]
                                          
normal: 288/2000 frame=287

Diffusion steps...: 0it [00:00, ?it/s]
Diffusion steps...: 4it [00:00, 30.85it/s]
Diffusion steps...: 8it [00:00, 31.11it/s]
                                          
normal: 289/2000 frame=288

Diffusion steps...: 0it [00:00, ?it/s]
Diffusion steps...: 4it [00:00, 30.86it/s]
Diffusion steps...: 8it [00:00, 31.15it/s]
                                          
normal: 290/2000 frame=289

Diffusion steps...: 0it [00:00, ?it/s]
Diffusion steps...: 4it [00:00, 30.82it/s]
Diffusion steps...: 8it [00:00, 31.11it/s]
                                          
normal: 291/2000 frame=290

Diffusion steps...: 0it [00:00, ?it/s]
Diffusion steps...: 4it [00:00, 30.57it/s]
Diffusion steps...: 8it [00:00, 30.84it/s]
                                          
normal: 292/2000 frame=291

Diffusion steps...: 0it [00:00, ?it/s]
Diffusion steps...: 4it [00:00, 30.80it/s]
Diffusion steps...: 8it [00:00, 31.08it/s]
                                          
normal: 293/2000 frame=292

Diffusion steps...: 0it [00:00, ?it/s]
Diffusion steps...: 4it [00:00, 30.76it/s]
Diffusion steps...: 8it [00:00, 31.07it/s]
                                          
normal: 294/2000 frame=293

Diffusion steps...: 0it [00:00, ?it/s]
Diffusion steps...: 4it [00:00, 30.82it/s]
Diffusion steps...: 8it [00:00, 31.03it/s]
                                          
normal: 295/2000 frame=294

Diffusion steps...: 0it [00:00, ?it/s]
Diffusion steps...: 4it [00:00, 30.73it/s]
Diffusion steps...: 8it [00:00, 31.02it/s]
                                          
normal: 296/2000 frame=295

Diffusion steps...: 0it [00:00, ?it/s]
Diffusion steps...: 4it [00:00, 30.69it/s]
Diffusion steps...: 8it [00:00, 31.00it/s]
                                          
normal: 297/2000 frame=296

Diffusion steps...: 0it [00:00, ?it/s]
Diffusion steps...: 4it [00:00, 30.74it/s]
Diffusion steps...: 8it [00:00, 31.04it/s]
                                          
normal: 298/2000 frame=297

Diffusion steps...: 0it [00:00, ?it/s]
Diffusion steps...: 4it [00:00, 30.79it/s]
Diffusion steps...: 8it [00:00, 31.04it/s]
                                          
normal: 299/2000 frame=298

Diffusion steps...: 0it [00:00, ?it/s]
Diffusion steps...: 4it [00:00, 30.69it/s]
Diffusion steps...: 8it [00:00, 31.04it/s]
                                          
normal: 300/2000 frame=299

Diffusion steps...: 0it [00:00, ?it/s]
Diffusion steps...: 4it [00:00, 30.81it/s]
Diffusion steps...: 8it [00:00, 31.05it/s]
                                          
normal: 301/2000 frame=300

Diffusion steps...: 0it [00:00, ?it/s]
Diffusion steps...: 4it [00:00, 30.94it/s]
Diffusion steps...: 8it [00:00, 31.15it/s]
                                          
normal: 302/2000 frame=301

Diffusion steps...: 0it [00:00, ?it/s]
Diffusion steps...: 4it [00:00, 30.65it/s]
Diffusion steps...: 8it [00:00, 30.90it/s]
                                          
normal: 303/2000 frame=302

Diffusion steps...: 0it [00:00, ?it/s]
Diffusion steps...: 4it [00:00, 30.64it/s]
Diffusion steps...: 8it [00:00, 30.96it/s]
                                          
normal: 304/2000 frame=303

Diffusion steps...: 0it [00:00, ?it/s]
Diffusion steps...: 4it [00:00, 30.82it/s]
Diffusion steps...: 8it [00:00, 31.10it/s]
                                          
normal: 305/2000 frame=304

Diffusion steps...: 0it [00:00, ?it/s]
Diffusion steps...: 4it [00:00, 30.75it/s]
Diffusion steps...: 8it [00:00, 31.12it/s]
                                          
normal: 306/2000 frame=305

Diffusion steps...: 0it [00:00, ?it/s]
Diffusion steps...: 4it [00:00, 30.90it/s]
Diffusion steps...: 8it [00:00, 31.12it/s]
                                          
normal: 307/2000 frame=306

Diffusion steps...: 0it [00:00, ?it/s]
Diffusion steps...: 4it [00:00, 30.85it/s]
Diffusion steps...: 8it [00:00, 31.09it/s]
                                          
normal: 308/2000 frame=307

Diffusion steps...: 0it [00:00, ?it/s]
Diffusion steps...: 4it [00:00, 30.88it/s]
Diffusion steps...: 8it [00:00, 31.08it/s]
                                          
normal: 309/2000 frame=308

Diffusion steps...: 0it [00:00, ?it/s]
Diffusion steps...: 4it [00:00, 30.80it/s]
Diffusion steps...: 8it [00:00, 31.08it/s]
                                          
normal: 310/2000 frame=309

Diffusion steps...: 0it [00:00, ?it/s]
Diffusion steps...: 4it [00:00, 30.71it/s]
Diffusion steps...: 8it [00:00, 30.97it/s]
                                          
normal: 311/2000 frame=310

Diffusion steps...: 0it [00:00, ?it/s]
Diffusion steps...: 4it [00:00, 30.71it/s]
Diffusion steps...: 8it [00:00, 30.98it/s]
                                          
normal: 312/2000 frame=311

Diffusion steps...: 0it [00:00, ?it/s]
Diffusion steps...: 4it [00:00, 30.80it/s]
Diffusion steps...: 8it [00:00, 31.05it/s]
                                          
normal: 313/2000 frame=312

Diffusion steps...: 0it [00:00, ?it/s]
Diffusion steps...: 4it [00:00, 30.77it/s]
Diffusion steps...: 8it [00:00, 31.07it/s]
                                          
normal: 314/2000 frame=313

Diffusion steps...: 0it [00:00, ?it/s]
Diffusion steps...: 4it [00:00, 30.94it/s]
Diffusion steps...: 8it [00:00, 31.13it/s]
                                          
normal: 315/2000 frame=314

Diffusion steps...: 0it [00:00, ?it/s]
Diffusion steps...: 4it [00:00, 30.72it/s]
Diffusion steps...: 8it [00:00, 31.03it/s]
                                          
normal: 316/2000 frame=315

Diffusion steps...: 0it [00:00, ?it/s]
Diffusion steps...: 4it [00:00, 30.73it/s]
Diffusion steps...: 8it [00:00, 31.03it/s]
                                          
normal: 317/2000 frame=316

Diffusion steps...: 0it [00:00, ?it/s]
Diffusion steps...: 4it [00:00, 30.81it/s]
Diffusion steps...: 8it [00:00, 31.06it/s]
                                          
normal: 318/2000 frame=317

Diffusion steps...: 0it [00:00, ?it/s]
Diffusion steps...: 4it [00:00, 30.83it/s]
Diffusion steps...: 8it [00:00, 31.06it/s]
                                          
normal: 319/2000 frame=318

Diffusion steps...: 0it [00:00, ?it/s]
Diffusion steps...: 4it [00:00, 30.80it/s]
Diffusion steps...: 8it [00:00, 31.07it/s]
                                          
normal: 320/2000 frame=319

Diffusion steps...: 0it [00:00, ?it/s]
Diffusion steps...: 4it [00:00, 30.78it/s]
Diffusion steps...: 8it [00:00, 31.07it/s]
                                          
normal: 321/2000 frame=320

Diffusion steps...: 0it [00:00, ?it/s]
Diffusion steps...: 4it [00:00, 30.91it/s]
Diffusion steps...: 8it [00:00, 31.13it/s]
                                          
normal: 322/2000 frame=321

Diffusion steps...: 0it [00:00, ?it/s]
Diffusion steps...: 4it [00:00, 30.73it/s]
Diffusion steps...: 8it [00:00, 31.03it/s]
                                          
normal: 323/2000 frame=322

Diffusion steps...: 0it [00:00, ?it/s]
Diffusion steps...: 4it [00:00, 30.84it/s]
Diffusion steps...: 8it [00:00, 31.10it/s]
                                          
normal: 324/2000 frame=323

Diffusion steps...: 0it [00:00, ?it/s]
Diffusion steps...: 4it [00:00, 30.91it/s]
Diffusion steps...: 8it [00:00, 31.13it/s]
                                          
normal: 325/2000 frame=324

Diffusion steps...: 0it [00:00, ?it/s]
Diffusion steps...: 4it [00:00, 30.90it/s]
Diffusion steps...: 8it [00:00, 31.14it/s]
                                          
normal: 326/2000 frame=325

Diffusion steps...: 0it [00:00, ?it/s]
Diffusion steps...: 4it [00:00, 30.78it/s]
Diffusion steps...: 8it [00:00, 31.06it/s]
                                          
normal: 327/2000 frame=326

Diffusion steps...: 0it [00:00, ?it/s]
Diffusion steps...: 4it [00:00, 30.84it/s]
Diffusion steps...: 8it [00:00, 31.10it/s]
                                          
normal: 328/2000 frame=327

Diffusion steps...: 0it [00:00, ?it/s]
Diffusion steps...: 4it [00:00, 30.76it/s]
Diffusion steps...: 8it [00:00, 31.03it/s]
                                          
normal: 329/2000 frame=328

Diffusion steps...: 0it [00:00, ?it/s]
Diffusion steps...: 4it [00:00, 30.69it/s]
Diffusion steps...: 8it [00:00, 30.98it/s]
                                          
normal: 330/2000 frame=329

Diffusion steps...: 0it [00:00, ?it/s]
Diffusion steps...: 4it [00:00, 30.78it/s]
Diffusion steps...: 8it [00:00, 31.08it/s]
                                          
normal: 331/2000 frame=330

Diffusion steps...: 0it [00:00, ?it/s]
Diffusion steps...: 4it [00:00, 30.84it/s]
Diffusion steps...: 8it [00:00, 31.11it/s]
                                          
normal: 332/2000 frame=331

Diffusion steps...: 0it [00:00, ?it/s]
Diffusion steps...: 4it [00:00, 30.82it/s]
Diffusion steps...: 8it [00:00, 31.08it/s]
                                          
normal: 333/2000 frame=332

Diffusion steps...: 0it [00:00, ?it/s]
Diffusion steps...: 4it [00:00, 30.78it/s]
Diffusion steps...: 8it [00:00, 31.08it/s]
                                          
normal: 334/2000 frame=333

Diffusion steps...: 0it [00:00, ?it/s]
Diffusion steps...: 4it [00:00, 30.71it/s]
Diffusion steps...: 8it [00:00, 31.03it/s]
                                          
normal: 335/2000 frame=334

Diffusion steps...: 0it [00:00, ?it/s]
Diffusion steps...: 4it [00:00, 30.92it/s]
Diffusion steps...: 8it [00:00, 31.17it/s]
                                          
normal: 336/2000 frame=335

Diffusion steps...: 0it [00:00, ?it/s]
Diffusion steps...: 4it [00:00, 30.81it/s]
Diffusion steps...: 8it [00:00, 31.12it/s]
                                          
normal: 337/2000 frame=336

Diffusion steps...: 0it [00:00, ?it/s]
Diffusion steps...: 4it [00:00, 30.85it/s]
Diffusion steps...: 8it [00:00, 31.13it/s]
                                          
normal: 338/2000 frame=337

Diffusion steps...: 0it [00:00, ?it/s]
Diffusion steps...: 4it [00:00, 30.86it/s]
Diffusion steps...: 8it [00:00, 31.08it/s]
                                          
normal: 339/2000 frame=338

Diffusion steps...: 0it [00:00, ?it/s]
Diffusion steps...: 4it [00:00, 30.87it/s]
Diffusion steps...: 8it [00:00, 31.15it/s]
                                          
normal: 340/2000 frame=339

Diffusion steps...: 0it [00:00, ?it/s]
Diffusion steps...: 4it [00:00, 30.75it/s]
Diffusion steps...: 8it [00:00, 31.08it/s]
                                          
normal: 341/2000 frame=340

Diffusion steps...: 0it [00:00, ?it/s]
Diffusion steps...: 4it [00:00, 30.91it/s]
Diffusion steps...: 8it [00:00, 31.15it/s]
                                          
normal: 342/2000 frame=341

Diffusion steps...: 0it [00:00, ?it/s]
Diffusion steps...: 4it [00:00, 30.79it/s]
Diffusion steps...: 8it [00:00, 31.09it/s]
                                          
normal: 343/2000 frame=342

Diffusion steps...: 0it [00:00, ?it/s]
Diffusion steps...: 4it [00:00, 30.89it/s]
Diffusion steps...: 8it [00:00, 31.19it/s]
                                          
normal: 344/2000 frame=343

Diffusion steps...: 0it [00:00, ?it/s]
Diffusion steps...: 4it [00:00, 30.78it/s]
Diffusion steps...: 8it [00:00, 31.03it/s]
                                          
normal: 345/2000 frame=344

Diffusion steps...: 0it [00:00, ?it/s]
Diffusion steps...: 4it [00:00, 30.87it/s]
Diffusion steps...: 8it [00:00, 31.11it/s]
                                          
normal: 346/2000 frame=345

Diffusion steps...: 0it [00:00, ?it/s]
Diffusion steps...: 4it [00:00, 30.80it/s]
Diffusion steps...: 8it [00:00, 31.06it/s]
                                          
normal: 347/2000 frame=346

Diffusion steps...: 0it [00:00, ?it/s]
Diffusion steps...: 4it [00:00, 30.81it/s]
Diffusion steps...: 8it [00:00, 31.08it/s]
                                          
normal: 348/2000 frame=347

Diffusion steps...: 0it [00:00, ?it/s]
Diffusion steps...: 4it [00:00, 30.53it/s]
Diffusion steps...: 8it [00:00, 30.92it/s]
                                          
normal: 349/2000 frame=348

Diffusion steps...: 0it [00:00, ?it/s]
Diffusion steps...: 4it [00:00, 30.71it/s]
Diffusion steps...: 8it [00:00, 31.04it/s]
                                          
normal: 350/2000 frame=349

Diffusion steps...: 0it [00:00, ?it/s]
Diffusion steps...: 4it [00:00, 30.67it/s]
Diffusion steps...: 8it [00:00, 31.03it/s]
                                          
normal: 351/2000 frame=350

Diffusion steps...: 0it [00:00, ?it/s]
Diffusion steps...: 4it [00:00, 30.82it/s]
Diffusion steps...: 8it [00:00, 31.10it/s]
                                          
normal: 352/2000 frame=351

Diffusion steps...: 0it [00:00, ?it/s]
Diffusion steps...: 4it [00:00, 30.74it/s]
Diffusion steps...: 8it [00:00, 30.99it/s]
                                          
normal: 353/2000 frame=352

Diffusion steps...: 0it [00:00, ?it/s]
Diffusion steps...: 4it [00:00, 30.72it/s]
Diffusion steps...: 8it [00:00, 31.00it/s]
                                          
normal: 354/2000 frame=353

Diffusion steps...: 0it [00:00, ?it/s]
Diffusion steps...: 4it [00:00, 30.73it/s]
Diffusion steps...: 8it [00:00, 31.02it/s]
                                          
normal: 355/2000 frame=354

Diffusion steps...: 0it [00:00, ?it/s]
Diffusion steps...: 4it [00:00, 30.89it/s]
Diffusion steps...: 8it [00:00, 31.13it/s]
                                          
normal: 356/2000 frame=355

Diffusion steps...: 0it [00:00, ?it/s]
Diffusion steps...: 4it [00:00, 30.85it/s]
Diffusion steps...: 8it [00:00, 31.10it/s]
                                          
normal: 357/2000 frame=356

Diffusion steps...: 0it [00:00, ?it/s]
Diffusion steps...: 4it [00:00, 30.75it/s]
Diffusion steps...: 8it [00:00, 31.02it/s]
                                          
normal: 358/2000 frame=357

Diffusion steps...: 0it [00:00, ?it/s]
Diffusion steps...: 4it [00:00, 30.94it/s]
Diffusion steps...: 8it [00:00, 31.14it/s]
                                          
normal: 359/2000 frame=358

Diffusion steps...: 0it [00:00, ?it/s]
Diffusion steps...: 4it [00:00, 30.80it/s]
Diffusion steps...: 8it [00:00, 31.12it/s]
                                          
normal: 360/2000 frame=359

Diffusion steps...: 0it [00:00, ?it/s]
Diffusion steps...: 4it [00:00, 30.83it/s]
Diffusion steps...: 8it [00:00, 31.07it/s]
                                          
normal: 361/2000 frame=360

Diffusion steps...: 0it [00:00, ?it/s]
Diffusion steps...: 4it [00:00, 30.76it/s]
Diffusion steps...: 8it [00:00, 31.06it/s]
                                          
normal: 362/2000 frame=361

Diffusion steps...: 0it [00:00, ?it/s]
Diffusion steps...: 4it [00:00, 30.84it/s]
Diffusion steps...: 8it [00:00, 31.05it/s]
                                          
normal: 363/2000 frame=362

Diffusion steps...: 0it [00:00, ?it/s]
Diffusion steps...: 4it [00:00, 30.75it/s]
Diffusion steps...: 8it [00:00, 31.08it/s]
                                          
normal: 364/2000 frame=363

Diffusion steps...: 0it [00:00, ?it/s]
Diffusion steps...: 4it [00:00, 30.82it/s]
Diffusion steps...: 8it [00:00, 31.10it/s]
                                          
normal: 365/2000 frame=364

Diffusion steps...: 0it [00:00, ?it/s]
Diffusion steps...: 4it [00:00, 30.80it/s]
Diffusion steps...: 8it [00:00, 31.10it/s]
                                          
normal: 366/2000 frame=365

Diffusion steps...: 0it [00:00, ?it/s]
Diffusion steps...: 4it [00:00, 30.78it/s]
Diffusion steps...: 8it [00:00, 30.99it/s]
                                          
normal: 367/2000 frame=366

Diffusion steps...: 0it [00:00, ?it/s]
Diffusion steps...: 4it [00:00, 30.84it/s]
Diffusion steps...: 8it [00:00, 31.13it/s]
                                          
normal: 368/2000 frame=367

Diffusion steps...: 0it [00:00, ?it/s]
Diffusion steps...: 4it [00:00, 30.83it/s]
Diffusion steps...: 8it [00:00, 31.08it/s]
                                          
normal: 369/2000 frame=368

Diffusion steps...: 0it [00:00, ?it/s]
Diffusion steps...: 4it [00:00, 30.79it/s]
Diffusion steps...: 8it [00:00, 31.05it/s]
                                          
normal: 370/2000 frame=369

Diffusion steps...: 0it [00:00, ?it/s]
Diffusion steps...: 4it [00:00, 30.68it/s]
Diffusion steps...: 8it [00:00, 30.91it/s]
                                          
normal: 371/2000 frame=370

Diffusion steps...: 0it [00:00, ?it/s]
Diffusion steps...: 4it [00:00, 30.76it/s]
Diffusion steps...: 8it [00:00, 31.01it/s]
                                          
normal: 372/2000 frame=371

Diffusion steps...: 0it [00:00, ?it/s]
Diffusion steps...: 4it [00:00, 30.56it/s]
Diffusion steps...: 8it [00:00, 31.04it/s]
                                          
normal: 373/2000 frame=372

Diffusion steps...: 0it [00:00, ?it/s]
Diffusion steps...: 4it [00:00, 30.86it/s]
Diffusion steps...: 8it [00:00, 31.09it/s]
                                          
normal: 374/2000 frame=373

Diffusion steps...: 0it [00:00, ?it/s]
Diffusion steps...: 4it [00:00, 30.78it/s]
Diffusion steps...: 8it [00:00, 31.06it/s]
                                          
normal: 375/2000 frame=374

Diffusion steps...: 0it [00:00, ?it/s]
Diffusion steps...: 4it [00:00, 30.82it/s]
Diffusion steps...: 8it [00:00, 31.09it/s]
                                          
normal: 376/2000 frame=375

Diffusion steps...: 0it [00:00, ?it/s]
Diffusion steps...: 4it [00:00, 30.79it/s]
Diffusion steps...: 8it [00:00, 31.06it/s]
                                          
normal: 377/2000 frame=376

Diffusion steps...: 0it [00:00, ?it/s]
Diffusion steps...: 4it [00:00, 30.85it/s]
Diffusion steps...: 8it [00:00, 31.07it/s]
                                          
normal: 378/2000 frame=377

Diffusion steps...: 0it [00:00, ?it/s]
Diffusion steps...: 4it [00:00, 30.68it/s]
Diffusion steps...: 8it [00:00, 31.00it/s]
                                          
normal: 379/2000 frame=378

Diffusion steps...: 0it [00:00, ?it/s]
Diffusion steps...: 4it [00:00, 30.96it/s]
Diffusion steps...: 8it [00:00, 31.16it/s]
                                          
normal: 380/2000 frame=379

Diffusion steps...: 0it [00:00, ?it/s]
Diffusion steps...: 4it [00:00, 30.80it/s]
Diffusion steps...: 8it [00:00, 31.07it/s]
                                          
normal: 381/2000 frame=380

Diffusion steps...: 0it [00:00, ?it/s]
Diffusion steps...: 4it [00:00, 30.82it/s]
Diffusion steps...: 8it [00:00, 31.07it/s]
                                          
normal: 382/2000 frame=381

Diffusion steps...: 0it [00:00, ?it/s]
Diffusion steps...: 4it [00:00, 30.79it/s]
Diffusion steps...: 8it [00:00, 31.05it/s]
                                          
normal: 383/2000 frame=382

Diffusion steps...: 0it [00:00, ?it/s]
Diffusion steps...: 4it [00:00, 30.93it/s]
Diffusion steps...: 8it [00:00, 31.14it/s]
                                          
normal: 384/2000 frame=383

Diffusion steps...: 0it [00:00, ?it/s]
Diffusion steps...: 4it [00:00, 30.74it/s]
Diffusion steps...: 8it [00:00, 31.02it/s]
                                          
normal: 385/2000 frame=384

Diffusion steps...: 0it [00:00, ?it/s]
Diffusion steps...: 4it [00:00, 30.83it/s]
Diffusion steps...: 8it [00:00, 31.10it/s]
                                          
normal: 386/2000 frame=385

Diffusion steps...: 0it [00:00, ?it/s]
Diffusion steps...: 4it [00:00, 30.84it/s]
Diffusion steps...: 8it [00:00, 31.07it/s]
                                          
normal: 387/2000 frame=386

Diffusion steps...: 0it [00:00, ?it/s]
Diffusion steps...: 4it [00:00, 30.76it/s]
Diffusion steps...: 8it [00:00, 31.07it/s]
                                          
normal: 388/2000 frame=387

Diffusion steps...: 0it [00:00, ?it/s]
Diffusion steps...: 4it [00:00, 30.77it/s]
Diffusion steps...: 8it [00:00, 31.03it/s]
                                          
normal: 389/2000 frame=388

Diffusion steps...: 0it [00:00, ?it/s]
Diffusion steps...: 4it [00:00, 30.84it/s]
Diffusion steps...: 8it [00:00, 31.12it/s]
                                          
normal: 390/2000 frame=389

Diffusion steps...: 0it [00:00, ?it/s]
Diffusion steps...: 4it [00:00, 30.84it/s]
Diffusion steps...: 8it [00:00, 31.06it/s]
                                          
normal: 391/2000 frame=390

Diffusion steps...: 0it [00:00, ?it/s]
Diffusion steps...: 4it [00:00, 30.71it/s]
Diffusion steps...: 8it [00:00, 30.99it/s]
                                          
normal: 392/2000 frame=391

Diffusion steps...: 0it [00:00, ?it/s]
Diffusion steps...: 4it [00:00, 30.73it/s]
Diffusion steps...: 8it [00:00, 31.00it/s]
                                          
normal: 393/2000 frame=392

Diffusion steps...: 0it [00:00, ?it/s]
Diffusion steps...: 4it [00:00, 30.87it/s]
Diffusion steps...: 8it [00:00, 31.10it/s]
                                          
normal: 394/2000 frame=393

Diffusion steps...: 0it [00:00, ?it/s]
Diffusion steps...: 4it [00:00, 30.87it/s]
Diffusion steps...: 8it [00:00, 31.10it/s]
                                          
normal: 395/2000 frame=394

Diffusion steps...: 0it [00:00, ?it/s]
Diffusion steps...: 4it [00:00, 30.70it/s]
Diffusion steps...: 8it [00:00, 31.00it/s]
                                          
normal: 396/2000 frame=395

Diffusion steps...: 0it [00:00, ?it/s]
Diffusion steps...: 4it [00:00, 30.80it/s]
Diffusion steps...: 8it [00:00, 31.04it/s]
                                          
normal: 397/2000 frame=396

Diffusion steps...: 0it [00:00, ?it/s]
Diffusion steps...: 4it [00:00, 30.82it/s]
Diffusion steps...: 8it [00:00, 31.07it/s]
                                          
normal: 398/2000 frame=397

Diffusion steps...: 0it [00:00, ?it/s]
Diffusion steps...: 4it [00:00, 30.91it/s]
Diffusion steps...: 8it [00:00, 31.10it/s]
                                          
normal: 399/2000 frame=398

Diffusion steps...: 0it [00:00, ?it/s]
Diffusion steps...: 4it [00:00, 30.74it/s]
Diffusion steps...: 8it [00:00, 31.00it/s]
                                          
normal: 400/2000 frame=399

Diffusion steps...: 0it [00:00, ?it/s]
Diffusion steps...: 4it [00:00, 30.78it/s]
Diffusion steps...: 8it [00:00, 31.03it/s]
                                          
normal: 401/2000 frame=400

Diffusion steps...: 0it [00:00, ?it/s]
Diffusion steps...: 4it [00:00, 30.81it/s]
Diffusion steps...: 8it [00:00, 31.05it/s]
                                          
normal: 402/2000 frame=401

Diffusion steps...: 0it [00:00, ?it/s]
Diffusion steps...: 4it [00:00, 30.77it/s]
Diffusion steps...: 8it [00:00, 31.02it/s]
                                          
normal: 403/2000 frame=402

Diffusion steps...: 0it [00:00, ?it/s]
Diffusion steps...: 4it [00:00, 30.61it/s]
Diffusion steps...: 8it [00:00, 30.96it/s]
                                          
normal: 404/2000 frame=403

Diffusion steps...: 0it [00:00, ?it/s]
Diffusion steps...: 4it [00:00, 30.77it/s]
Diffusion steps...: 8it [00:00, 31.05it/s]
                                          
normal: 405/2000 frame=404

Diffusion steps...: 0it [00:00, ?it/s]
Diffusion steps...: 4it [00:00, 30.78it/s]
Diffusion steps...: 8it [00:00, 31.00it/s]
                                          
normal: 406/2000 frame=405

Diffusion steps...: 0it [00:00, ?it/s]
Diffusion steps...: 4it [00:00, 30.81it/s]
Diffusion steps...: 8it [00:00, 31.06it/s]
                                          
normal: 407/2000 frame=406

Diffusion steps...: 0it [00:00, ?it/s]
Diffusion steps...: 4it [00:00, 30.80it/s]
Diffusion steps...: 8it [00:00, 31.07it/s]
                                          
normal: 408/2000 frame=407

Diffusion steps...: 0it [00:00, ?it/s]
Diffusion steps...: 4it [00:00, 30.74it/s]
Diffusion steps...: 8it [00:00, 30.98it/s]
                                          
normal: 409/2000 frame=408

Diffusion steps...: 0it [00:00, ?it/s]
Diffusion steps...: 4it [00:00, 30.69it/s]
Diffusion steps...: 8it [00:00, 31.01it/s]
                                          
normal: 410/2000 frame=409

Diffusion steps...: 0it [00:00, ?it/s]
Diffusion steps...: 4it [00:00, 30.70it/s]
Diffusion steps...: 8it [00:00, 30.94it/s]
                                          
normal: 411/2000 frame=410

Diffusion steps...: 0it [00:00, ?it/s]
Diffusion steps...: 4it [00:00, 30.80it/s]
Diffusion steps...: 8it [00:00, 31.08it/s]
                                          
normal: 412/2000 frame=411

Diffusion steps...: 0it [00:00, ?it/s]
Diffusion steps...: 4it [00:00, 30.57it/s]
Diffusion steps...: 8it [00:00, 30.91it/s]
                                          
normal: 413/2000 frame=412

Diffusion steps...: 0it [00:00, ?it/s]
Diffusion steps...: 4it [00:00, 30.82it/s]
Diffusion steps...: 8it [00:00, 31.11it/s]
                                          
normal: 414/2000 frame=413

Diffusion steps...: 0it [00:00, ?it/s]
Diffusion steps...: 4it [00:00, 30.68it/s]
Diffusion steps...: 8it [00:00, 30.98it/s]
                                          
normal: 415/2000 frame=414

Diffusion steps...: 0it [00:00, ?it/s]
Diffusion steps...: 4it [00:00, 30.81it/s]
Diffusion steps...: 8it [00:00, 31.02it/s]
                                          
normal: 416/2000 frame=415

Diffusion steps...: 0it [00:00, ?it/s]
Diffusion steps...: 4it [00:00, 30.81it/s]
Diffusion steps...: 8it [00:00, 31.00it/s]
                                          
normal: 417/2000 frame=416

Diffusion steps...: 0it [00:00, ?it/s]
Diffusion steps...: 4it [00:00, 30.79it/s]
Diffusion steps...: 8it [00:00, 31.03it/s]
                                          
normal: 418/2000 frame=417

Diffusion steps...: 0it [00:00, ?it/s]
Diffusion steps...: 4it [00:00, 30.75it/s]
Diffusion steps...: 8it [00:00, 31.03it/s]
                                          
normal: 419/2000 frame=418

Diffusion steps...: 0it [00:00, ?it/s]
Diffusion steps...: 4it [00:00, 30.55it/s]
Diffusion steps...: 8it [00:00, 30.97it/s]
                                          
normal: 420/2000 frame=419

Diffusion steps...: 0it [00:00, ?it/s]
Diffusion steps...: 4it [00:00, 30.72it/s]
Diffusion steps...: 8it [00:00, 31.00it/s]
                                          
normal: 421/2000 frame=420

Diffusion steps...: 0it [00:00, ?it/s]
Diffusion steps...: 4it [00:00, 30.79it/s]
Diffusion steps...: 8it [00:00, 31.04it/s]
                                          
normal: 422/2000 frame=421

Diffusion steps...: 0it [00:00, ?it/s]
Diffusion steps...: 4it [00:00, 30.70it/s]
Diffusion steps...: 8it [00:00, 30.99it/s]
                                          
normal: 423/2000 frame=422

Diffusion steps...: 0it [00:00, ?it/s]
Diffusion steps...: 4it [00:00, 30.88it/s]
Diffusion steps...: 8it [00:00, 31.12it/s]
                                          
normal: 424/2000 frame=423

Diffusion steps...: 0it [00:00, ?it/s]
Diffusion steps...: 4it [00:00, 30.86it/s]
Diffusion steps...: 8it [00:00, 31.14it/s]
                                          
normal: 425/2000 frame=424

Diffusion steps...: 0it [00:00, ?it/s]
Diffusion steps...: 4it [00:00, 30.84it/s]
Diffusion steps...: 8it [00:00, 31.09it/s]
                                          
normal: 426/2000 frame=425

Diffusion steps...: 0it [00:00, ?it/s]
Diffusion steps...: 4it [00:00, 30.77it/s]
Diffusion steps...: 8it [00:00, 31.06it/s]
                                          
normal: 427/2000 frame=426

Diffusion steps...: 0it [00:00, ?it/s]
Diffusion steps...: 4it [00:00, 30.79it/s]
Diffusion steps...: 8it [00:00, 31.02it/s]
                                          
normal: 428/2000 frame=427

Diffusion steps...: 0it [00:00, ?it/s]
Diffusion steps...: 4it [00:00, 30.80it/s]
Diffusion steps...: 8it [00:00, 31.07it/s]
                                          
normal: 429/2000 frame=428

Diffusion steps...: 0it [00:00, ?it/s]
Diffusion steps...: 4it [00:00, 30.62it/s]
Diffusion steps...: 8it [00:00, 30.95it/s]
                                          
normal: 430/2000 frame=429

Diffusion steps...: 0it [00:00, ?it/s]
Diffusion steps...: 4it [00:00, 30.75it/s]
Diffusion steps...: 8it [00:00, 31.01it/s]
                                          
normal: 431/2000 frame=430

Diffusion steps...: 0it [00:00, ?it/s]
Diffusion steps...: 4it [00:00, 30.70it/s]
Diffusion steps...: 8it [00:00, 31.02it/s]
                                          
normal: 432/2000 frame=431

Diffusion steps...: 0it [00:00, ?it/s]
Diffusion steps...: 4it [00:00, 30.79it/s]
Diffusion steps...: 8it [00:00, 31.04it/s]
                                          
normal: 433/2000 frame=432

Diffusion steps...: 0it [00:00, ?it/s]
Diffusion steps...: 4it [00:00, 30.74it/s]
Diffusion steps...: 8it [00:00, 31.04it/s]
                                          
normal: 434/2000 frame=433

Diffusion steps...: 0it [00:00, ?it/s]
Diffusion steps...: 4it [00:00, 30.81it/s]
Diffusion steps...: 8it [00:00, 31.03it/s]
                                          
normal: 435/2000 frame=434

Diffusion steps...: 0it [00:00, ?it/s]
Diffusion steps...: 4it [00:00, 30.56it/s]
Diffusion steps...: 8it [00:00, 30.97it/s]
                                          
normal: 436/2000 frame=435

Diffusion steps...: 0it [00:00, ?it/s]
Diffusion steps...: 4it [00:00, 30.81it/s]
Diffusion steps...: 8it [00:00, 31.04it/s]
                                          
normal: 437/2000 frame=436

Diffusion steps...: 0it [00:00, ?it/s]
Diffusion steps...: 4it [00:00, 30.61it/s]
Diffusion steps...: 8it [00:00, 31.00it/s]
                                          
normal: 438/2000 frame=437

Diffusion steps...: 0it [00:00, ?it/s]
Diffusion steps...: 4it [00:00, 30.79it/s]
Diffusion steps...: 8it [00:00, 31.06it/s]
                                          
normal: 439/2000 frame=438

Diffusion steps...: 0it [00:00, ?it/s]
Diffusion steps...: 4it [00:00, 30.95it/s]
Diffusion steps...: 8it [00:00, 31.12it/s]
                                          
normal: 440/2000 frame=439

Diffusion steps...: 0it [00:00, ?it/s]
Diffusion steps...: 4it [00:00, 30.59it/s]
Diffusion steps...: 8it [00:00, 30.90it/s]
                                          
normal: 441/2000 frame=440

Diffusion steps...: 0it [00:00, ?it/s]
Diffusion steps...: 4it [00:00, 30.81it/s]
Diffusion steps...: 8it [00:00, 31.07it/s]
                                          
normal: 442/2000 frame=441

Diffusion steps...: 0it [00:00, ?it/s]
Diffusion steps...: 4it [00:00, 30.75it/s]
Diffusion steps...: 8it [00:00, 31.00it/s]
                                          
normal: 443/2000 frame=442

Diffusion steps...: 0it [00:00, ?it/s]
Diffusion steps...: 4it [00:00, 30.79it/s]
Diffusion steps...: 8it [00:00, 31.05it/s]
                                          
normal: 444/2000 frame=443

Diffusion steps...: 0it [00:00, ?it/s]
Diffusion steps...: 4it [00:00, 30.77it/s]
Diffusion steps...: 8it [00:00, 31.02it/s]
                                          
normal: 445/2000 frame=444

Diffusion steps...: 0it [00:00, ?it/s]
Diffusion steps...: 4it [00:00, 30.67it/s]
Diffusion steps...: 8it [00:00, 30.99it/s]
                                          
normal: 446/2000 frame=445

Diffusion steps...: 0it [00:00, ?it/s]
Diffusion steps...: 4it [00:00, 30.78it/s]
Diffusion steps...: 8it [00:00, 30.95it/s]
                                          
normal: 447/2000 frame=446

Diffusion steps...: 0it [00:00, ?it/s]
Diffusion steps...: 4it [00:00, 30.54it/s]
Diffusion steps...: 8it [00:00, 30.89it/s]
                                          
normal: 448/2000 frame=447

Diffusion steps...: 0it [00:00, ?it/s]
Diffusion steps...: 4it [00:00, 30.77it/s]
Diffusion steps...: 8it [00:00, 31.07it/s]
                                          
normal: 449/2000 frame=448

Diffusion steps...: 0it [00:00, ?it/s]
Diffusion steps...: 4it [00:00, 30.65it/s]
Diffusion steps...: 8it [00:00, 30.97it/s]
                                          
normal: 450/2000 frame=449

Diffusion steps...: 0it [00:00, ?it/s]
Diffusion steps...: 4it [00:00, 30.72it/s]
Diffusion steps...: 8it [00:00, 30.99it/s]
                                          
normal: 451/2000 frame=450

Diffusion steps...: 0it [00:00, ?it/s]
Diffusion steps...: 4it [00:00, 30.60it/s]
Diffusion steps...: 8it [00:00, 30.99it/s]
                                          
normal: 452/2000 frame=451

Diffusion steps...: 0it [00:00, ?it/s]
Diffusion steps...: 4it [00:00, 30.68it/s]
Diffusion steps...: 8it [00:00, 30.94it/s]
                                          
normal: 453/2000 frame=452

Diffusion steps...: 0it [00:00, ?it/s]
Diffusion steps...: 4it [00:00, 30.63it/s]
Diffusion steps...: 8it [00:00, 30.92it/s]
                                          
normal: 454/2000 frame=453

Diffusion steps...: 0it [00:00, ?it/s]
Diffusion steps...: 4it [00:00, 30.74it/s]
Diffusion steps...: 8it [00:00, 31.01it/s]
                                          
normal: 455/2000 frame=454

Diffusion steps...: 0it [00:00, ?it/s]
Diffusion steps...: 4it [00:00, 30.66it/s]
Diffusion steps...: 8it [00:00, 30.96it/s]
                                          
normal: 456/2000 frame=455

Diffusion steps...: 0it [00:00, ?it/s]
Diffusion steps...: 4it [00:00, 30.72it/s]
Diffusion steps...: 8it [00:00, 30.99it/s]
                                          
normal: 457/2000 frame=456

Diffusion steps...: 0it [00:00, ?it/s]
Diffusion steps...: 4it [00:00, 30.70it/s]
Diffusion steps...: 8it [00:00, 31.03it/s]
                                          
normal: 458/2000 frame=457

Diffusion steps...: 0it [00:00, ?it/s]
Diffusion steps...: 4it [00:00, 30.59it/s]
Diffusion steps...: 8it [00:00, 30.72it/s]
                                          
normal: 459/2000 frame=458

Diffusion steps...: 0it [00:00, ?it/s]
Diffusion steps...: 4it [00:00, 30.58it/s]
Diffusion steps...: 8it [00:00, 30.89it/s]
                                          
normal: 460/2000 frame=459

Diffusion steps...: 0it [00:00, ?it/s]
Diffusion steps...: 4it [00:00, 30.68it/s]
Diffusion steps...: 8it [00:00, 30.98it/s]
                                          
normal: 461/2000 frame=460

Diffusion steps...: 0it [00:00, ?it/s]
Diffusion steps...: 4it [00:00, 30.64it/s]
Diffusion steps...: 8it [00:00, 30.94it/s]
                                          
normal: 462/2000 frame=461

Diffusion steps...: 0it [00:00, ?it/s]
Diffusion steps...: 4it [00:00, 30.63it/s]
Diffusion steps...: 8it [00:00, 30.94it/s]
                                          
normal: 463/2000 frame=462

Diffusion steps...: 0it [00:00, ?it/s]
Diffusion steps...: 4it [00:00, 30.70it/s]
Diffusion steps...: 8it [00:00, 31.02it/s]
                                          
normal: 464/2000 frame=463

Diffusion steps...: 0it [00:00, ?it/s]
Diffusion steps...: 4it [00:00, 30.78it/s]
Diffusion steps...: 8it [00:00, 31.02it/s]
                                          
normal: 465/2000 frame=464

Diffusion steps...: 0it [00:00, ?it/s]
Diffusion steps...: 4it [00:00, 30.67it/s]
Diffusion steps...: 8it [00:00, 30.80it/s]
                                          
normal: 466/2000 frame=465

Diffusion steps...: 0it [00:00, ?it/s]
Diffusion steps...: 4it [00:00, 30.65it/s]
Diffusion steps...: 8it [00:00, 30.86it/s]
                                          
normal: 467/2000 frame=466

Diffusion steps...: 0it [00:00, ?it/s]
Diffusion steps...: 4it [00:00, 30.71it/s]
Diffusion steps...: 8it [00:00, 30.96it/s]
                                          
normal: 468/2000 frame=467

Diffusion steps...: 0it [00:00, ?it/s]
Diffusion steps...: 4it [00:00, 30.41it/s]
Diffusion steps...: 8it [00:00, 30.86it/s]
                                          
normal: 469/2000 frame=468

Diffusion steps...: 0it [00:00, ?it/s]
Diffusion steps...: 4it [00:00, 30.75it/s]
Diffusion steps...: 8it [00:00, 31.03it/s]
                                          
normal: 470/2000 frame=469

Diffusion steps...: 0it [00:00, ?it/s]
Diffusion steps...: 4it [00:00, 30.73it/s]
Diffusion steps...: 8it [00:00, 31.00it/s]
                                          
normal: 471/2000 frame=470

Diffusion steps...: 0it [00:00, ?it/s]
Diffusion steps...: 4it [00:00, 30.64it/s]
Diffusion steps...: 8it [00:00, 30.99it/s]
                                          
normal: 472/2000 frame=471

Diffusion steps...: 0it [00:00, ?it/s]
Diffusion steps...: 4it [00:00, 30.78it/s]
Diffusion steps...: 8it [00:00, 30.95it/s]
                                          
normal: 473/2000 frame=472

Diffusion steps...: 0it [00:00, ?it/s]
Diffusion steps...: 4it [00:00, 30.67it/s]
Diffusion steps...: 8it [00:00, 31.02it/s]
                                          
normal: 474/2000 frame=473

Diffusion steps...: 0it [00:00, ?it/s]
Diffusion steps...: 4it [00:00, 30.64it/s]
Diffusion steps...: 8it [00:00, 30.90it/s]
                                          
normal: 475/2000 frame=474

Diffusion steps...: 0it [00:00, ?it/s]
Diffusion steps...: 4it [00:00, 30.74it/s]
Diffusion steps...: 8it [00:00, 30.99it/s]
                                          
normal: 476/2000 frame=475

Diffusion steps...: 0it [00:00, ?it/s]
Diffusion steps...: 4it [00:00, 30.62it/s]
Diffusion steps...: 8it [00:00, 30.95it/s]
                                          
normal: 477/2000 frame=476

Diffusion steps...: 0it [00:00, ?it/s]
Diffusion steps...: 4it [00:00, 30.79it/s]
Diffusion steps...: 8it [00:00, 31.07it/s]
                                          
normal: 478/2000 frame=477

Diffusion steps...: 0it [00:00, ?it/s]
Diffusion steps...: 4it [00:00, 30.60it/s]
Diffusion steps...: 8it [00:00, 30.93it/s]
                                          
normal: 479/2000 frame=478

Diffusion steps...: 0it [00:00, ?it/s]
Diffusion steps...: 4it [00:00, 30.69it/s]
Diffusion steps...: 8it [00:00, 30.95it/s]
                                          
normal: 480/2000 frame=479

Diffusion steps...: 0it [00:00, ?it/s]
Diffusion steps...: 4it [00:00, 30.70it/s]
Diffusion steps...: 8it [00:00, 31.00it/s]
                                          
normal: 481/2000 frame=480

Diffusion steps...: 0it [00:00, ?it/s]
Diffusion steps...: 4it [00:00, 30.61it/s]
Diffusion steps...: 8it [00:00, 30.95it/s]
                                          
normal: 482/2000 frame=481

Diffusion steps...: 0it [00:00, ?it/s]
Diffusion steps...: 4it [00:00, 30.71it/s]
Diffusion steps...: 8it [00:00, 30.98it/s]
                                          
normal: 483/2000 frame=482

Diffusion steps...: 0it [00:00, ?it/s]
Diffusion steps...: 4it [00:00, 30.67it/s]
Diffusion steps...: 8it [00:00, 30.97it/s]
                                          
normal: 484/2000 frame=483

Diffusion steps...: 0it [00:00, ?it/s]
Diffusion steps...: 4it [00:00, 30.71it/s]
Diffusion steps...: 8it [00:00, 30.96it/s]
                                          
normal: 485/2000 frame=484

Diffusion steps...: 0it [00:00, ?it/s]
Diffusion steps...: 4it [00:00, 30.62it/s]
Diffusion steps...: 8it [00:00, 30.96it/s]
                                          
normal: 486/2000 frame=485

Diffusion steps...: 0it [00:00, ?it/s]
Diffusion steps...: 4it [00:00, 30.60it/s]
Diffusion steps...: 8it [00:00, 30.95it/s]
                                          
normal: 487/2000 frame=486

Diffusion steps...: 0it [00:00, ?it/s]
Diffusion steps...: 4it [00:00, 30.68it/s]
Diffusion steps...: 8it [00:00, 31.01it/s]
                                          
normal: 488/2000 frame=487

Diffusion steps...: 0it [00:00, ?it/s]
Diffusion steps...: 4it [00:00, 30.65it/s]
Diffusion steps...: 8it [00:00, 30.92it/s]
                                          
normal: 489/2000 frame=488

Diffusion steps...: 0it [00:00, ?it/s]
Diffusion steps...: 4it [00:00, 30.67it/s]
Diffusion steps...: 8it [00:00, 31.01it/s]
                                          
normal: 490/2000 frame=489

Diffusion steps...: 0it [00:00, ?it/s]
Diffusion steps...: 4it [00:00, 30.67it/s]
Diffusion steps...: 8it [00:00, 30.95it/s]
                                          
normal: 491/2000 frame=490

Diffusion steps...: 0it [00:00, ?it/s]
Diffusion steps...: 4it [00:00, 30.72it/s]
Diffusion steps...: 8it [00:00, 31.00it/s]
                                          
normal: 492/2000 frame=491

Diffusion steps...: 0it [00:00, ?it/s]
Diffusion steps...: 4it [00:00, 30.61it/s]
Diffusion steps...: 8it [00:00, 30.92it/s]
                                          
normal: 493/2000 frame=492

Diffusion steps...: 0it [00:00, ?it/s]
Diffusion steps...: 4it [00:00, 30.64it/s]
Diffusion steps...: 8it [00:00, 30.94it/s]
                                          
normal: 494/2000 frame=493

Diffusion steps...: 0it [00:00, ?it/s]
Diffusion steps...: 4it [00:00, 30.64it/s]
Diffusion steps...: 8it [00:00, 30.96it/s]
                                          
normal: 495/2000 frame=494

Diffusion steps...: 0it [00:00, ?it/s]
Diffusion steps...: 4it [00:00, 30.58it/s]
Diffusion steps...: 8it [00:00, 31.00it/s]
                                          
normal: 496/2000 frame=495

Diffusion steps...: 0it [00:00, ?it/s]
Diffusion steps...: 4it [00:00, 30.59it/s]
Diffusion steps...: 8it [00:00, 30.90it/s]
                                          
normal: 497/2000 frame=496

Diffusion steps...: 0it [00:00, ?it/s]
Diffusion steps...: 4it [00:00, 30.69it/s]
Diffusion steps...: 8it [00:00, 30.93it/s]
                                          
normal: 498/2000 frame=497

Diffusion steps...: 0it [00:00, ?it/s]
Diffusion steps...: 4it [00:00, 30.71it/s]
Diffusion steps...: 8it [00:00, 30.96it/s]
                                          
normal: 499/2000 frame=498

Diffusion steps...: 0it [00:00, ?it/s]
Diffusion steps...: 4it [00:00, 30.57it/s]
Diffusion steps...: 8it [00:00, 30.92it/s]
                                          
normal: 500/2000 frame=499

Diffusion steps...: 0it [00:00, ?it/s]
Diffusion steps...: 4it [00:00, 30.62it/s]
Diffusion steps...: 8it [00:00, 30.96it/s]
                                          
normal: 501/2000 frame=500

Diffusion steps...: 0it [00:00, ?it/s]
Diffusion steps...: 4it [00:00, 30.73it/s]
Diffusion steps...: 8it [00:00, 31.01it/s]
                                          
normal: 502/2000 frame=501

Diffusion steps...: 0it [00:00, ?it/s]
Diffusion steps...: 4it [00:00, 30.53it/s]
Diffusion steps...: 8it [00:00, 30.89it/s]
                                          
normal: 503/2000 frame=502

Diffusion steps...: 0it [00:00, ?it/s]
Diffusion steps...: 3it [00:00, 28.50it/s]
Diffusion steps...: 7it [00:00, 30.19it/s]
                                          
normal: 504/2000 frame=503

Diffusion steps...: 0it [00:00, ?it/s]
Diffusion steps...: 4it [00:00, 30.39it/s]
Diffusion steps...: 8it [00:00, 30.79it/s]
                                          
normal: 505/2000 frame=504

Diffusion steps...: 0it [00:00, ?it/s]
Diffusion steps...: 4it [00:00, 30.62it/s]
Diffusion steps...: 8it [00:00, 30.99it/s]
                                          
normal: 506/2000 frame=505

Diffusion steps...: 0it [00:00, ?it/s]
Diffusion steps...: 4it [00:00, 30.60it/s]
Diffusion steps...: 8it [00:00, 30.95it/s]
                                          
normal: 507/2000 frame=506

Diffusion steps...: 0it [00:00, ?it/s]
Diffusion steps...: 4it [00:00, 30.64it/s]
Diffusion steps...: 8it [00:00, 30.95it/s]
                                          
normal: 508/2000 frame=507

Diffusion steps...: 0it [00:00, ?it/s]
Diffusion steps...: 4it [00:00, 30.54it/s]
Diffusion steps...: 8it [00:00, 30.87it/s]
                                          
normal: 509/2000 frame=508

Diffusion steps...: 0it [00:00, ?it/s]
Diffusion steps...: 4it [00:00, 30.65it/s]
Diffusion steps...: 8it [00:00, 30.99it/s]
                                          
normal: 510/2000 frame=509

Diffusion steps...: 0it [00:00, ?it/s]
Diffusion steps...: 4it [00:00, 30.57it/s]
Diffusion steps...: 8it [00:00, 30.94it/s]
                                          
normal: 511/2000 frame=510

Diffusion steps...: 0it [00:00, ?it/s]
Diffusion steps...: 4it [00:00, 30.72it/s]
Diffusion steps...: 8it [00:00, 31.06it/s]
                                          
normal: 512/2000 frame=511

Diffusion steps...: 0it [00:00, ?it/s]
Diffusion steps...: 4it [00:00, 30.71it/s]
Diffusion steps...: 8it [00:00, 31.02it/s]
                                          
normal: 513/2000 frame=512

Diffusion steps...: 0it [00:00, ?it/s]
Diffusion steps...: 4it [00:00, 30.59it/s]
Diffusion steps...: 8it [00:00, 30.97it/s]
                                          
normal: 514/2000 frame=513

Diffusion steps...: 0it [00:00, ?it/s]
Diffusion steps...: 4it [00:00, 30.65it/s]
Diffusion steps...: 8it [00:00, 30.97it/s]
                                          
normal: 515/2000 frame=514

Diffusion steps...: 0it [00:00, ?it/s]
Diffusion steps...: 4it [00:00, 30.67it/s]
Diffusion steps...: 8it [00:00, 30.97it/s]
                                          
normal: 516/2000 frame=515

Diffusion steps...: 0it [00:00, ?it/s]
Diffusion steps...: 4it [00:00, 30.69it/s]
Diffusion steps...: 8it [00:00, 30.94it/s]
                                          
normal: 517/2000 frame=516

Diffusion steps...: 0it [00:00, ?it/s]
Diffusion steps...: 4it [00:00, 30.66it/s]
Diffusion steps...: 8it [00:00, 31.00it/s]
                                          
normal: 518/2000 frame=517

Diffusion steps...: 0it [00:00, ?it/s]
Diffusion steps...: 4it [00:00, 30.63it/s]
Diffusion steps...: 8it [00:00, 30.99it/s]
                                          
normal: 519/2000 frame=518

Diffusion steps...: 0it [00:00, ?it/s]
Diffusion steps...: 3it [00:00, 29.86it/s]
Diffusion steps...: 7it [00:00, 30.53it/s]
                                          
normal: 520/2000 frame=519

Diffusion steps...: 0it [00:00, ?it/s]
Diffusion steps...: 4it [00:00, 30.30it/s]
Diffusion steps...: 8it [00:00, 30.78it/s]
                                          
normal: 521/2000 frame=520

Diffusion steps...: 0it [00:00, ?it/s]
Diffusion steps...: 4it [00:00, 30.29it/s]
Diffusion steps...: 8it [00:00, 30.78it/s]
                                          
normal: 522/2000 frame=521

Diffusion steps...: 0it [00:00, ?it/s]
Diffusion steps...: 3it [00:00, 29.90it/s]
Diffusion steps...: 7it [00:00, 30.55it/s]
                                          
normal: 523/2000 frame=522

Diffusion steps...: 0it [00:00, ?it/s]
Diffusion steps...: 4it [00:00, 30.66it/s]
Diffusion steps...: 8it [00:00, 31.00it/s]
                                          
normal: 524/2000 frame=523

Diffusion steps...: 0it [00:00, ?it/s]
Diffusion steps...: 4it [00:00, 30.59it/s]
Diffusion steps...: 8it [00:00, 30.99it/s]
                                          
normal: 525/2000 frame=524

Diffusion steps...: 0it [00:00, ?it/s]
Diffusion steps...: 4it [00:00, 30.80it/s]
Diffusion steps...: 8it [00:00, 31.11it/s]
                                          
normal: 526/2000 frame=525

Diffusion steps...: 0it [00:00, ?it/s]
Diffusion steps...: 4it [00:00, 30.66it/s]
Diffusion steps...: 8it [00:00, 30.97it/s]
                                          
normal: 527/2000 frame=526

Diffusion steps...: 0it [00:00, ?it/s]
Diffusion steps...: 4it [00:00, 30.71it/s]
Diffusion steps...: 8it [00:00, 31.03it/s]
                                          
normal: 528/2000 frame=527

Diffusion steps...: 0it [00:00, ?it/s]
Diffusion steps...: 4it [00:00, 30.78it/s]
Diffusion steps...: 8it [00:00, 31.05it/s]
                                          
normal: 529/2000 frame=528

Diffusion steps...: 0it [00:00, ?it/s]
Diffusion steps...: 4it [00:00, 30.70it/s]
Diffusion steps...: 8it [00:00, 31.00it/s]
                                          
normal: 530/2000 frame=529

Diffusion steps...: 0it [00:00, ?it/s]
Diffusion steps...: 4it [00:00, 30.65it/s]
Diffusion steps...: 8it [00:00, 30.99it/s]
                                          
normal: 531/2000 frame=530

Diffusion steps...: 0it [00:00, ?it/s]
Diffusion steps...: 4it [00:00, 30.79it/s]
Diffusion steps...: 8it [00:00, 31.07it/s]
                                          
normal: 532/2000 frame=531

Diffusion steps...: 0it [00:00, ?it/s]
Diffusion steps...: 4it [00:00, 30.59it/s]
Diffusion steps...: 8it [00:00, 30.95it/s]
                                          
normal: 533/2000 frame=532

Diffusion steps...: 0it [00:00, ?it/s]
Diffusion steps...: 4it [00:00, 30.69it/s]
Diffusion steps...: 8it [00:00, 31.04it/s]
                                          
normal: 534/2000 frame=533

Diffusion steps...: 0it [00:00, ?it/s]
Diffusion steps...: 4it [00:00, 30.59it/s]
Diffusion steps...: 8it [00:00, 30.90it/s]
                                          
normal: 535/2000 frame=534

Diffusion steps...: 0it [00:00, ?it/s]
Diffusion steps...: 4it [00:00, 30.65it/s]
Diffusion steps...: 8it [00:00, 30.90it/s]
                                          
normal: 536/2000 frame=535

Diffusion steps...: 0it [00:00, ?it/s]
Diffusion steps...: 4it [00:00, 30.63it/s]
Diffusion steps...: 8it [00:00, 30.95it/s]
                                          
normal: 537/2000 frame=536

Diffusion steps...: 0it [00:00, ?it/s]
Diffusion steps...: 4it [00:00, 30.72it/s]
Diffusion steps...: 8it [00:00, 31.04it/s]
                                          
normal: 538/2000 frame=537

Diffusion steps...: 0it [00:00, ?it/s]
Diffusion steps...: 4it [00:00, 30.70it/s]
Diffusion steps...: 8it [00:00, 30.99it/s]
                                          
normal: 539/2000 frame=538

Diffusion steps...: 0it [00:00, ?it/s]
Diffusion steps...: 4it [00:00, 30.60it/s]
Diffusion steps...: 8it [00:00, 30.99it/s]
                                          
normal: 540/2000 frame=539

Diffusion steps...: 0it [00:00, ?it/s]
Diffusion steps...: 4it [00:00, 30.54it/s]
Diffusion steps...: 8it [00:00, 30.90it/s]
                                          
normal: 541/2000 frame=540

Diffusion steps...: 0it [00:00, ?it/s]
Diffusion steps...: 4it [00:00, 30.74it/s]
Diffusion steps...: 8it [00:00, 31.06it/s]
                                          
normal: 542/2000 frame=541

Diffusion steps...: 0it [00:00, ?it/s]
Diffusion steps...: 4it [00:00, 30.55it/s]
Diffusion steps...: 8it [00:00, 30.92it/s]
                                          
normal: 543/2000 frame=542

Diffusion steps...: 0it [00:00, ?it/s]
Diffusion steps...: 4it [00:00, 30.53it/s]
Diffusion steps...: 8it [00:00, 30.95it/s]
                                          
normal: 544/2000 frame=543

Diffusion steps...: 0it [00:00, ?it/s]
Diffusion steps...: 4it [00:00, 30.72it/s]
Diffusion steps...: 8it [00:00, 30.98it/s]
                                          
normal: 545/2000 frame=544

Diffusion steps...: 0it [00:00, ?it/s]
Diffusion steps...: 4it [00:00, 30.65it/s]
Diffusion steps...: 8it [00:00, 30.94it/s]
                                          
normal: 546/2000 frame=545

Diffusion steps...: 0it [00:00, ?it/s]
Diffusion steps...: 4it [00:00, 30.76it/s]
Diffusion steps...: 8it [00:00, 30.99it/s]
                                          
normal: 547/2000 frame=546

Diffusion steps...: 0it [00:00, ?it/s]
Diffusion steps...: 4it [00:00, 30.73it/s]
Diffusion steps...: 8it [00:00, 31.05it/s]
                                          
normal: 548/2000 frame=547

Diffusion steps...: 0it [00:00, ?it/s]
Diffusion steps...: 4it [00:00, 30.59it/s]
Diffusion steps...: 8it [00:00, 30.91it/s]
                                          
normal: 549/2000 frame=548

Diffusion steps...: 0it [00:00, ?it/s]
Diffusion steps...: 4it [00:00, 30.73it/s]
Diffusion steps...: 8it [00:00, 30.98it/s]
                                          
normal: 550/2000 frame=549

Diffusion steps...: 0it [00:00, ?it/s]
Diffusion steps...: 4it [00:00, 30.46it/s]
Diffusion steps...: 8it [00:00, 30.82it/s]
                                          
normal: 551/2000 frame=550

Diffusion steps...: 0it [00:00, ?it/s]
Diffusion steps...: 4it [00:00, 30.60it/s]
Diffusion steps...: 8it [00:00, 30.95it/s]
                                          
normal: 552/2000 frame=551

Diffusion steps...: 0it [00:00, ?it/s]
Diffusion steps...: 4it [00:00, 30.57it/s]
Diffusion steps...: 8it [00:00, 30.93it/s]
                                          
normal: 553/2000 frame=552

Diffusion steps...: 0it [00:00, ?it/s]
Diffusion steps...: 4it [00:00, 30.76it/s]
Diffusion steps...: 8it [00:00, 31.02it/s]
                                          
normal: 554/2000 frame=553

Diffusion steps...: 0it [00:00, ?it/s]
Diffusion steps...: 4it [00:00, 30.55it/s]
Diffusion steps...: 8it [00:00, 30.91it/s]
                                          
normal: 555/2000 frame=554

Diffusion steps...: 0it [00:00, ?it/s]
Diffusion steps...: 4it [00:00, 30.60it/s]
Diffusion steps...: 8it [00:00, 31.05it/s]
                                          
normal: 556/2000 frame=555

Diffusion steps...: 0it [00:00, ?it/s]
Diffusion steps...: 4it [00:00, 30.57it/s]
Diffusion steps...: 8it [00:00, 30.91it/s]
                                          
normal: 557/2000 frame=556

Diffusion steps...: 0it [00:00, ?it/s]
Diffusion steps...: 4it [00:00, 30.64it/s]
Diffusion steps...: 8it [00:00, 30.91it/s]
                                          
normal: 558/2000 frame=557

Diffusion steps...: 0it [00:00, ?it/s]
Diffusion steps...: 4it [00:00, 30.54it/s]
Diffusion steps...: 8it [00:00, 30.87it/s]
                                          
normal: 559/2000 frame=558

Diffusion steps...: 0it [00:00, ?it/s]
Diffusion steps...: 4it [00:00, 30.56it/s]
Diffusion steps...: 8it [00:00, 30.96it/s]
                                          
normal: 560/2000 frame=559

Diffusion steps...: 0it [00:00, ?it/s]
Diffusion steps...: 4it [00:00, 30.72it/s]
Diffusion steps...: 8it [00:00, 30.99it/s]
                                          
normal: 561/2000 frame=560

Diffusion steps...: 0it [00:00, ?it/s]
Diffusion steps...: 4it [00:00, 30.45it/s]
Diffusion steps...: 8it [00:00, 30.87it/s]
                                          
normal: 562/2000 frame=561

Diffusion steps...: 0it [00:00, ?it/s]
Diffusion steps...: 4it [00:00, 30.60it/s]
Diffusion steps...: 8it [00:00, 30.94it/s]
                                          
normal: 563/2000 frame=562

Diffusion steps...: 0it [00:00, ?it/s]
Diffusion steps...: 4it [00:00, 30.61it/s]
Diffusion steps...: 8it [00:00, 30.96it/s]
                                          
normal: 564/2000 frame=563

Diffusion steps...: 0it [00:00, ?it/s]
Diffusion steps...: 4it [00:00, 30.53it/s]
Diffusion steps...: 8it [00:00, 30.88it/s]
                                          
normal: 565/2000 frame=564

Diffusion steps...: 0it [00:00, ?it/s]
Diffusion steps...: 4it [00:00, 30.71it/s]
Diffusion steps...: 8it [00:00, 31.10it/s]
                                          
normal: 566/2000 frame=565

Diffusion steps...: 0it [00:00, ?it/s]
Diffusion steps...: 4it [00:00, 30.55it/s]
Diffusion steps...: 8it [00:00, 30.88it/s]
                                          
normal: 567/2000 frame=566

Diffusion steps...: 0it [00:00, ?it/s]
Diffusion steps...: 4it [00:00, 30.81it/s]
Diffusion steps...: 8it [00:00, 31.03it/s]
                                          
normal: 568/2000 frame=567

Diffusion steps...: 0it [00:00, ?it/s]
Diffusion steps...: 4it [00:00, 30.60it/s]
Diffusion steps...: 8it [00:00, 30.91it/s]
                                          
normal: 569/2000 frame=568

Diffusion steps...: 0it [00:00, ?it/s]
Diffusion steps...: 4it [00:00, 30.59it/s]
Diffusion steps...: 8it [00:00, 30.70it/s]
                                          
normal: 570/2000 frame=569

Diffusion steps...: 0it [00:00, ?it/s]
Diffusion steps...: 4it [00:00, 30.50it/s]
Diffusion steps...: 8it [00:00, 30.84it/s]
                                          
normal: 571/2000 frame=570

Diffusion steps...: 0it [00:00, ?it/s]
Diffusion steps...: 4it [00:00, 30.54it/s]
Diffusion steps...: 8it [00:00, 30.95it/s]
                                          
normal: 572/2000 frame=571

Diffusion steps...: 0it [00:00, ?it/s]
Diffusion steps...: 4it [00:00, 30.47it/s]
Diffusion steps...: 8it [00:00, 30.98it/s]
                                          
normal: 573/2000 frame=572

Diffusion steps...: 0it [00:00, ?it/s]
Diffusion steps...: 4it [00:00, 30.37it/s]
Diffusion steps...: 8it [00:00, 30.88it/s]
                                          
normal: 574/2000 frame=573

Diffusion steps...: 0it [00:00, ?it/s]
Diffusion steps...: 4it [00:00, 30.67it/s]
Diffusion steps...: 8it [00:00, 31.06it/s]
                                          
normal: 575/2000 frame=574

Diffusion steps...: 0it [00:00, ?it/s]
Diffusion steps...: 4it [00:00, 30.76it/s]
Diffusion steps...: 8it [00:00, 31.08it/s]
                                          
normal: 576/2000 frame=575

Diffusion steps...: 0it [00:00, ?it/s]
Diffusion steps...: 4it [00:00, 30.59it/s]
Diffusion steps...: 8it [00:00, 30.96it/s]
                                          
normal: 577/2000 frame=576

Diffusion steps...: 0it [00:00, ?it/s]
Diffusion steps...: 4it [00:00, 30.79it/s]
Diffusion steps...: 8it [00:00, 31.14it/s]
                                          
normal: 578/2000 frame=577

Diffusion steps...: 0it [00:00, ?it/s]
Diffusion steps...: 4it [00:00, 30.77it/s]
Diffusion steps...: 8it [00:00, 31.04it/s]
                                          
normal: 579/2000 frame=578

Diffusion steps...: 0it [00:00, ?it/s]
Diffusion steps...: 4it [00:00, 30.87it/s]
Diffusion steps...: 8it [00:00, 31.16it/s]
                                          
normal: 580/2000 frame=579

Diffusion steps...: 0it [00:00, ?it/s]
Diffusion steps...: 4it [00:00, 30.57it/s]
Diffusion steps...: 8it [00:00, 30.97it/s]
                                          
normal: 581/2000 frame=580

Diffusion steps...: 0it [00:00, ?it/s]
Diffusion steps...: 4it [00:00, 30.87it/s]
Diffusion steps...: 8it [00:00, 31.13it/s]
                                          
normal: 582/2000 frame=581

Diffusion steps...: 0it [00:00, ?it/s]
Diffusion steps...: 4it [00:00, 30.76it/s]
Diffusion steps...: 8it [00:00, 31.06it/s]
                                          
normal: 583/2000 frame=582

Diffusion steps...: 0it [00:00, ?it/s]
Diffusion steps...: 4it [00:00, 30.69it/s]
Diffusion steps...: 8it [00:00, 31.04it/s]
                                          
normal: 584/2000 frame=583

Diffusion steps...: 0it [00:00, ?it/s]
Diffusion steps...: 4it [00:00, 30.88it/s]
Diffusion steps...: 8it [00:00, 31.09it/s]
                                          
normal: 585/2000 frame=584

Diffusion steps...: 0it [00:00, ?it/s]
Diffusion steps...: 4it [00:00, 30.78it/s]
Diffusion steps...: 8it [00:00, 31.10it/s]
                                          
normal: 586/2000 frame=585

Diffusion steps...: 0it [00:00, ?it/s]
Diffusion steps...: 4it [00:00, 30.71it/s]
Diffusion steps...: 8it [00:00, 30.98it/s]
                                          
normal: 587/2000 frame=586

Diffusion steps...: 0it [00:00, ?it/s]
Diffusion steps...: 4it [00:00, 30.72it/s]
Diffusion steps...: 8it [00:00, 31.02it/s]
                                          
normal: 588/2000 frame=587

Diffusion steps...: 0it [00:00, ?it/s]
Diffusion steps...: 4it [00:00, 30.82it/s]
Diffusion steps...: 8it [00:00, 31.08it/s]
                                          
normal: 589/2000 frame=588

Diffusion steps...: 0it [00:00, ?it/s]
Diffusion steps...: 4it [00:00, 30.85it/s]
Diffusion steps...: 8it [00:00, 31.14it/s]
                                          
normal: 590/2000 frame=589

Diffusion steps...: 0it [00:00, ?it/s]
Diffusion steps...: 4it [00:00, 30.70it/s]
Diffusion steps...: 8it [00:00, 31.04it/s]
                                          
normal: 591/2000 frame=590

Diffusion steps...: 0it [00:00, ?it/s]
Diffusion steps...: 4it [00:00, 30.80it/s]
Diffusion steps...: 8it [00:00, 31.09it/s]
                                          
normal: 592/2000 frame=591

Diffusion steps...: 0it [00:00, ?it/s]
Diffusion steps...: 4it [00:00, 30.84it/s]
Diffusion steps...: 8it [00:00, 31.07it/s]
                                          
normal: 593/2000 frame=592

Diffusion steps...: 0it [00:00, ?it/s]
Diffusion steps...: 4it [00:00, 30.66it/s]
Diffusion steps...: 8it [00:00, 31.07it/s]
                                          
normal: 594/2000 frame=593

Diffusion steps...: 0it [00:00, ?it/s]
Diffusion steps...: 4it [00:00, 30.73it/s]
Diffusion steps...: 8it [00:00, 30.98it/s]
                                          
normal: 595/2000 frame=594

Diffusion steps...: 0it [00:00, ?it/s]
Diffusion steps...: 4it [00:00, 30.78it/s]
Diffusion steps...: 8it [00:00, 31.06it/s]
                                          
normal: 596/2000 frame=595

Diffusion steps...: 0it [00:00, ?it/s]
Diffusion steps...: 4it [00:00, 30.70it/s]
Diffusion steps...: 8it [00:00, 31.06it/s]
                                          
normal: 597/2000 frame=596

Diffusion steps...: 0it [00:00, ?it/s]
Diffusion steps...: 4it [00:00, 30.78it/s]
Diffusion steps...: 8it [00:00, 31.06it/s]
                                          
normal: 598/2000 frame=597

Diffusion steps...: 0it [00:00, ?it/s]
Diffusion steps...: 4it [00:00, 30.73it/s]
Diffusion steps...: 8it [00:00, 31.03it/s]
                                          
normal: 599/2000 frame=598

Diffusion steps...: 0it [00:00, ?it/s]
Diffusion steps...: 4it [00:00, 30.77it/s]
Diffusion steps...: 8it [00:00, 31.01it/s]
                                          
normal: 600/2000 frame=599

Diffusion steps...: 0it [00:00, ?it/s]
Diffusion steps...: 4it [00:00, 30.68it/s]
Diffusion steps...: 8it [00:00, 30.99it/s]
                                          
normal: 601/2000 frame=600

Diffusion steps...: 0it [00:00, ?it/s]
Diffusion steps...: 4it [00:00, 30.77it/s]
Diffusion steps...: 8it [00:00, 31.04it/s]
                                          
normal: 602/2000 frame=601

Diffusion steps...: 0it [00:00, ?it/s]
Diffusion steps...: 4it [00:00, 30.80it/s]
Diffusion steps...: 8it [00:00, 31.07it/s]
                                          
normal: 603/2000 frame=602

Diffusion steps...: 0it [00:00, ?it/s]
Diffusion steps...: 4it [00:00, 30.87it/s]
Diffusion steps...: 8it [00:00, 31.10it/s]
                                          
normal: 604/2000 frame=603

Diffusion steps...: 0it [00:00, ?it/s]
Diffusion steps...: 4it [00:00, 30.71it/s]
Diffusion steps...: 8it [00:00, 31.00it/s]
                                          
normal: 605/2000 frame=604

Diffusion steps...: 0it [00:00, ?it/s]
Diffusion steps...: 4it [00:00, 30.70it/s]
Diffusion steps...: 8it [00:00, 31.03it/s]
                                          
normal: 606/2000 frame=605

Diffusion steps...: 0it [00:00, ?it/s]
Diffusion steps...: 4it [00:00, 30.76it/s]
Diffusion steps...: 8it [00:00, 31.04it/s]
                                          
normal: 607/2000 frame=606

Diffusion steps...: 0it [00:00, ?it/s]
Diffusion steps...: 4it [00:00, 30.70it/s]
Diffusion steps...: 8it [00:00, 31.01it/s]
                                          
normal: 608/2000 frame=607

Diffusion steps...: 0it [00:00, ?it/s]
Diffusion steps...: 4it [00:00, 30.62it/s]
Diffusion steps...: 8it [00:00, 30.96it/s]
                                          
normal: 609/2000 frame=608

Diffusion steps...: 0it [00:00, ?it/s]
Diffusion steps...: 4it [00:00, 30.80it/s]
Diffusion steps...: 8it [00:00, 31.13it/s]
                                          
normal: 610/2000 frame=609

Diffusion steps...: 0it [00:00, ?it/s]
Diffusion steps...: 4it [00:00, 30.64it/s]
Diffusion steps...: 8it [00:00, 31.00it/s]
                                          
normal: 611/2000 frame=610

Diffusion steps...: 0it [00:00, ?it/s]
Diffusion steps...: 4it [00:00, 30.78it/s]
Diffusion steps...: 8it [00:00, 31.06it/s]
                                          
normal: 612/2000 frame=611

Diffusion steps...: 0it [00:00, ?it/s]
Diffusion steps...: 4it [00:00, 30.65it/s]
Diffusion steps...: 8it [00:00, 30.98it/s]
                                          
normal: 613/2000 frame=612

Diffusion steps...: 0it [00:00, ?it/s]
Diffusion steps...: 4it [00:00, 30.76it/s]
Diffusion steps...: 8it [00:00, 31.03it/s]
                                          
normal: 614/2000 frame=613

Diffusion steps...: 0it [00:00, ?it/s]
Diffusion steps...: 4it [00:00, 30.74it/s]
Diffusion steps...: 8it [00:00, 31.08it/s]
                                          
normal: 615/2000 frame=614

Diffusion steps...: 0it [00:00, ?it/s]
Diffusion steps...: 4it [00:00, 30.62it/s]
Diffusion steps...: 8it [00:00, 31.06it/s]
                                          
normal: 616/2000 frame=615

Diffusion steps...: 0it [00:00, ?it/s]
Diffusion steps...: 4it [00:00, 30.75it/s]
Diffusion steps...: 8it [00:00, 31.03it/s]
                                          
normal: 617/2000 frame=616

Diffusion steps...: 0it [00:00, ?it/s]
Diffusion steps...: 4it [00:00, 30.80it/s]
Diffusion steps...: 8it [00:00, 31.17it/s]
                                          
normal: 618/2000 frame=617

Diffusion steps...: 0it [00:00, ?it/s]
Diffusion steps...: 4it [00:00, 30.74it/s]
Diffusion steps...: 8it [00:00, 31.07it/s]
                                          
normal: 619/2000 frame=618

Diffusion steps...: 0it [00:00, ?it/s]
Diffusion steps...: 4it [00:00, 30.89it/s]
Diffusion steps...: 8it [00:00, 31.17it/s]
                                          
normal: 620/2000 frame=619

Diffusion steps...: 0it [00:00, ?it/s]
Diffusion steps...: 4it [00:00, 30.72it/s]
Diffusion steps...: 8it [00:00, 31.07it/s]
                                          
normal: 621/2000 frame=620

Diffusion steps...: 0it [00:00, ?it/s]
Diffusion steps...: 4it [00:00, 30.76it/s]
Diffusion steps...: 8it [00:00, 31.08it/s]
                                          
normal: 622/2000 frame=621

Diffusion steps...: 0it [00:00, ?it/s]
Diffusion steps...: 4it [00:00, 30.71it/s]
Diffusion steps...: 8it [00:00, 31.06it/s]
                                          
normal: 623/2000 frame=622

Diffusion steps...: 0it [00:00, ?it/s]
Diffusion steps...: 4it [00:00, 30.79it/s]
Diffusion steps...: 8it [00:00, 31.10it/s]
                                          
normal: 624/2000 frame=623

Diffusion steps...: 0it [00:00, ?it/s]
Diffusion steps...: 4it [00:00, 30.81it/s]
Diffusion steps...: 8it [00:00, 31.12it/s]
                                          
normal: 625/2000 frame=624

Diffusion steps...: 0it [00:00, ?it/s]
Diffusion steps...: 4it [00:00, 30.70it/s]
Diffusion steps...: 8it [00:00, 31.05it/s]
                                          
normal: 626/2000 frame=625

Diffusion steps...: 0it [00:00, ?it/s]
Diffusion steps...: 4it [00:00, 30.77it/s]
Diffusion steps...: 8it [00:00, 31.07it/s]
                                          
normal: 627/2000 frame=626

Diffusion steps...: 0it [00:00, ?it/s]
Diffusion steps...: 4it [00:00, 30.76it/s]
Diffusion steps...: 8it [00:00, 31.06it/s]
                                          
normal: 628/2000 frame=627

Diffusion steps...: 0it [00:00, ?it/s]
Diffusion steps...: 4it [00:00, 30.72it/s]
Diffusion steps...: 8it [00:00, 31.03it/s]
                                          
normal: 629/2000 frame=628

Diffusion steps...: 0it [00:00, ?it/s]
Diffusion steps...: 4it [00:00, 30.70it/s]
Diffusion steps...: 8it [00:00, 31.04it/s]
                                          
normal: 630/2000 frame=629

Diffusion steps...: 0it [00:00, ?it/s]
Diffusion steps...: 4it [00:00, 30.83it/s]
Diffusion steps...: 8it [00:00, 31.09it/s]
                                          
normal: 631/2000 frame=630

Diffusion steps...: 0it [00:00, ?it/s]
Diffusion steps...: 4it [00:00, 30.76it/s]
Diffusion steps...: 8it [00:00, 31.07it/s]
                                          
normal: 632/2000 frame=631

Diffusion steps...: 0it [00:00, ?it/s]
Diffusion steps...: 4it [00:00, 30.84it/s]
Diffusion steps...: 8it [00:00, 31.09it/s]
                                          
normal: 633/2000 frame=632

Diffusion steps...: 0it [00:00, ?it/s]
Diffusion steps...: 4it [00:00, 30.67it/s]
Diffusion steps...: 8it [00:00, 31.02it/s]
                                          
normal: 634/2000 frame=633

Diffusion steps...: 0it [00:00, ?it/s]
Diffusion steps...: 4it [00:00, 30.74it/s]
Diffusion steps...: 8it [00:00, 31.02it/s]
                                          
normal: 635/2000 frame=634

Diffusion steps...: 0it [00:00, ?it/s]
Diffusion steps...: 4it [00:00, 30.73it/s]
Diffusion steps...: 8it [00:00, 31.02it/s]
                                          
normal: 636/2000 frame=635

Diffusion steps...: 0it [00:00, ?it/s]
Diffusion steps...: 4it [00:00, 30.54it/s]
Diffusion steps...: 8it [00:00, 30.90it/s]
                                          
normal: 637/2000 frame=636

Diffusion steps...: 0it [00:00, ?it/s]
Diffusion steps...: 4it [00:00, 30.79it/s]
Diffusion steps...: 8it [00:00, 31.11it/s]
                                          
normal: 638/2000 frame=637

Diffusion steps...: 0it [00:00, ?it/s]
Diffusion steps...: 4it [00:00, 30.71it/s]
Diffusion steps...: 8it [00:00, 31.00it/s]
                                          
normal: 639/2000 frame=638

Diffusion steps...: 0it [00:00, ?it/s]
Diffusion steps...: 4it [00:00, 30.87it/s]
Diffusion steps...: 8it [00:00, 31.12it/s]
                                          
normal: 640/2000 frame=639

Diffusion steps...: 0it [00:00, ?it/s]
Diffusion steps...: 4it [00:00, 30.78it/s]
Diffusion steps...: 8it [00:00, 31.03it/s]
                                          
normal: 641/2000 frame=640

Diffusion steps...: 0it [00:00, ?it/s]
Diffusion steps...: 4it [00:00, 30.71it/s]
Diffusion steps...: 8it [00:00, 31.06it/s]
                                          
normal: 642/2000 frame=641

Diffusion steps...: 0it [00:00, ?it/s]
Diffusion steps...: 4it [00:00, 30.76it/s]
Diffusion steps...: 8it [00:00, 31.01it/s]
                                          
normal: 643/2000 frame=642

Diffusion steps...: 0it [00:00, ?it/s]
Diffusion steps...: 4it [00:00, 30.74it/s]
Diffusion steps...: 8it [00:00, 31.06it/s]
                                          
normal: 644/2000 frame=643

Diffusion steps...: 0it [00:00, ?it/s]
Diffusion steps...: 3it [00:00, 29.95it/s]
Diffusion steps...: 7it [00:00, 30.74it/s]
                                          
normal: 645/2000 frame=644

Diffusion steps...: 0it [00:00, ?it/s]
Diffusion steps...: 4it [00:00, 30.69it/s]
Diffusion steps...: 8it [00:00, 31.04it/s]
                                          
normal: 646/2000 frame=645

Diffusion steps...: 0it [00:00, ?it/s]
Diffusion steps...: 4it [00:00, 30.70it/s]
Diffusion steps...: 8it [00:00, 30.98it/s]
                                          
normal: 647/2000 frame=646

Diffusion steps...: 0it [00:00, ?it/s]
Diffusion steps...: 4it [00:00, 30.87it/s]
Diffusion steps...: 8it [00:00, 31.12it/s]
                                          
normal: 648/2000 frame=647

Diffusion steps...: 0it [00:00, ?it/s]
Diffusion steps...: 4it [00:00, 30.83it/s]
Diffusion steps...: 8it [00:00, 31.04it/s]
                                          
normal: 649/2000 frame=648

Diffusion steps...: 0it [00:00, ?it/s]
Diffusion steps...: 4it [00:00, 30.79it/s]
Diffusion steps...: 8it [00:00, 31.09it/s]
                                          
normal: 650/2000 frame=649

Diffusion steps...: 0it [00:00, ?it/s]
Diffusion steps...: 4it [00:00, 30.68it/s]
Diffusion steps...: 8it [00:00, 31.02it/s]
                                          
normal: 651/2000 frame=650

Diffusion steps...: 0it [00:00, ?it/s]
Diffusion steps...: 4it [00:00, 30.85it/s]
Diffusion steps...: 8it [00:00, 31.07it/s]
                                          
normal: 652/2000 frame=651

Diffusion steps...: 0it [00:00, ?it/s]
Diffusion steps...: 4it [00:00, 30.85it/s]
Diffusion steps...: 8it [00:00, 31.08it/s]
                                          
normal: 653/2000 frame=652

Diffusion steps...: 0it [00:00, ?it/s]
Diffusion steps...: 4it [00:00, 30.82it/s]
Diffusion steps...: 8it [00:00, 31.12it/s]
                                          
normal: 654/2000 frame=653

Diffusion steps...: 0it [00:00, ?it/s]
Diffusion steps...: 4it [00:00, 30.88it/s]
Diffusion steps...: 8it [00:00, 31.11it/s]
                                          
normal: 655/2000 frame=654

Diffusion steps...: 0it [00:00, ?it/s]
Diffusion steps...: 4it [00:00, 30.70it/s]
Diffusion steps...: 8it [00:00, 31.08it/s]
                                          
normal: 656/2000 frame=655

Diffusion steps...: 0it [00:00, ?it/s]
Diffusion steps...: 4it [00:00, 30.77it/s]
Diffusion steps...: 8it [00:00, 31.10it/s]
                                          
normal: 657/2000 frame=656

Diffusion steps...: 0it [00:00, ?it/s]
Diffusion steps...: 4it [00:00, 30.74it/s]
Diffusion steps...: 8it [00:00, 31.11it/s]
                                          
normal: 658/2000 frame=657

Diffusion steps...: 0it [00:00, ?it/s]
Diffusion steps...: 4it [00:00, 30.59it/s]
Diffusion steps...: 8it [00:00, 31.00it/s]
                                          
normal: 659/2000 frame=658

Diffusion steps...: 0it [00:00, ?it/s]
Diffusion steps...: 4it [00:00, 30.77it/s]
Diffusion steps...: 8it [00:00, 31.09it/s]
                                          
normal: 660/2000 frame=659

Diffusion steps...: 0it [00:00, ?it/s]
Diffusion steps...: 4it [00:00, 30.76it/s]
Diffusion steps...: 8it [00:00, 31.05it/s]
                                          
normal: 661/2000 frame=660

Diffusion steps...: 0it [00:00, ?it/s]
Diffusion steps...: 4it [00:00, 30.77it/s]
Diffusion steps...: 8it [00:00, 31.11it/s]
                                          
normal: 662/2000 frame=661

Diffusion steps...: 0it [00:00, ?it/s]
Diffusion steps...: 4it [00:00, 30.74it/s]
Diffusion steps...: 8it [00:00, 31.03it/s]
                                          
normal: 663/2000 frame=662

Diffusion steps...: 0it [00:00, ?it/s]
Diffusion steps...: 4it [00:00, 30.76it/s]
Diffusion steps...: 8it [00:00, 31.11it/s]
                                          
normal: 664/2000 frame=663

Diffusion steps...: 0it [00:00, ?it/s]
Diffusion steps...: 4it [00:00, 30.84it/s]
Diffusion steps...: 8it [00:00, 31.10it/s]
                                          
normal: 665/2000 frame=664

Diffusion steps...: 0it [00:00, ?it/s]
Diffusion steps...: 4it [00:00, 30.86it/s]
Diffusion steps...: 8it [00:00, 31.16it/s]
                                          
normal: 666/2000 frame=665

Diffusion steps...: 0it [00:00, ?it/s]
Diffusion steps...: 4it [00:00, 30.87it/s]
Diffusion steps...: 8it [00:00, 31.22it/s]
                                          
normal: 667/2000 frame=666

Diffusion steps...: 0it [00:00, ?it/s]
Diffusion steps...: 4it [00:00, 30.62it/s]
Diffusion steps...: 8it [00:00, 31.05it/s]
                                          
normal: 668/2000 frame=667

Diffusion steps...: 0it [00:00, ?it/s]
Diffusion steps...: 4it [00:00, 30.78it/s]
Diffusion steps...: 8it [00:00, 31.09it/s]
                                          
normal: 669/2000 frame=668

Diffusion steps...: 0it [00:00, ?it/s]
Diffusion steps...: 4it [00:00, 30.83it/s]
Diffusion steps...: 8it [00:00, 31.11it/s]
                                          
normal: 670/2000 frame=669

Diffusion steps...: 0it [00:00, ?it/s]
Diffusion steps...: 4it [00:00, 30.79it/s]
Diffusion steps...: 8it [00:00, 31.04it/s]
                                          
normal: 671/2000 frame=670

Diffusion steps...: 0it [00:00, ?it/s]
Diffusion steps...: 4it [00:00, 30.94it/s]
Diffusion steps...: 8it [00:00, 31.17it/s]
                                          
normal: 672/2000 frame=671

Diffusion steps...: 0it [00:00, ?it/s]
Diffusion steps...: 4it [00:00, 30.72it/s]
Diffusion steps...: 8it [00:00, 31.07it/s]
                                          
normal: 673/2000 frame=672

Diffusion steps...: 0it [00:00, ?it/s]
Diffusion steps...: 4it [00:00, 30.81it/s]
Diffusion steps...: 8it [00:00, 31.10it/s]
                                          
normal: 674/2000 frame=673

Diffusion steps...: 0it [00:00, ?it/s]
Diffusion steps...: 4it [00:00, 30.79it/s]
Diffusion steps...: 8it [00:00, 31.07it/s]
                                          
normal: 675/2000 frame=674

Diffusion steps...: 0it [00:00, ?it/s]
Diffusion steps...: 4it [00:00, 30.88it/s]
Diffusion steps...: 8it [00:00, 31.16it/s]
                                          
normal: 676/2000 frame=675

Diffusion steps...: 0it [00:00, ?it/s]
Diffusion steps...: 4it [00:00, 30.74it/s]
Diffusion steps...: 8it [00:00, 31.05it/s]
                                          
normal: 677/2000 frame=676

Diffusion steps...: 0it [00:00, ?it/s]
Diffusion steps...: 4it [00:00, 30.90it/s]
Diffusion steps...: 8it [00:00, 31.18it/s]
                                          
normal: 678/2000 frame=677

Diffusion steps...: 0it [00:00, ?it/s]
Diffusion steps...: 4it [00:00, 30.82it/s]
Diffusion steps...: 8it [00:00, 31.10it/s]
                                          
normal: 679/2000 frame=678

Diffusion steps...: 0it [00:00, ?it/s]
Diffusion steps...: 4it [00:00, 30.73it/s]
Diffusion steps...: 8it [00:00, 31.09it/s]
                                          
normal: 680/2000 frame=679

Diffusion steps...: 0it [00:00, ?it/s]
Diffusion steps...: 4it [00:00, 30.86it/s]
Diffusion steps...: 8it [00:00, 31.13it/s]
                                          
normal: 681/2000 frame=680

Diffusion steps...: 0it [00:00, ?it/s]
Diffusion steps...: 4it [00:00, 30.83it/s]
Diffusion steps...: 8it [00:00, 31.13it/s]
                                          
normal: 682/2000 frame=681

Diffusion steps...: 0it [00:00, ?it/s]
Diffusion steps...: 4it [00:00, 30.32it/s]
Diffusion steps...: 8it [00:00, 30.85it/s]
                                          
normal: 683/2000 frame=682

Diffusion steps...: 0it [00:00, ?it/s]
Diffusion steps...: 4it [00:00, 30.84it/s]
Diffusion steps...: 8it [00:00, 31.09it/s]
                                          
normal: 684/2000 frame=683

Diffusion steps...: 0it [00:00, ?it/s]
Diffusion steps...: 4it [00:00, 30.72it/s]
Diffusion steps...: 8it [00:00, 31.00it/s]
                                          
normal: 685/2000 frame=684

Diffusion steps...: 0it [00:00, ?it/s]
Diffusion steps...: 4it [00:00, 30.86it/s]
Diffusion steps...: 8it [00:00, 31.12it/s]
                                          
normal: 686/2000 frame=685

Diffusion steps...: 0it [00:00, ?it/s]
Diffusion steps...: 4it [00:00, 30.69it/s]
Diffusion steps...: 8it [00:00, 30.99it/s]
                                          
normal: 687/2000 frame=686

Diffusion steps...: 0it [00:00, ?it/s]
Diffusion steps...: 4it [00:00, 30.70it/s]
Diffusion steps...: 8it [00:00, 31.05it/s]
                                          
normal: 688/2000 frame=687

Diffusion steps...: 0it [00:00, ?it/s]
Diffusion steps...: 4it [00:00, 30.71it/s]
Diffusion steps...: 8it [00:00, 31.03it/s]
                                          
normal: 689/2000 frame=688

Diffusion steps...: 0it [00:00, ?it/s]
Diffusion steps...: 4it [00:00, 30.81it/s]
Diffusion steps...: 8it [00:00, 31.13it/s]
                                          
normal: 690/2000 frame=689

Diffusion steps...: 0it [00:00, ?it/s]
Diffusion steps...: 4it [00:00, 30.81it/s]
Diffusion steps...: 8it [00:00, 31.12it/s]
                                          
normal: 691/2000 frame=690

Diffusion steps...: 0it [00:00, ?it/s]
Diffusion steps...: 4it [00:00, 31.00it/s]
Diffusion steps...: 8it [00:00, 31.18it/s]
                                          
normal: 692/2000 frame=691

Diffusion steps...: 0it [00:00, ?it/s]
Diffusion steps...: 4it [00:00, 30.67it/s]
Diffusion steps...: 8it [00:00, 31.00it/s]
                                          
normal: 693/2000 frame=692

Diffusion steps...: 0it [00:00, ?it/s]
Diffusion steps...: 4it [00:00, 30.92it/s]
Diffusion steps...: 8it [00:00, 31.18it/s]
                                          
normal: 694/2000 frame=693

Diffusion steps...: 0it [00:00, ?it/s]
Diffusion steps...: 4it [00:00, 30.84it/s]
Diffusion steps...: 8it [00:00, 31.14it/s]
                                          
normal: 695/2000 frame=694

Diffusion steps...: 0it [00:00, ?it/s]
Diffusion steps...: 4it [00:00, 30.87it/s]
Diffusion steps...: 8it [00:00, 31.16it/s]
                                          
normal: 696/2000 frame=695

Diffusion steps...: 0it [00:00, ?it/s]
Diffusion steps...: 4it [00:00, 30.74it/s]
Diffusion steps...: 8it [00:00, 31.05it/s]
                                          
normal: 697/2000 frame=696

Diffusion steps...: 0it [00:00, ?it/s]
Diffusion steps...: 4it [00:00, 30.81it/s]
Diffusion steps...: 8it [00:00, 31.06it/s]
                                          
normal: 698/2000 frame=697

Diffusion steps...: 0it [00:00, ?it/s]
Diffusion steps...: 4it [00:00, 30.87it/s]
Diffusion steps...: 8it [00:00, 31.09it/s]
                                          
normal: 699/2000 frame=698

Diffusion steps...: 0it [00:00, ?it/s]
Diffusion steps...: 4it [00:00, 30.77it/s]
Diffusion steps...: 8it [00:00, 31.11it/s]
                                          
normal: 700/2000 frame=699

Diffusion steps...: 0it [00:00, ?it/s]
Diffusion steps...: 4it [00:00, 30.85it/s]
Diffusion steps...: 8it [00:00, 31.09it/s]
                                          
normal: 701/2000 frame=700

Diffusion steps...: 0it [00:00, ?it/s]
Diffusion steps...: 4it [00:00, 30.77it/s]
Diffusion steps...: 8it [00:00, 31.10it/s]
                                          
normal: 702/2000 frame=701

Diffusion steps...: 0it [00:00, ?it/s]
Diffusion steps...: 4it [00:00, 30.83it/s]
Diffusion steps...: 8it [00:00, 31.12it/s]
                                          
normal: 703/2000 frame=702

Diffusion steps...: 0it [00:00, ?it/s]
Diffusion steps...: 4it [00:00, 30.87it/s]
Diffusion steps...: 8it [00:00, 31.19it/s]
                                          
normal: 704/2000 frame=703

Diffusion steps...: 0it [00:00, ?it/s]
Diffusion steps...: 4it [00:00, 30.80it/s]
Diffusion steps...: 8it [00:00, 31.12it/s]
                                          
normal: 705/2000 frame=704

Diffusion steps...: 0it [00:00, ?it/s]
Diffusion steps...: 4it [00:00, 30.90it/s]
Diffusion steps...: 8it [00:00, 31.20it/s]
                                          
normal: 706/2000 frame=705

Diffusion steps...: 0it [00:00, ?it/s]
Diffusion steps...: 4it [00:00, 30.70it/s]
Diffusion steps...: 8it [00:00, 31.06it/s]
                                          
normal: 707/2000 frame=706

Diffusion steps...: 0it [00:00, ?it/s]
Diffusion steps...: 4it [00:00, 30.89it/s]
Diffusion steps...: 8it [00:00, 31.17it/s]
                                          
normal: 708/2000 frame=707

Diffusion steps...: 0it [00:00, ?it/s]
Diffusion steps...: 4it [00:00, 30.76it/s]
Diffusion steps...: 8it [00:00, 31.04it/s]
                                          
normal: 709/2000 frame=708

Diffusion steps...: 0it [00:00, ?it/s]
Diffusion steps...: 4it [00:00, 30.89it/s]
Diffusion steps...: 8it [00:00, 31.18it/s]
                                          
normal: 710/2000 frame=709

Diffusion steps...: 0it [00:00, ?it/s]
Diffusion steps...: 4it [00:00, 30.80it/s]
Diffusion steps...: 8it [00:00, 31.09it/s]
                                          
normal: 711/2000 frame=710

Diffusion steps...: 0it [00:00, ?it/s]
Diffusion steps...: 4it [00:00, 30.87it/s]
Diffusion steps...: 8it [00:00, 31.22it/s]
                                          
normal: 712/2000 frame=711

Diffusion steps...: 0it [00:00, ?it/s]
Diffusion steps...: 4it [00:00, 30.89it/s]
Diffusion steps...: 8it [00:00, 31.10it/s]
                                          
normal: 713/2000 frame=712

Diffusion steps...: 0it [00:00, ?it/s]
Diffusion steps...: 4it [00:00, 30.91it/s]
Diffusion steps...: 8it [00:00, 31.17it/s]
                                          
normal: 714/2000 frame=713

Diffusion steps...: 0it [00:00, ?it/s]
Diffusion steps...: 4it [00:00, 30.81it/s]
Diffusion steps...: 8it [00:00, 31.11it/s]
                                          
normal: 715/2000 frame=714

Diffusion steps...: 0it [00:00, ?it/s]
Diffusion steps...: 4it [00:00, 30.87it/s]
Diffusion steps...: 8it [00:00, 31.13it/s]
                                          
normal: 716/2000 frame=715

Diffusion steps...: 0it [00:00, ?it/s]
Diffusion steps...: 4it [00:00, 30.75it/s]
Diffusion steps...: 8it [00:00, 31.05it/s]
                                          
normal: 717/2000 frame=716

Diffusion steps...: 0it [00:00, ?it/s]
Diffusion steps...: 4it [00:00, 30.79it/s]
Diffusion steps...: 8it [00:00, 31.06it/s]
                                          
normal: 718/2000 frame=717

Diffusion steps...: 0it [00:00, ?it/s]
Diffusion steps...: 4it [00:00, 30.73it/s]
Diffusion steps...: 8it [00:00, 31.09it/s]
                                          
normal: 719/2000 frame=718

Diffusion steps...: 0it [00:00, ?it/s]
Diffusion steps...: 4it [00:00, 30.96it/s]
Diffusion steps...: 8it [00:00, 31.19it/s]
                                          
normal: 720/2000 frame=719

Diffusion steps...: 0it [00:00, ?it/s]
Diffusion steps...: 4it [00:00, 30.79it/s]
Diffusion steps...: 8it [00:00, 31.07it/s]
                                          
normal: 721/2000 frame=720

Diffusion steps...: 0it [00:00, ?it/s]
Diffusion steps...: 4it [00:00, 30.81it/s]
Diffusion steps...: 8it [00:00, 31.11it/s]
                                          
normal: 722/2000 frame=721

Diffusion steps...: 0it [00:00, ?it/s]
Diffusion steps...: 4it [00:00, 30.86it/s]
Diffusion steps...: 8it [00:00, 31.05it/s]
                                          
normal: 723/2000 frame=722

Diffusion steps...: 0it [00:00, ?it/s]
Diffusion steps...: 4it [00:00, 30.74it/s]
Diffusion steps...: 8it [00:00, 31.08it/s]
                                          
normal: 724/2000 frame=723

Diffusion steps...: 0it [00:00, ?it/s]
Diffusion steps...: 4it [00:00, 30.80it/s]
Diffusion steps...: 8it [00:00, 31.08it/s]
                                          
normal: 725/2000 frame=724

Diffusion steps...: 0it [00:00, ?it/s]
Diffusion steps...: 4it [00:00, 30.79it/s]
Diffusion steps...: 8it [00:00, 31.10it/s]
                                          
normal: 726/2000 frame=725

Diffusion steps...: 0it [00:00, ?it/s]
Diffusion steps...: 4it [00:00, 30.76it/s]
Diffusion steps...: 8it [00:00, 31.09it/s]
                                          
normal: 727/2000 frame=726

Diffusion steps...: 0it [00:00, ?it/s]
Diffusion steps...: 4it [00:00, 30.86it/s]
Diffusion steps...: 8it [00:00, 31.13it/s]
                                          
normal: 728/2000 frame=727

Diffusion steps...: 0it [00:00, ?it/s]
Diffusion steps...: 4it [00:00, 30.85it/s]
Diffusion steps...: 8it [00:00, 31.11it/s]
                                          
normal: 729/2000 frame=728

Diffusion steps...: 0it [00:00, ?it/s]
Diffusion steps...: 4it [00:00, 30.90it/s]
Diffusion steps...: 8it [00:00, 31.16it/s]
                                          
normal: 730/2000 frame=729

Diffusion steps...: 0it [00:00, ?it/s]
Diffusion steps...: 4it [00:00, 30.71it/s]
Diffusion steps...: 8it [00:00, 31.05it/s]
                                          
normal: 731/2000 frame=730

Diffusion steps...: 0it [00:00, ?it/s]
Diffusion steps...: 4it [00:00, 30.94it/s]
Diffusion steps...: 8it [00:00, 31.19it/s]
                                          
normal: 732/2000 frame=731

Diffusion steps...: 0it [00:00, ?it/s]
Diffusion steps...: 4it [00:00, 30.79it/s]
Diffusion steps...: 8it [00:00, 31.08it/s]
                                          
normal: 733/2000 frame=732

Diffusion steps...: 0it [00:00, ?it/s]
Diffusion steps...: 4it [00:00, 30.79it/s]
Diffusion steps...: 8it [00:00, 31.08it/s]
                                          
normal: 734/2000 frame=733

Diffusion steps...: 0it [00:00, ?it/s]
Diffusion steps...: 4it [00:00, 30.68it/s]
Diffusion steps...: 8it [00:00, 31.01it/s]
                                          
normal: 735/2000 frame=734

Diffusion steps...: 0it [00:00, ?it/s]
Diffusion steps...: 4it [00:00, 30.85it/s]
Diffusion steps...: 8it [00:00, 31.10it/s]
                                          
normal: 736/2000 frame=735

Diffusion steps...: 0it [00:00, ?it/s]
Diffusion steps...: 4it [00:00, 30.63it/s]
Diffusion steps...: 8it [00:00, 30.99it/s]
                                          
normal: 737/2000 frame=736

Diffusion steps...: 0it [00:00, ?it/s]
Diffusion steps...: 4it [00:00, 30.74it/s]
Diffusion steps...: 8it [00:00, 31.08it/s]
                                          
normal: 738/2000 frame=737

Diffusion steps...: 0it [00:00, ?it/s]
Diffusion steps...: 4it [00:00, 30.64it/s]
Diffusion steps...: 8it [00:00, 30.97it/s]
                                          
normal: 739/2000 frame=738

Diffusion steps...: 0it [00:00, ?it/s]
Diffusion steps...: 4it [00:00, 30.78it/s]
Diffusion steps...: 8it [00:00, 31.10it/s]
                                          
normal: 740/2000 frame=739

Diffusion steps...: 0it [00:00, ?it/s]
Diffusion steps...: 4it [00:00, 30.75it/s]
Diffusion steps...: 8it [00:00, 31.06it/s]
                                          
normal: 741/2000 frame=740

Diffusion steps...: 0it [00:00, ?it/s]
Diffusion steps...: 4it [00:00, 30.73it/s]
Diffusion steps...: 8it [00:00, 31.09it/s]
                                          
normal: 742/2000 frame=741

Diffusion steps...: 0it [00:00, ?it/s]
Diffusion steps...: 4it [00:00, 30.78it/s]
Diffusion steps...: 8it [00:00, 31.05it/s]
                                          
normal: 743/2000 frame=742

Diffusion steps...: 0it [00:00, ?it/s]
Diffusion steps...: 4it [00:00, 30.80it/s]
Diffusion steps...: 8it [00:00, 31.08it/s]
                                          
normal: 744/2000 frame=743

Diffusion steps...: 0it [00:00, ?it/s]
Diffusion steps...: 4it [00:00, 30.68it/s]
Diffusion steps...: 8it [00:00, 31.05it/s]
                                          
normal: 745/2000 frame=744

Diffusion steps...: 0it [00:00, ?it/s]
Diffusion steps...: 4it [00:00, 30.80it/s]
Diffusion steps...: 8it [00:00, 31.09it/s]
                                          
normal: 746/2000 frame=745

Diffusion steps...: 0it [00:00, ?it/s]
Diffusion steps...: 4it [00:00, 30.68it/s]
Diffusion steps...: 8it [00:00, 31.05it/s]
                                          
normal: 747/2000 frame=746

Diffusion steps...: 0it [00:00, ?it/s]
Diffusion steps...: 4it [00:00, 30.72it/s]
Diffusion steps...: 8it [00:00, 31.06it/s]
                                          
normal: 748/2000 frame=747

Diffusion steps...: 0it [00:00, ?it/s]
Diffusion steps...: 4it [00:00, 30.77it/s]
Diffusion steps...: 8it [00:00, 31.06it/s]
                                          
normal: 749/2000 frame=748

Diffusion steps...: 0it [00:00, ?it/s]
Diffusion steps...: 4it [00:00, 30.87it/s]
Diffusion steps...: 8it [00:00, 31.15it/s]
                                          
normal: 750/2000 frame=749

Diffusion steps...: 0it [00:00, ?it/s]
Diffusion steps...: 4it [00:00, 30.77it/s]
Diffusion steps...: 8it [00:00, 31.05it/s]
                                          
normal: 751/2000 frame=750

Diffusion steps...: 0it [00:00, ?it/s]
Diffusion steps...: 4it [00:00, 30.71it/s]
Diffusion steps...: 8it [00:00, 30.81it/s]
                                          
normal: 752/2000 frame=751

Diffusion steps...: 0it [00:00, ?it/s]
Diffusion steps...: 4it [00:00, 30.76it/s]
Diffusion steps...: 8it [00:00, 31.08it/s]
                                          
normal: 753/2000 frame=752

Diffusion steps...: 0it [00:00, ?it/s]
Diffusion steps...: 4it [00:00, 30.83it/s]
Diffusion steps...: 8it [00:00, 31.10it/s]
                                          
normal: 754/2000 frame=753

Diffusion steps...: 0it [00:00, ?it/s]
Diffusion steps...: 4it [00:00, 30.83it/s]
Diffusion steps...: 8it [00:00, 31.08it/s]
                                          
normal: 755/2000 frame=754

Diffusion steps...: 0it [00:00, ?it/s]
Diffusion steps...: 4it [00:00, 30.57it/s]
Diffusion steps...: 8it [00:00, 30.78it/s]
                                          
normal: 756/2000 frame=755

Diffusion steps...: 0it [00:00, ?it/s]
Diffusion steps...: 4it [00:00, 30.82it/s]
Diffusion steps...: 8it [00:00, 31.10it/s]
                                          
normal: 757/2000 frame=756

Diffusion steps...: 0it [00:00, ?it/s]
Diffusion steps...: 4it [00:00, 30.70it/s]
Diffusion steps...: 8it [00:00, 31.04it/s]
                                          
normal: 758/2000 frame=757

Diffusion steps...: 0it [00:00, ?it/s]
Diffusion steps...: 4it [00:00, 30.85it/s]
Diffusion steps...: 8it [00:00, 31.11it/s]
                                          
normal: 759/2000 frame=758

Diffusion steps...: 0it [00:00, ?it/s]
Diffusion steps...: 4it [00:00, 30.62it/s]
Diffusion steps...: 8it [00:00, 31.11it/s]
                                          
normal: 760/2000 frame=759

Diffusion steps...: 0it [00:00, ?it/s]
Diffusion steps...: 4it [00:00, 30.77it/s]
Diffusion steps...: 8it [00:00, 31.05it/s]
                                          
normal: 761/2000 frame=760

Diffusion steps...: 0it [00:00, ?it/s]
Diffusion steps...: 4it [00:00, 30.71it/s]
Diffusion steps...: 8it [00:00, 31.03it/s]
                                          
normal: 762/2000 frame=761

Diffusion steps...: 0it [00:00, ?it/s]
Diffusion steps...: 4it [00:00, 30.74it/s]
Diffusion steps...: 8it [00:00, 31.03it/s]
                                          
normal: 763/2000 frame=762

Diffusion steps...: 0it [00:00, ?it/s]
Diffusion steps...: 4it [00:00, 30.76it/s]
Diffusion steps...: 8it [00:00, 31.09it/s]
                                          
normal: 764/2000 frame=763

Diffusion steps...: 0it [00:00, ?it/s]
Diffusion steps...: 4it [00:00, 30.69it/s]
Diffusion steps...: 8it [00:00, 30.99it/s]
                                          
normal: 765/2000 frame=764

Diffusion steps...: 0it [00:00, ?it/s]
Diffusion steps...: 4it [00:00, 30.90it/s]
Diffusion steps...: 8it [00:00, 31.17it/s]
                                          
normal: 766/2000 frame=765

Diffusion steps...: 0it [00:00, ?it/s]
Diffusion steps...: 4it [00:00, 30.74it/s]
Diffusion steps...: 8it [00:00, 31.01it/s]
                                          
normal: 767/2000 frame=766

Diffusion steps...: 0it [00:00, ?it/s]
Diffusion steps...: 4it [00:00, 30.77it/s]
Diffusion steps...: 8it [00:00, 31.12it/s]
                                          
normal: 768/2000 frame=767

Diffusion steps...: 0it [00:00, ?it/s]
Diffusion steps...: 4it [00:00, 30.75it/s]
Diffusion steps...: 8it [00:00, 31.05it/s]
                                          
normal: 769/2000 frame=768

Diffusion steps...: 0it [00:00, ?it/s]
Diffusion steps...: 4it [00:00, 30.76it/s]
Diffusion steps...: 8it [00:00, 31.08it/s]
                                          
normal: 770/2000 frame=769

Diffusion steps...: 0it [00:00, ?it/s]
Diffusion steps...: 4it [00:00, 30.71it/s]
Diffusion steps...: 8it [00:00, 30.99it/s]
                                          
normal: 771/2000 frame=770

Diffusion steps...: 0it [00:00, ?it/s]
Diffusion steps...: 4it [00:00, 30.67it/s]
Diffusion steps...: 8it [00:00, 31.06it/s]
                                          
normal: 772/2000 frame=771

Diffusion steps...: 0it [00:00, ?it/s]
Diffusion steps...: 4it [00:00, 30.81it/s]
Diffusion steps...: 8it [00:00, 31.09it/s]
                                          
normal: 773/2000 frame=772

Diffusion steps...: 0it [00:00, ?it/s]
Diffusion steps...: 4it [00:00, 30.68it/s]
Diffusion steps...: 8it [00:00, 31.07it/s]
                                          
normal: 774/2000 frame=773

Diffusion steps...: 0it [00:00, ?it/s]
Diffusion steps...: 4it [00:00, 30.73it/s]
Diffusion steps...: 8it [00:00, 31.04it/s]
                                          
normal: 775/2000 frame=774

Diffusion steps...: 0it [00:00, ?it/s]
Diffusion steps...: 4it [00:00, 30.72it/s]
Diffusion steps...: 8it [00:00, 31.03it/s]
                                          
normal: 776/2000 frame=775

Diffusion steps...: 0it [00:00, ?it/s]
Diffusion steps...: 4it [00:00, 30.69it/s]
Diffusion steps...: 8it [00:00, 31.04it/s]
                                          
normal: 777/2000 frame=776

Diffusion steps...: 0it [00:00, ?it/s]
Diffusion steps...: 4it [00:00, 30.82it/s]
Diffusion steps...: 8it [00:00, 31.15it/s]
                                          
normal: 778/2000 frame=777

Diffusion steps...: 0it [00:00, ?it/s]
Diffusion steps...: 4it [00:00, 30.69it/s]
Diffusion steps...: 8it [00:00, 30.98it/s]
                                          
normal: 779/2000 frame=778

Diffusion steps...: 0it [00:00, ?it/s]
Diffusion steps...: 4it [00:00, 30.79it/s]
Diffusion steps...: 8it [00:00, 31.08it/s]
                                          
normal: 780/2000 frame=779

Diffusion steps...: 0it [00:00, ?it/s]
Diffusion steps...: 4it [00:00, 30.66it/s]
Diffusion steps...: 8it [00:00, 31.00it/s]
                                          
normal: 781/2000 frame=780

Diffusion steps...: 0it [00:00, ?it/s]
Diffusion steps...: 4it [00:00, 30.70it/s]
Diffusion steps...: 8it [00:00, 31.04it/s]
                                          
normal: 782/2000 frame=781

Diffusion steps...: 0it [00:00, ?it/s]
Diffusion steps...: 4it [00:00, 30.75it/s]
Diffusion steps...: 8it [00:00, 31.03it/s]
                                          
normal: 783/2000 frame=782

Diffusion steps...: 0it [00:00, ?it/s]
Diffusion steps...: 4it [00:00, 30.71it/s]
Diffusion steps...: 8it [00:00, 31.12it/s]
                                          
normal: 784/2000 frame=783

Diffusion steps...: 0it [00:00, ?it/s]
Diffusion steps...: 4it [00:00, 30.62it/s]
Diffusion steps...: 8it [00:00, 30.96it/s]
                                          
normal: 785/2000 frame=784

Diffusion steps...: 0it [00:00, ?it/s]
Diffusion steps...: 4it [00:00, 30.73it/s]
Diffusion steps...: 8it [00:00, 31.08it/s]
                                          
normal: 786/2000 frame=785

Diffusion steps...: 0it [00:00, ?it/s]
Diffusion steps...: 4it [00:00, 30.87it/s]
Diffusion steps...: 8it [00:00, 31.11it/s]
                                          
normal: 787/2000 frame=786

Diffusion steps...: 0it [00:00, ?it/s]
Diffusion steps...: 4it [00:00, 30.69it/s]
Diffusion steps...: 8it [00:00, 31.03it/s]
                                          
normal: 788/2000 frame=787

Diffusion steps...: 0it [00:00, ?it/s]
Diffusion steps...: 4it [00:00, 30.76it/s]
Diffusion steps...: 8it [00:00, 31.03it/s]
                                          
normal: 789/2000 frame=788

Diffusion steps...: 0it [00:00, ?it/s]
Diffusion steps...: 4it [00:00, 30.69it/s]
Diffusion steps...: 8it [00:00, 31.00it/s]
                                          
normal: 790/2000 frame=789

Diffusion steps...: 0it [00:00, ?it/s]
Diffusion steps...: 4it [00:00, 30.78it/s]
Diffusion steps...: 8it [00:00, 31.04it/s]
                                          
normal: 791/2000 frame=790

Diffusion steps...: 0it [00:00, ?it/s]
Diffusion steps...: 4it [00:00, 30.78it/s]
Diffusion steps...: 8it [00:00, 31.12it/s]
                                          
normal: 792/2000 frame=791

Diffusion steps...: 0it [00:00, ?it/s]
Diffusion steps...: 4it [00:00, 30.32it/s]
Diffusion steps...: 8it [00:00, 30.89it/s]
                                          
normal: 793/2000 frame=792

Diffusion steps...: 0it [00:00, ?it/s]
Diffusion steps...: 4it [00:00, 30.76it/s]
Diffusion steps...: 8it [00:00, 30.99it/s]
                                          
normal: 794/2000 frame=793

Diffusion steps...: 0it [00:00, ?it/s]
Diffusion steps...: 4it [00:00, 30.57it/s]
Diffusion steps...: 8it [00:00, 30.98it/s]
                                          
normal: 795/2000 frame=794

Diffusion steps...: 0it [00:00, ?it/s]
Diffusion steps...: 4it [00:00, 30.75it/s]
Diffusion steps...: 8it [00:00, 31.09it/s]
                                          
normal: 796/2000 frame=795

Diffusion steps...: 0it [00:00, ?it/s]
Diffusion steps...: 4it [00:00, 30.75it/s]
Diffusion steps...: 8it [00:00, 31.02it/s]
                                          
normal: 797/2000 frame=796

Diffusion steps...: 0it [00:00, ?it/s]
Diffusion steps...: 4it [00:00, 30.20it/s]
Diffusion steps...: 8it [00:00, 30.49it/s]
                                          
normal: 798/2000 frame=797

Diffusion steps...: 0it [00:00, ?it/s]
Diffusion steps...: 3it [00:00, 29.56it/s]
Diffusion steps...: 7it [00:00, 30.32it/s]
                                          
normal: 799/2000 frame=798

Diffusion steps...: 0it [00:00, ?it/s]
Diffusion steps...: 3it [00:00, 29.61it/s]
Diffusion steps...: 7it [00:00, 30.20it/s]
                                          
normal: 800/2000 frame=799

Diffusion steps...: 0it [00:00, ?it/s]
Diffusion steps...: 4it [00:00, 30.43it/s]
Diffusion steps...: 8it [00:00, 30.78it/s]
                                          
normal: 801/2000 frame=800

Diffusion steps...: 0it [00:00, ?it/s]
Diffusion steps...: 3it [00:00, 29.73it/s]
Diffusion steps...: 7it [00:00, 30.32it/s]
                                          
normal: 802/2000 frame=801

Diffusion steps...: 0it [00:00, ?it/s]
Diffusion steps...: 3it [00:00, 29.42it/s]
Diffusion steps...: 6it [00:00, 29.28it/s]
Diffusion steps...: 10it [00:00, 29.85it/s]
                                           
normal: 803/2000 frame=802

Diffusion steps...: 0it [00:00, ?it/s]
Diffusion steps...: 3it [00:00, 29.12it/s]
Diffusion steps...: 6it [00:00, 29.55it/s]
Diffusion steps...: 9it [00:00, 29.71it/s]
                                          
normal: 804/2000 frame=803

Diffusion steps...: 0it [00:00, ?it/s]
Diffusion steps...: 3it [00:00, 29.68it/s]
Diffusion steps...: 6it [00:00, 29.80it/s]
Diffusion steps...: 9it [00:00, 29.78it/s]
                                          
normal: 805/2000 frame=804

Diffusion steps...: 0it [00:00, ?it/s]
Diffusion steps...: 3it [00:00, 29.11it/s]
Diffusion steps...: 6it [00:00, 29.35it/s]
Diffusion steps...: 9it [00:00, 29.57it/s]
                                          
normal: 806/2000 frame=805

Diffusion steps...: 0it [00:00, ?it/s]
Diffusion steps...: 3it [00:00, 29.48it/s]
Diffusion steps...: 7it [00:00, 30.02it/s]
                                          
normal: 807/2000 frame=806

Diffusion steps...: 0it [00:00, ?it/s]
Diffusion steps...: 4it [00:00, 30.42it/s]
Diffusion steps...: 8it [00:00, 30.86it/s]
                                          
normal: 808/2000 frame=807

Diffusion steps...: 0it [00:00, ?it/s]
Diffusion steps...: 4it [00:00, 30.63it/s]
Diffusion steps...: 8it [00:00, 30.96it/s]
                                          
normal: 809/2000 frame=808

Diffusion steps...: 0it [00:00, ?it/s]
Diffusion steps...: 4it [00:00, 30.86it/s]
Diffusion steps...: 8it [00:00, 31.10it/s]
                                          
normal: 810/2000 frame=809

Diffusion steps...: 0it [00:00, ?it/s]
Diffusion steps...: 4it [00:00, 30.83it/s]
Diffusion steps...: 8it [00:00, 31.09it/s]
                                          
normal: 811/2000 frame=810

Diffusion steps...: 0it [00:00, ?it/s]
Diffusion steps...: 4it [00:00, 30.69it/s]
Diffusion steps...: 8it [00:00, 30.97it/s]
                                          
normal: 812/2000 frame=811

Diffusion steps...: 0it [00:00, ?it/s]
Diffusion steps...: 4it [00:00, 30.74it/s]
Diffusion steps...: 8it [00:00, 31.06it/s]
                                          
normal: 813/2000 frame=812

Diffusion steps...: 0it [00:00, ?it/s]
Diffusion steps...: 4it [00:00, 30.65it/s]
Diffusion steps...: 8it [00:00, 31.03it/s]
                                          
normal: 814/2000 frame=813

Diffusion steps...: 0it [00:00, ?it/s]
Diffusion steps...: 4it [00:00, 30.68it/s]
Diffusion steps...: 8it [00:00, 30.99it/s]
                                          
normal: 815/2000 frame=814

Diffusion steps...: 0it [00:00, ?it/s]
Diffusion steps...: 4it [00:00, 30.77it/s]
Diffusion steps...: 8it [00:00, 31.09it/s]
                                          
normal: 816/2000 frame=815

Diffusion steps...: 0it [00:00, ?it/s]
Diffusion steps...: 4it [00:00, 30.72it/s]
Diffusion steps...: 8it [00:00, 31.03it/s]
                                          
normal: 817/2000 frame=816

Diffusion steps...: 0it [00:00, ?it/s]
Diffusion steps...: 4it [00:00, 30.90it/s]
Diffusion steps...: 8it [00:00, 31.16it/s]
                                          
normal: 818/2000 frame=817

Diffusion steps...: 0it [00:00, ?it/s]
Diffusion steps...: 4it [00:00, 30.70it/s]
Diffusion steps...: 8it [00:00, 31.02it/s]
                                          
normal: 819/2000 frame=818

Diffusion steps...: 0it [00:00, ?it/s]
Diffusion steps...: 4it [00:00, 30.85it/s]
Diffusion steps...: 8it [00:00, 31.11it/s]
                                          
normal: 820/2000 frame=819

Diffusion steps...: 0it [00:00, ?it/s]
Diffusion steps...: 4it [00:00, 30.63it/s]
Diffusion steps...: 8it [00:00, 30.64it/s]
                                          
normal: 821/2000 frame=820

Diffusion steps...: 0it [00:00, ?it/s]
Diffusion steps...: 3it [00:00, 29.51it/s]
Diffusion steps...: 7it [00:00, 30.40it/s]
                                          
normal: 822/2000 frame=821

Diffusion steps...: 0it [00:00, ?it/s]
Diffusion steps...: 3it [00:00, 29.06it/s]
Diffusion steps...: 6it [00:00, 29.52it/s]
Diffusion steps...: 9it [00:00, 29.64it/s]
                                          
normal: 823/2000 frame=822

Diffusion steps...: 0it [00:00, ?it/s]
Diffusion steps...: 3it [00:00, 29.71it/s]
Diffusion steps...: 7it [00:00, 30.22it/s]
                                          
normal: 824/2000 frame=823

Diffusion steps...: 0it [00:00, ?it/s]
Diffusion steps...: 3it [00:00, 29.45it/s]
Diffusion steps...: 7it [00:00, 30.03it/s]
                                          
normal: 825/2000 frame=824

Diffusion steps...: 0it [00:00, ?it/s]
Diffusion steps...: 3it [00:00, 29.56it/s]
Diffusion steps...: 7it [00:00, 29.98it/s]
Diffusion steps...: 10it [00:00, 29.92it/s]
                                           
normal: 826/2000 frame=825

Diffusion steps...: 0it [00:00, ?it/s]
Diffusion steps...: 3it [00:00, 29.55it/s]
Diffusion steps...: 7it [00:00, 29.95it/s]
                                          
normal: 827/2000 frame=826

Diffusion steps...: 0it [00:00, ?it/s]
Diffusion steps...: 3it [00:00, 29.48it/s]
Diffusion steps...: 6it [00:00, 29.62it/s]
Diffusion steps...: 9it [00:00, 29.73it/s]
                                          
normal: 828/2000 frame=827

Diffusion steps...: 0it [00:00, ?it/s]
Diffusion steps...: 3it [00:00, 29.13it/s]
Diffusion steps...: 7it [00:00, 29.79it/s]
Diffusion steps...: 10it [00:00, 29.85it/s]
                                           
normal: 829/2000 frame=828

Diffusion steps...: 0it [00:00, ?it/s]
Diffusion steps...: 4it [00:00, 30.32it/s]
Diffusion steps...: 8it [00:00, 30.78it/s]
                                          
normal: 830/2000 frame=829

Diffusion steps...: 0it [00:00, ?it/s]
Diffusion steps...: 3it [00:00, 29.75it/s]
Diffusion steps...: 7it [00:00, 30.18it/s]
                                          
normal: 831/2000 frame=830

Diffusion steps...: 0it [00:00, ?it/s]
Diffusion steps...: 4it [00:00, 30.45it/s]
Diffusion steps...: 8it [00:00, 30.86it/s]
                                          
normal: 832/2000 frame=831

Diffusion steps...: 0it [00:00, ?it/s]
Diffusion steps...: 4it [00:00, 30.59it/s]
Diffusion steps...: 8it [00:00, 30.93it/s]
                                          
normal: 833/2000 frame=832

Diffusion steps...: 0it [00:00, ?it/s]
Diffusion steps...: 4it [00:00, 30.74it/s]
Diffusion steps...: 8it [00:00, 31.06it/s]
                                          
normal: 834/2000 frame=833

Diffusion steps...: 0it [00:00, ?it/s]
Diffusion steps...: 4it [00:00, 30.85it/s]
Diffusion steps...: 8it [00:00, 31.07it/s]
                                          
normal: 835/2000 frame=834

Diffusion steps...: 0it [00:00, ?it/s]
Diffusion steps...: 4it [00:00, 30.81it/s]
Diffusion steps...: 8it [00:00, 31.06it/s]
                                          
normal: 836/2000 frame=835

Diffusion steps...: 0it [00:00, ?it/s]
Diffusion steps...: 4it [00:00, 30.73it/s]
Diffusion steps...: 8it [00:00, 30.99it/s]
                                          
normal: 837/2000 frame=836

Diffusion steps...: 0it [00:00, ?it/s]
Diffusion steps...: 4it [00:00, 30.68it/s]
Diffusion steps...: 8it [00:00, 31.02it/s]
                                          
normal: 838/2000 frame=837

Diffusion steps...: 0it [00:00, ?it/s]
Diffusion steps...: 4it [00:00, 30.53it/s]
Diffusion steps...: 8it [00:00, 30.92it/s]
                                          
normal: 839/2000 frame=838

Diffusion steps...: 0it [00:00, ?it/s]
Diffusion steps...: 4it [00:00, 30.65it/s]
Diffusion steps...: 8it [00:00, 31.03it/s]
                                          
normal: 840/2000 frame=839

Diffusion steps...: 0it [00:00, ?it/s]
Diffusion steps...: 4it [00:00, 30.73it/s]
Diffusion steps...: 8it [00:00, 31.05it/s]
                                          
normal: 841/2000 frame=840

Diffusion steps...: 0it [00:00, ?it/s]
Diffusion steps...: 4it [00:00, 30.79it/s]
Diffusion steps...: 8it [00:00, 31.05it/s]
                                          
normal: 842/2000 frame=841

Diffusion steps...: 0it [00:00, ?it/s]
Diffusion steps...: 4it [00:00, 30.78it/s]
Diffusion steps...: 8it [00:00, 31.06it/s]
                                          
normal: 843/2000 frame=842

Diffusion steps...: 0it [00:00, ?it/s]
Diffusion steps...: 4it [00:00, 30.81it/s]
Diffusion steps...: 8it [00:00, 31.07it/s]
                                          
normal: 844/2000 frame=843

Diffusion steps...: 0it [00:00, ?it/s]
Diffusion steps...: 4it [00:00, 30.81it/s]
Diffusion steps...: 8it [00:00, 31.03it/s]
                                          
normal: 845/2000 frame=844

Diffusion steps...: 0it [00:00, ?it/s]
Diffusion steps...: 4it [00:00, 30.80it/s]
Diffusion steps...: 8it [00:00, 31.05it/s]
                                          
normal: 846/2000 frame=845

Diffusion steps...: 0it [00:00, ?it/s]
Diffusion steps...: 4it [00:00, 30.78it/s]
Diffusion steps...: 8it [00:00, 31.03it/s]
                                          
normal: 847/2000 frame=846

Diffusion steps...: 0it [00:00, ?it/s]
Diffusion steps...: 4it [00:00, 30.80it/s]
Diffusion steps...: 8it [00:00, 31.09it/s]
                                          
normal: 848/2000 frame=847

Diffusion steps...: 0it [00:00, ?it/s]
Diffusion steps...: 4it [00:00, 30.57it/s]
Diffusion steps...: 8it [00:00, 30.95it/s]
                                          
normal: 849/2000 frame=848

Diffusion steps...: 0it [00:00, ?it/s]
Diffusion steps...: 4it [00:00, 30.79it/s]
Diffusion steps...: 8it [00:00, 31.05it/s]
                                          
normal: 850/2000 frame=849

Diffusion steps...: 0it [00:00, ?it/s]
Diffusion steps...: 4it [00:00, 30.70it/s]
Diffusion steps...: 8it [00:00, 31.00it/s]
                                          
normal: 851/2000 frame=850

Diffusion steps...: 0it [00:00, ?it/s]
Diffusion steps...: 4it [00:00, 30.68it/s]
Diffusion steps...: 8it [00:00, 31.00it/s]
                                          
normal: 852/2000 frame=851

Diffusion steps...: 0it [00:00, ?it/s]
Diffusion steps...: 4it [00:00, 30.67it/s]
Diffusion steps...: 8it [00:00, 31.02it/s]
                                          
normal: 853/2000 frame=852

Diffusion steps...: 0it [00:00, ?it/s]
Diffusion steps...: 4it [00:00, 30.70it/s]
Diffusion steps...: 8it [00:00, 30.99it/s]
                                          
normal: 854/2000 frame=853

Diffusion steps...: 0it [00:00, ?it/s]
Diffusion steps...: 4it [00:00, 30.86it/s]
Diffusion steps...: 8it [00:00, 31.07it/s]
                                          
normal: 855/2000 frame=854

Diffusion steps...: 0it [00:00, ?it/s]
Diffusion steps...: 4it [00:00, 30.77it/s]
Diffusion steps...: 8it [00:00, 31.08it/s]
                                          
normal: 856/2000 frame=855

Diffusion steps...: 0it [00:00, ?it/s]
Diffusion steps...: 4it [00:00, 30.35it/s]
Diffusion steps...: 8it [00:00, 30.61it/s]
                                          
normal: 857/2000 frame=856

Diffusion steps...: 0it [00:00, ?it/s]
Diffusion steps...: 4it [00:00, 30.59it/s]
Diffusion steps...: 8it [00:00, 31.00it/s]
                                          
normal: 858/2000 frame=857

Diffusion steps...: 0it [00:00, ?it/s]
Diffusion steps...: 4it [00:00, 30.73it/s]
Diffusion steps...: 8it [00:00, 31.03it/s]
                                          
normal: 859/2000 frame=858

Diffusion steps...: 0it [00:00, ?it/s]
Diffusion steps...: 4it [00:00, 30.78it/s]
Diffusion steps...: 8it [00:00, 31.09it/s]
                                          
normal: 860/2000 frame=859

Diffusion steps...: 0it [00:00, ?it/s]
Diffusion steps...: 4it [00:00, 30.57it/s]
Diffusion steps...: 8it [00:00, 30.97it/s]
                                          
normal: 861/2000 frame=860

Diffusion steps...: 0it [00:00, ?it/s]
Diffusion steps...: 4it [00:00, 30.84it/s]
Diffusion steps...: 8it [00:00, 31.12it/s]
                                          
normal: 862/2000 frame=861

Diffusion steps...: 0it [00:00, ?it/s]
Diffusion steps...: 4it [00:00, 30.74it/s]
Diffusion steps...: 8it [00:00, 31.03it/s]
                                          
normal: 863/2000 frame=862

Diffusion steps...: 0it [00:00, ?it/s]
Diffusion steps...: 4it [00:00, 30.82it/s]
Diffusion steps...: 8it [00:00, 31.07it/s]
                                          
normal: 864/2000 frame=863

Diffusion steps...: 0it [00:00, ?it/s]
Diffusion steps...: 4it [00:00, 30.72it/s]
Diffusion steps...: 8it [00:00, 31.03it/s]
                                          
normal: 865/2000 frame=864

Diffusion steps...: 0it [00:00, ?it/s]
Diffusion steps...: 4it [00:00, 30.67it/s]
Diffusion steps...: 8it [00:00, 31.05it/s]
                                          
normal: 866/2000 frame=865

Diffusion steps...: 0it [00:00, ?it/s]
Diffusion steps...: 4it [00:00, 30.69it/s]
Diffusion steps...: 8it [00:00, 31.00it/s]
                                          
normal: 867/2000 frame=866

Diffusion steps...: 0it [00:00, ?it/s]
Diffusion steps...: 4it [00:00, 30.68it/s]
Diffusion steps...: 8it [00:00, 31.06it/s]
                                          
normal: 868/2000 frame=867

Diffusion steps...: 0it [00:00, ?it/s]
Diffusion steps...: 4it [00:00, 30.82it/s]
Diffusion steps...: 8it [00:00, 31.09it/s]
                                          
normal: 869/2000 frame=868

Diffusion steps...: 0it [00:00, ?it/s]
Diffusion steps...: 4it [00:00, 30.64it/s]
Diffusion steps...: 8it [00:00, 30.99it/s]
                                          
normal: 870/2000 frame=869

Diffusion steps...: 0it [00:00, ?it/s]
Diffusion steps...: 4it [00:00, 30.69it/s]
Diffusion steps...: 8it [00:00, 30.98it/s]
                                          
normal: 871/2000 frame=870

Diffusion steps...: 0it [00:00, ?it/s]
Diffusion steps...: 4it [00:00, 30.79it/s]
Diffusion steps...: 8it [00:00, 31.06it/s]
                                          
normal: 872/2000 frame=871

Diffusion steps...: 0it [00:00, ?it/s]
Diffusion steps...: 4it [00:00, 30.78it/s]
Diffusion steps...: 8it [00:00, 31.03it/s]
                                          
normal: 873/2000 frame=872

Diffusion steps...: 0it [00:00, ?it/s]
Diffusion steps...: 4it [00:00, 30.67it/s]
Diffusion steps...: 8it [00:00, 31.00it/s]
                                          
normal: 874/2000 frame=873

Diffusion steps...: 0it [00:00, ?it/s]
Diffusion steps...: 4it [00:00, 30.59it/s]
Diffusion steps...: 8it [00:00, 30.93it/s]
                                          
normal: 875/2000 frame=874

Diffusion steps...: 0it [00:00, ?it/s]
Diffusion steps...: 4it [00:00, 30.81it/s]
Diffusion steps...: 8it [00:00, 31.05it/s]
                                          
normal: 876/2000 frame=875

Diffusion steps...: 0it [00:00, ?it/s]
Diffusion steps...: 4it [00:00, 30.70it/s]
Diffusion steps...: 8it [00:00, 30.95it/s]
                                          
normal: 877/2000 frame=876

Diffusion steps...: 0it [00:00, ?it/s]
Diffusion steps...: 4it [00:00, 30.63it/s]
Diffusion steps...: 8it [00:00, 30.99it/s]
                                          
normal: 878/2000 frame=877

Diffusion steps...: 0it [00:00, ?it/s]
Diffusion steps...: 4it [00:00, 30.77it/s]
Diffusion steps...: 8it [00:00, 31.02it/s]
                                          
normal: 879/2000 frame=878

Diffusion steps...: 0it [00:00, ?it/s]
Diffusion steps...: 4it [00:00, 30.58it/s]
Diffusion steps...: 8it [00:00, 30.95it/s]
                                          
normal: 880/2000 frame=879

Diffusion steps...: 0it [00:00, ?it/s]
Diffusion steps...: 4it [00:00, 30.66it/s]
Diffusion steps...: 8it [00:00, 30.99it/s]
                                          
normal: 881/2000 frame=880

Diffusion steps...: 0it [00:00, ?it/s]
Diffusion steps...: 4it [00:00, 30.67it/s]
Diffusion steps...: 8it [00:00, 31.00it/s]
                                          
normal: 882/2000 frame=881

Diffusion steps...: 0it [00:00, ?it/s]
Diffusion steps...: 4it [00:00, 30.70it/s]
Diffusion steps...: 8it [00:00, 30.98it/s]
                                          
normal: 883/2000 frame=882

Diffusion steps...: 0it [00:00, ?it/s]
Diffusion steps...: 4it [00:00, 30.69it/s]
Diffusion steps...: 8it [00:00, 31.03it/s]
                                          
normal: 884/2000 frame=883

Diffusion steps...: 0it [00:00, ?it/s]
Diffusion steps...: 4it [00:00, 30.86it/s]
Diffusion steps...: 8it [00:00, 31.04it/s]
                                          
normal: 885/2000 frame=884

Diffusion steps...: 0it [00:00, ?it/s]
Diffusion steps...: 4it [00:00, 30.70it/s]
Diffusion steps...: 8it [00:00, 31.02it/s]
                                          
normal: 886/2000 frame=885

Diffusion steps...: 0it [00:00, ?it/s]
Diffusion steps...: 4it [00:00, 30.67it/s]
Diffusion steps...: 8it [00:00, 30.98it/s]
                                          
normal: 887/2000 frame=886

Diffusion steps...: 0it [00:00, ?it/s]
Diffusion steps...: 4it [00:00, 30.71it/s]
Diffusion steps...: 8it [00:00, 31.01it/s]
                                          
normal: 888/2000 frame=887

Diffusion steps...: 0it [00:00, ?it/s]
Diffusion steps...: 4it [00:00, 30.63it/s]
Diffusion steps...: 8it [00:00, 30.91it/s]
                                          
normal: 889/2000 frame=888

Diffusion steps...: 0it [00:00, ?it/s]
Diffusion steps...: 4it [00:00, 30.73it/s]
Diffusion steps...: 8it [00:00, 31.07it/s]
                                          
normal: 890/2000 frame=889

Diffusion steps...: 0it [00:00, ?it/s]
Diffusion steps...: 4it [00:00, 30.70it/s]
Diffusion steps...: 8it [00:00, 30.97it/s]
                                          
normal: 891/2000 frame=890

Diffusion steps...: 0it [00:00, ?it/s]
Diffusion steps...: 4it [00:00, 30.65it/s]
Diffusion steps...: 8it [00:00, 30.97it/s]
                                          
normal: 892/2000 frame=891

Diffusion steps...: 0it [00:00, ?it/s]
Diffusion steps...: 4it [00:00, 30.73it/s]
Diffusion steps...: 8it [00:00, 31.00it/s]
                                          
normal: 893/2000 frame=892

Diffusion steps...: 0it [00:00, ?it/s]
Diffusion steps...: 4it [00:00, 30.63it/s]
Diffusion steps...: 8it [00:00, 31.00it/s]
                                          
normal: 894/2000 frame=893

Diffusion steps...: 0it [00:00, ?it/s]
Diffusion steps...: 4it [00:00, 30.61it/s]
Diffusion steps...: 8it [00:00, 30.94it/s]
                                          
normal: 895/2000 frame=894

Diffusion steps...: 0it [00:00, ?it/s]
Diffusion steps...: 4it [00:00, 30.82it/s]
Diffusion steps...: 8it [00:00, 31.07it/s]
                                          
normal: 896/2000 frame=895

Diffusion steps...: 0it [00:00, ?it/s]
Diffusion steps...: 4it [00:00, 30.68it/s]
Diffusion steps...: 8it [00:00, 30.97it/s]
                                          
normal: 897/2000 frame=896

Diffusion steps...: 0it [00:00, ?it/s]
Diffusion steps...: 4it [00:00, 30.79it/s]
Diffusion steps...: 8it [00:00, 31.05it/s]
                                          
normal: 898/2000 frame=897

Diffusion steps...: 0it [00:00, ?it/s]
Diffusion steps...: 4it [00:00, 30.58it/s]
Diffusion steps...: 8it [00:00, 30.95it/s]
                                          
normal: 899/2000 frame=898

Diffusion steps...: 0it [00:00, ?it/s]
Diffusion steps...: 4it [00:00, 30.78it/s]
Diffusion steps...: 8it [00:00, 31.04it/s]
                                          
normal: 900/2000 frame=899

Diffusion steps...: 0it [00:00, ?it/s]
Diffusion steps...: 4it [00:00, 30.67it/s]
Diffusion steps...: 8it [00:00, 30.98it/s]
                                          
normal: 901/2000 frame=900

Diffusion steps...: 0it [00:00, ?it/s]
Diffusion steps...: 4it [00:00, 30.65it/s]
Diffusion steps...: 8it [00:00, 31.02it/s]
                                          
normal: 902/2000 frame=901

Diffusion steps...: 0it [00:00, ?it/s]
Diffusion steps...: 4it [00:00, 30.77it/s]
Diffusion steps...: 8it [00:00, 31.04it/s]
                                          
normal: 903/2000 frame=902

Diffusion steps...: 0it [00:00, ?it/s]
Diffusion steps...: 4it [00:00, 30.66it/s]
Diffusion steps...: 8it [00:00, 31.00it/s]
                                          
normal: 904/2000 frame=903

Diffusion steps...: 0it [00:00, ?it/s]
Diffusion steps...: 4it [00:00, 30.56it/s]
Diffusion steps...: 8it [00:00, 30.73it/s]
                                          
normal: 905/2000 frame=904

Diffusion steps...: 0it [00:00, ?it/s]
Diffusion steps...: 4it [00:00, 30.58it/s]
Diffusion steps...: 8it [00:00, 30.87it/s]
                                          
normal: 906/2000 frame=905

Diffusion steps...: 0it [00:00, ?it/s]
Diffusion steps...: 4it [00:00, 30.68it/s]
Diffusion steps...: 8it [00:00, 30.99it/s]
                                          
normal: 907/2000 frame=906

Diffusion steps...: 0it [00:00, ?it/s]
Diffusion steps...: 4it [00:00, 30.69it/s]
Diffusion steps...: 8it [00:00, 31.05it/s]
                                          
normal: 908/2000 frame=907

Diffusion steps...: 0it [00:00, ?it/s]
Diffusion steps...: 4it [00:00, 30.54it/s]
Diffusion steps...: 8it [00:00, 30.88it/s]
                                          
normal: 909/2000 frame=908

Diffusion steps...: 0it [00:00, ?it/s]
Diffusion steps...: 4it [00:00, 30.65it/s]
Diffusion steps...: 8it [00:00, 31.00it/s]
                                          
normal: 910/2000 frame=909

Diffusion steps...: 0it [00:00, ?it/s]
Diffusion steps...: 4it [00:00, 30.70it/s]
Diffusion steps...: 8it [00:00, 31.02it/s]
                                          
normal: 911/2000 frame=910

Diffusion steps...: 0it [00:00, ?it/s]
Diffusion steps...: 4it [00:00, 30.86it/s]
Diffusion steps...: 8it [00:00, 31.13it/s]
                                          
normal: 912/2000 frame=911

Diffusion steps...: 0it [00:00, ?it/s]
Diffusion steps...: 4it [00:00, 30.65it/s]
Diffusion steps...: 8it [00:00, 30.99it/s]
                                          
normal: 913/2000 frame=912

Diffusion steps...: 0it [00:00, ?it/s]
Diffusion steps...: 4it [00:00, 30.81it/s]
Diffusion steps...: 8it [00:00, 31.07it/s]
                                          
normal: 914/2000 frame=913

Diffusion steps...: 0it [00:00, ?it/s]
Diffusion steps...: 4it [00:00, 30.75it/s]
Diffusion steps...: 8it [00:00, 30.99it/s]
                                          
normal: 915/2000 frame=914

Diffusion steps...: 0it [00:00, ?it/s]
Diffusion steps...: 4it [00:00, 30.67it/s]
Diffusion steps...: 8it [00:00, 31.02it/s]
                                          
normal: 916/2000 frame=915

Diffusion steps...: 0it [00:00, ?it/s]
Diffusion steps...: 4it [00:00, 30.76it/s]
Diffusion steps...: 8it [00:00, 31.03it/s]
                                          
normal: 917/2000 frame=916

Diffusion steps...: 0it [00:00, ?it/s]
Diffusion steps...: 4it [00:00, 30.59it/s]
Diffusion steps...: 8it [00:00, 30.94it/s]
                                          
normal: 918/2000 frame=917

Diffusion steps...: 0it [00:00, ?it/s]
Diffusion steps...: 4it [00:00, 30.71it/s]
Diffusion steps...: 8it [00:00, 30.96it/s]
                                          
normal: 919/2000 frame=918

Diffusion steps...: 0it [00:00, ?it/s]
Diffusion steps...: 4it [00:00, 30.60it/s]
Diffusion steps...: 8it [00:00, 30.97it/s]
                                          
normal: 920/2000 frame=919

Diffusion steps...: 0it [00:00, ?it/s]
Diffusion steps...: 4it [00:00, 30.79it/s]
Diffusion steps...: 8it [00:00, 31.03it/s]
                                          
normal: 921/2000 frame=920

Diffusion steps...: 0it [00:00, ?it/s]
Diffusion steps...: 4it [00:00, 30.77it/s]
Diffusion steps...: 8it [00:00, 31.04it/s]
                                          
normal: 922/2000 frame=921

Diffusion steps...: 0it [00:00, ?it/s]
Diffusion steps...: 4it [00:00, 30.68it/s]
Diffusion steps...: 8it [00:00, 30.98it/s]
                                          
normal: 923/2000 frame=922

Diffusion steps...: 0it [00:00, ?it/s]
Diffusion steps...: 4it [00:00, 30.87it/s]
Diffusion steps...: 8it [00:00, 31.14it/s]
                                          
normal: 924/2000 frame=923

Diffusion steps...: 0it [00:00, ?it/s]
Diffusion steps...: 4it [00:00, 30.81it/s]
Diffusion steps...: 8it [00:00, 30.99it/s]
                                          
normal: 925/2000 frame=924

Diffusion steps...: 0it [00:00, ?it/s]
Diffusion steps...: 4it [00:00, 30.71it/s]
Diffusion steps...: 8it [00:00, 31.02it/s]
                                          
normal: 926/2000 frame=925

Diffusion steps...: 0it [00:00, ?it/s]
Diffusion steps...: 4it [00:00, 30.71it/s]
Diffusion steps...: 8it [00:00, 30.98it/s]
                                          
normal: 927/2000 frame=926

Diffusion steps...: 0it [00:00, ?it/s]
Diffusion steps...: 4it [00:00, 30.60it/s]
Diffusion steps...: 8it [00:00, 30.98it/s]
                                          
normal: 928/2000 frame=927

Diffusion steps...: 0it [00:00, ?it/s]
Diffusion steps...: 4it [00:00, 30.64it/s]
Diffusion steps...: 8it [00:00, 30.99it/s]
                                          
normal: 929/2000 frame=928

Diffusion steps...: 0it [00:00, ?it/s]
Diffusion steps...: 4it [00:00, 30.67it/s]
Diffusion steps...: 8it [00:00, 31.03it/s]
                                          
normal: 930/2000 frame=929

Diffusion steps...: 0it [00:00, ?it/s]
Diffusion steps...: 4it [00:00, 30.81it/s]
Diffusion steps...: 8it [00:00, 31.03it/s]
                                          
normal: 931/2000 frame=930

Diffusion steps...: 0it [00:00, ?it/s]
Diffusion steps...: 4it [00:00, 30.73it/s]
Diffusion steps...: 8it [00:00, 30.98it/s]
                                          
normal: 932/2000 frame=931

Diffusion steps...: 0it [00:00, ?it/s]
Diffusion steps...: 4it [00:00, 30.58it/s]
Diffusion steps...: 8it [00:00, 30.94it/s]
                                          
normal: 933/2000 frame=932

Diffusion steps...: 0it [00:00, ?it/s]
Diffusion steps...: 4it [00:00, 30.82it/s]
Diffusion steps...: 8it [00:00, 31.12it/s]
                                          
normal: 934/2000 frame=933

Diffusion steps...: 0it [00:00, ?it/s]
Diffusion steps...: 4it [00:00, 30.69it/s]
Diffusion steps...: 8it [00:00, 31.01it/s]
                                          
normal: 935/2000 frame=934

Diffusion steps...: 0it [00:00, ?it/s]
Diffusion steps...: 4it [00:00, 30.72it/s]
Diffusion steps...: 8it [00:00, 31.03it/s]
                                          
normal: 936/2000 frame=935

Diffusion steps...: 0it [00:00, ?it/s]
Diffusion steps...: 4it [00:00, 30.62it/s]
Diffusion steps...: 8it [00:00, 30.92it/s]
                                          
normal: 937/2000 frame=936

Diffusion steps...: 0it [00:00, ?it/s]
Diffusion steps...: 4it [00:00, 30.82it/s]
Diffusion steps...: 8it [00:00, 31.11it/s]
                                          
normal: 938/2000 frame=937

Diffusion steps...: 0it [00:00, ?it/s]
Diffusion steps...: 4it [00:00, 30.76it/s]
Diffusion steps...: 8it [00:00, 31.00it/s]
                                          
normal: 939/2000 frame=938

Diffusion steps...: 0it [00:00, ?it/s]
Diffusion steps...: 4it [00:00, 30.77it/s]
Diffusion steps...: 8it [00:00, 31.07it/s]
                                          
normal: 940/2000 frame=939

Diffusion steps...: 0it [00:00, ?it/s]
Diffusion steps...: 4it [00:00, 30.81it/s]
Diffusion steps...: 8it [00:00, 31.06it/s]
                                          
normal: 941/2000 frame=940

Diffusion steps...: 0it [00:00, ?it/s]
Diffusion steps...: 4it [00:00, 30.84it/s]
Diffusion steps...: 8it [00:00, 31.11it/s]
                                          
normal: 942/2000 frame=941

Diffusion steps...: 0it [00:00, ?it/s]
Diffusion steps...: 4it [00:00, 30.66it/s]
Diffusion steps...: 8it [00:00, 31.02it/s]
                                          
normal: 943/2000 frame=942

Diffusion steps...: 0it [00:00, ?it/s]
Diffusion steps...: 4it [00:00, 30.65it/s]
Diffusion steps...: 8it [00:00, 30.98it/s]
                                          
normal: 944/2000 frame=943

Diffusion steps...: 0it [00:00, ?it/s]
Diffusion steps...: 4it [00:00, 30.61it/s]
Diffusion steps...: 8it [00:00, 30.95it/s]
                                          
normal: 945/2000 frame=944

Diffusion steps...: 0it [00:00, ?it/s]
Diffusion steps...: 4it [00:00, 30.55it/s]
Diffusion steps...: 8it [00:00, 30.93it/s]
                                          
normal: 946/2000 frame=945

Diffusion steps...: 0it [00:00, ?it/s]
Diffusion steps...: 4it [00:00, 30.61it/s]
Diffusion steps...: 8it [00:00, 30.97it/s]
                                          
normal: 947/2000 frame=946

Diffusion steps...: 0it [00:00, ?it/s]
Diffusion steps...: 4it [00:00, 30.76it/s]
Diffusion steps...: 8it [00:00, 31.10it/s]
                                          
normal: 948/2000 frame=947

Diffusion steps...: 0it [00:00, ?it/s]
Diffusion steps...: 4it [00:00, 30.80it/s]
Diffusion steps...: 8it [00:00, 31.09it/s]
                                          
normal: 949/2000 frame=948

Diffusion steps...: 0it [00:00, ?it/s]
Diffusion steps...: 4it [00:00, 30.91it/s]
Diffusion steps...: 8it [00:00, 31.17it/s]
                                          
normal: 950/2000 frame=949

Diffusion steps...: 0it [00:00, ?it/s]
Diffusion steps...: 4it [00:00, 30.69it/s]
Diffusion steps...: 8it [00:00, 30.99it/s]
                                          
normal: 951/2000 frame=950

Diffusion steps...: 0it [00:00, ?it/s]
Diffusion steps...: 4it [00:00, 30.79it/s]
Diffusion steps...: 8it [00:00, 31.07it/s]
                                          
normal: 952/2000 frame=951

Diffusion steps...: 0it [00:00, ?it/s]
Diffusion steps...: 4it [00:00, 30.71it/s]
Diffusion steps...: 8it [00:00, 31.02it/s]
                                          
normal: 953/2000 frame=952

Diffusion steps...: 0it [00:00, ?it/s]
Diffusion steps...: 4it [00:00, 30.61it/s]
Diffusion steps...: 8it [00:00, 30.96it/s]
                                          
normal: 954/2000 frame=953

Diffusion steps...: 0it [00:00, ?it/s]
Diffusion steps...: 4it [00:00, 30.72it/s]
Diffusion steps...: 8it [00:00, 31.00it/s]
                                          
normal: 955/2000 frame=954

Diffusion steps...: 0it [00:00, ?it/s]
Diffusion steps...: 4it [00:00, 30.70it/s]
Diffusion steps...: 8it [00:00, 31.05it/s]
                                          
normal: 956/2000 frame=955

Diffusion steps...: 0it [00:00, ?it/s]
Diffusion steps...: 4it [00:00, 30.70it/s]
Diffusion steps...: 8it [00:00, 30.99it/s]
                                          
normal: 957/2000 frame=956

Diffusion steps...: 0it [00:00, ?it/s]
Diffusion steps...: 4it [00:00, 30.82it/s]
Diffusion steps...: 8it [00:00, 31.12it/s]
                                          
normal: 958/2000 frame=957

Diffusion steps...: 0it [00:00, ?it/s]
Diffusion steps...: 4it [00:00, 30.67it/s]
Diffusion steps...: 8it [00:00, 30.94it/s]
                                          
normal: 959/2000 frame=958

Diffusion steps...: 0it [00:00, ?it/s]
Diffusion steps...: 4it [00:00, 30.69it/s]
Diffusion steps...: 8it [00:00, 31.06it/s]
                                          
normal: 960/2000 frame=959

Diffusion steps...: 0it [00:00, ?it/s]
Diffusion steps...: 4it [00:00, 30.66it/s]
Diffusion steps...: 8it [00:00, 30.95it/s]
                                          
normal: 961/2000 frame=960

Diffusion steps...: 0it [00:00, ?it/s]
Diffusion steps...: 4it [00:00, 30.78it/s]
Diffusion steps...: 8it [00:00, 31.12it/s]
                                          
normal: 962/2000 frame=961

Diffusion steps...: 0it [00:00, ?it/s]
Diffusion steps...: 4it [00:00, 30.54it/s]
Diffusion steps...: 8it [00:00, 30.92it/s]
                                          
normal: 963/2000 frame=962

Diffusion steps...: 0it [00:00, ?it/s]
Diffusion steps...: 4it [00:00, 30.26it/s]
Diffusion steps...: 8it [00:00, 30.84it/s]
                                          
normal: 964/2000 frame=963

Diffusion steps...: 0it [00:00, ?it/s]
Diffusion steps...: 4it [00:00, 30.60it/s]
Diffusion steps...: 8it [00:00, 31.00it/s]
                                          
normal: 965/2000 frame=964

Diffusion steps...: 0it [00:00, ?it/s]
Diffusion steps...: 4it [00:00, 30.67it/s]
Diffusion steps...: 8it [00:00, 30.93it/s]
                                          
normal: 966/2000 frame=965

Diffusion steps...: 0it [00:00, ?it/s]
Diffusion steps...: 4it [00:00, 30.54it/s]
Diffusion steps...: 8it [00:00, 30.93it/s]
                                          
normal: 967/2000 frame=966

Diffusion steps...: 0it [00:00, ?it/s]
Diffusion steps...: 4it [00:00, 30.85it/s]
Diffusion steps...: 8it [00:00, 31.14it/s]
                                          
normal: 968/2000 frame=967

Diffusion steps...: 0it [00:00, ?it/s]
Diffusion steps...: 4it [00:00, 30.79it/s]
Diffusion steps...: 8it [00:00, 31.08it/s]
                                          
normal: 969/2000 frame=968

Diffusion steps...: 0it [00:00, ?it/s]
Diffusion steps...: 4it [00:00, 30.74it/s]
Diffusion steps...: 8it [00:00, 31.08it/s]
                                          
normal: 970/2000 frame=969

Diffusion steps...: 0it [00:00, ?it/s]
Diffusion steps...: 4it [00:00, 30.70it/s]
Diffusion steps...: 8it [00:00, 31.03it/s]
                                          
normal: 971/2000 frame=970

Diffusion steps...: 0it [00:00, ?it/s]
Diffusion steps...: 4it [00:00, 30.79it/s]
Diffusion steps...: 8it [00:00, 31.07it/s]
                                          
normal: 972/2000 frame=971

Diffusion steps...: 0it [00:00, ?it/s]
Diffusion steps...: 4it [00:00, 30.72it/s]
Diffusion steps...: 8it [00:00, 31.04it/s]
                                          
normal: 973/2000 frame=972

Diffusion steps...: 0it [00:00, ?it/s]
Diffusion steps...: 4it [00:00, 30.82it/s]
Diffusion steps...: 8it [00:00, 31.13it/s]
                                          
normal: 974/2000 frame=973

Diffusion steps...: 0it [00:00, ?it/s]
Diffusion steps...: 4it [00:00, 30.86it/s]
Diffusion steps...: 8it [00:00, 31.09it/s]
                                          
normal: 975/2000 frame=974

Diffusion steps...: 0it [00:00, ?it/s]
Diffusion steps...: 4it [00:00, 30.80it/s]
Diffusion steps...: 8it [00:00, 31.08it/s]
                                          
normal: 976/2000 frame=975

Diffusion steps...: 0it [00:00, ?it/s]
Diffusion steps...: 4it [00:00, 30.74it/s]
Diffusion steps...: 8it [00:00, 31.03it/s]
                                          
normal: 977/2000 frame=976

Diffusion steps...: 0it [00:00, ?it/s]
Diffusion steps...: 4it [00:00, 30.90it/s]
Diffusion steps...: 8it [00:00, 31.12it/s]
                                          
normal: 978/2000 frame=977

Diffusion steps...: 0it [00:00, ?it/s]
Diffusion steps...: 4it [00:00, 30.36it/s]
Diffusion steps...: 8it [00:00, 30.86it/s]
                                          
normal: 979/2000 frame=978

Diffusion steps...: 0it [00:00, ?it/s]
Diffusion steps...: 4it [00:00, 30.69it/s]
Diffusion steps...: 8it [00:00, 31.04it/s]
                                          
normal: 980/2000 frame=979

Diffusion steps...: 0it [00:00, ?it/s]
Diffusion steps...: 4it [00:00, 30.73it/s]
Diffusion steps...: 8it [00:00, 31.03it/s]
                                          
normal: 981/2000 frame=980

Diffusion steps...: 0it [00:00, ?it/s]
Diffusion steps...: 4it [00:00, 30.76it/s]
Diffusion steps...: 8it [00:00, 31.09it/s]
                                          
normal: 982/2000 frame=981

Diffusion steps...: 0it [00:00, ?it/s]
Diffusion steps...: 4it [00:00, 30.83it/s]
Diffusion steps...: 8it [00:00, 31.08it/s]
                                          
normal: 983/2000 frame=982

Diffusion steps...: 0it [00:00, ?it/s]
Diffusion steps...: 4it [00:00, 30.76it/s]
Diffusion steps...: 8it [00:00, 31.11it/s]
                                          
normal: 984/2000 frame=983

Diffusion steps...: 0it [00:00, ?it/s]
Diffusion steps...: 4it [00:00, 30.74it/s]
Diffusion steps...: 8it [00:00, 31.10it/s]
                                          
normal: 985/2000 frame=984

Diffusion steps...: 0it [00:00, ?it/s]
Diffusion steps...: 4it [00:00, 30.76it/s]
Diffusion steps...: 8it [00:00, 31.05it/s]
                                          
normal: 986/2000 frame=985

Diffusion steps...: 0it [00:00, ?it/s]
Diffusion steps...: 4it [00:00, 30.58it/s]
Diffusion steps...: 8it [00:00, 30.93it/s]
                                          
normal: 987/2000 frame=986

Diffusion steps...: 0it [00:00, ?it/s]
Diffusion steps...: 4it [00:00, 30.87it/s]
Diffusion steps...: 8it [00:00, 31.13it/s]
                                          
normal: 988/2000 frame=987

Diffusion steps...: 0it [00:00, ?it/s]
Diffusion steps...: 4it [00:00, 30.74it/s]
Diffusion steps...: 8it [00:00, 31.07it/s]
                                          
normal: 989/2000 frame=988

Diffusion steps...: 0it [00:00, ?it/s]
Diffusion steps...: 4it [00:00, 30.86it/s]
Diffusion steps...: 8it [00:00, 31.12it/s]
                                          
normal: 990/2000 frame=989

Diffusion steps...: 0it [00:00, ?it/s]
Diffusion steps...: 4it [00:00, 30.78it/s]
Diffusion steps...: 8it [00:00, 31.04it/s]
                                          
normal: 991/2000 frame=990

Diffusion steps...: 0it [00:00, ?it/s]
Diffusion steps...: 4it [00:00, 30.74it/s]
Diffusion steps...: 8it [00:00, 31.04it/s]
                                          
normal: 992/2000 frame=991

Diffusion steps...: 0it [00:00, ?it/s]
Diffusion steps...: 4it [00:00, 30.70it/s]
Diffusion steps...: 8it [00:00, 30.98it/s]
                                          
normal: 993/2000 frame=992

Diffusion steps...: 0it [00:00, ?it/s]
Diffusion steps...: 4it [00:00, 30.69it/s]
Diffusion steps...: 8it [00:00, 31.03it/s]
                                          
normal: 994/2000 frame=993

Diffusion steps...: 0it [00:00, ?it/s]
Diffusion steps...: 4it [00:00, 30.74it/s]
Diffusion steps...: 8it [00:00, 31.02it/s]
                                          
normal: 995/2000 frame=994

Diffusion steps...: 0it [00:00, ?it/s]
Diffusion steps...: 4it [00:00, 30.80it/s]
Diffusion steps...: 8it [00:00, 31.11it/s]
                                          
normal: 996/2000 frame=995

Diffusion steps...: 0it [00:00, ?it/s]
Diffusion steps...: 4it [00:00, 30.64it/s]
Diffusion steps...: 8it [00:00, 30.97it/s]
                                          
normal: 997/2000 frame=996

Diffusion steps...: 0it [00:00, ?it/s]
Diffusion steps...: 4it [00:00, 30.87it/s]
Diffusion steps...: 8it [00:00, 31.10it/s]
                                          
normal: 998/2000 frame=997

Diffusion steps...: 0it [00:00, ?it/s]
Diffusion steps...: 4it [00:00, 30.56it/s]
Diffusion steps...: 8it [00:00, 30.92it/s]
                                          
normal: 999/2000 frame=998

Diffusion steps...: 0it [00:00, ?it/s]
Diffusion steps...: 4it [00:00, 30.82it/s]
Diffusion steps...: 8it [00:00, 31.12it/s]
                                          
normal: 1000/2000 frame=999

Diffusion steps...: 0it [00:00, ?it/s]
Diffusion steps...: 4it [00:00, 30.70it/s]
Diffusion steps...: 8it [00:00, 31.06it/s]
                                          
normal: 1001/2000 frame=1000

Diffusion steps...: 0it [00:00, ?it/s]
Diffusion steps...: 4it [00:00, 30.80it/s]
Diffusion steps...: 8it [00:00, 31.09it/s]
                                          
normal: 1002/2000 frame=1001

Diffusion steps...: 0it [00:00, ?it/s]
Diffusion steps...: 4it [00:00, 30.60it/s]
Diffusion steps...: 8it [00:00, 30.96it/s]
                                          
normal: 1003/2000 frame=1002

Diffusion steps...: 0it [00:00, ?it/s]
Diffusion steps...: 4it [00:00, 30.74it/s]
Diffusion steps...: 8it [00:00, 31.08it/s]
                                          
normal: 1004/2000 frame=1003

Diffusion steps...: 0it [00:00, ?it/s]
Diffusion steps...: 4it [00:00, 30.76it/s]
Diffusion steps...: 8it [00:00, 31.00it/s]
                                          
normal: 1005/2000 frame=1004

Diffusion steps...: 0it [00:00, ?it/s]
Diffusion steps...: 4it [00:00, 30.70it/s]
Diffusion steps...: 8it [00:00, 31.02it/s]
                                          
normal: 1006/2000 frame=1005

Diffusion steps...: 0it [00:00, ?it/s]
Diffusion steps...: 4it [00:00, 30.67it/s]
Diffusion steps...: 8it [00:00, 30.98it/s]
                                          
normal: 1007/2000 frame=1006

Diffusion steps...: 0it [00:00, ?it/s]
Diffusion steps...: 4it [00:00, 30.91it/s]
Diffusion steps...: 8it [00:00, 31.12it/s]
                                          
normal: 1008/2000 frame=1007

Diffusion steps...: 0it [00:00, ?it/s]
Diffusion steps...: 4it [00:00, 30.64it/s]
Diffusion steps...: 8it [00:00, 31.00it/s]
                                          
normal: 1009/2000 frame=1008

Diffusion steps...: 0it [00:00, ?it/s]
Diffusion steps...: 4it [00:00, 30.85it/s]
Diffusion steps...: 8it [00:00, 31.12it/s]
                                          
normal: 1010/2000 frame=1009

Diffusion steps...: 0it [00:00, ?it/s]
Diffusion steps...: 4it [00:00, 30.64it/s]
Diffusion steps...: 8it [00:00, 30.93it/s]
                                          
normal: 1011/2000 frame=1010

Diffusion steps...: 0it [00:00, ?it/s]
Diffusion steps...: 4it [00:00, 30.79it/s]
Diffusion steps...: 8it [00:00, 31.08it/s]
                                          
normal: 1012/2000 frame=1011

Diffusion steps...: 0it [00:00, ?it/s]
Diffusion steps...: 4it [00:00, 30.68it/s]
Diffusion steps...: 8it [00:00, 31.00it/s]
                                          
normal: 1013/2000 frame=1012

Diffusion steps...: 0it [00:00, ?it/s]
Diffusion steps...: 4it [00:00, 30.71it/s]
Diffusion steps...: 8it [00:00, 31.03it/s]
                                          
normal: 1014/2000 frame=1013

Diffusion steps...: 0it [00:00, ?it/s]
Diffusion steps...: 4it [00:00, 30.67it/s]
Diffusion steps...: 8it [00:00, 30.96it/s]
                                          
normal: 1015/2000 frame=1014

Diffusion steps...: 0it [00:00, ?it/s]
Diffusion steps...: 4it [00:00, 30.75it/s]
Diffusion steps...: 8it [00:00, 31.03it/s]
                                          
normal: 1016/2000 frame=1015

Diffusion steps...: 0it [00:00, ?it/s]
Diffusion steps...: 4it [00:00, 30.52it/s]
Diffusion steps...: 8it [00:00, 30.71it/s]
                                          
normal: 1017/2000 frame=1016

Diffusion steps...: 0it [00:00, ?it/s]
Diffusion steps...: 4it [00:00, 30.75it/s]
Diffusion steps...: 8it [00:00, 31.00it/s]
                                          
normal: 1018/2000 frame=1017

Diffusion steps...: 0it [00:00, ?it/s]
Diffusion steps...: 4it [00:00, 30.72it/s]
Diffusion steps...: 8it [00:00, 30.98it/s]
                                          
normal: 1019/2000 frame=1018

Diffusion steps...: 0it [00:00, ?it/s]
Diffusion steps...: 4it [00:00, 30.73it/s]
Diffusion steps...: 8it [00:00, 31.05it/s]
                                          
normal: 1020/2000 frame=1019

Diffusion steps...: 0it [00:00, ?it/s]
Diffusion steps...: 4it [00:00, 30.71it/s]
Diffusion steps...: 8it [00:00, 31.01it/s]
                                          
normal: 1021/2000 frame=1020

Diffusion steps...: 0it [00:00, ?it/s]
Diffusion steps...: 4it [00:00, 30.69it/s]
Diffusion steps...: 8it [00:00, 31.04it/s]
                                          
normal: 1022/2000 frame=1021

Diffusion steps...: 0it [00:00, ?it/s]
Diffusion steps...: 4it [00:00, 30.73it/s]
Diffusion steps...: 8it [00:00, 31.02it/s]
                                          
normal: 1023/2000 frame=1022

Diffusion steps...: 0it [00:00, ?it/s]
Diffusion steps...: 4it [00:00, 30.66it/s]
Diffusion steps...: 8it [00:00, 31.00it/s]
                                          
normal: 1024/2000 frame=1023

Diffusion steps...: 0it [00:00, ?it/s]
Diffusion steps...: 4it [00:00, 30.78it/s]
Diffusion steps...: 8it [00:00, 31.04it/s]
                                          
normal: 1025/2000 frame=1024

Diffusion steps...: 0it [00:00, ?it/s]
Diffusion steps...: 4it [00:00, 30.78it/s]
Diffusion steps...: 8it [00:00, 31.11it/s]
                                          
normal: 1026/2000 frame=1025

Diffusion steps...: 0it [00:00, ?it/s]
Diffusion steps...: 4it [00:00, 30.60it/s]
Diffusion steps...: 8it [00:00, 30.95it/s]
                                          
normal: 1027/2000 frame=1026

Diffusion steps...: 0it [00:00, ?it/s]
Diffusion steps...: 4it [00:00, 30.70it/s]
Diffusion steps...: 8it [00:00, 31.01it/s]
                                          
normal: 1028/2000 frame=1027

Diffusion steps...: 0it [00:00, ?it/s]
Diffusion steps...: 4it [00:00, 30.66it/s]
Diffusion steps...: 8it [00:00, 30.98it/s]
                                          
normal: 1029/2000 frame=1028

Diffusion steps...: 0it [00:00, ?it/s]
Diffusion steps...: 4it [00:00, 30.75it/s]
Diffusion steps...: 8it [00:00, 31.07it/s]
                                          
normal: 1030/2000 frame=1029

Diffusion steps...: 0it [00:00, ?it/s]
Diffusion steps...: 4it [00:00, 30.68it/s]
Diffusion steps...: 8it [00:00, 30.99it/s]
                                          
normal: 1031/2000 frame=1030

Diffusion steps...: 0it [00:00, ?it/s]
Diffusion steps...: 4it [00:00, 30.74it/s]
Diffusion steps...: 8it [00:00, 31.06it/s]
                                          
normal: 1032/2000 frame=1031

Diffusion steps...: 0it [00:00, ?it/s]
Diffusion steps...: 4it [00:00, 30.61it/s]
Diffusion steps...: 8it [00:00, 30.86it/s]
                                          
normal: 1033/2000 frame=1032

Diffusion steps...: 0it [00:00, ?it/s]
Diffusion steps...: 4it [00:00, 30.71it/s]
Diffusion steps...: 8it [00:00, 30.99it/s]
                                          
normal: 1034/2000 frame=1033

Diffusion steps...: 0it [00:00, ?it/s]
Diffusion steps...: 4it [00:00, 30.68it/s]
Diffusion steps...: 8it [00:00, 30.96it/s]
                                          
normal: 1035/2000 frame=1034

Diffusion steps...: 0it [00:00, ?it/s]
Diffusion steps...: 4it [00:00, 30.70it/s]
Diffusion steps...: 8it [00:00, 31.00it/s]
                                          
normal: 1036/2000 frame=1035

Diffusion steps...: 0it [00:00, ?it/s]
Diffusion steps...: 4it [00:00, 30.63it/s]
Diffusion steps...: 8it [00:00, 30.92it/s]
                                          
normal: 1037/2000 frame=1036

Diffusion steps...: 0it [00:00, ?it/s]
Diffusion steps...: 4it [00:00, 30.73it/s]
Diffusion steps...: 8it [00:00, 31.04it/s]
                                          
normal: 1038/2000 frame=1037

Diffusion steps...: 0it [00:00, ?it/s]
Diffusion steps...: 4it [00:00, 30.66it/s]
Diffusion steps...: 8it [00:00, 30.90it/s]
                                          
normal: 1039/2000 frame=1038

Diffusion steps...: 0it [00:00, ?it/s]
Diffusion steps...: 4it [00:00, 30.72it/s]
Diffusion steps...: 8it [00:00, 31.03it/s]
                                          
normal: 1040/2000 frame=1039

Diffusion steps...: 0it [00:00, ?it/s]
Diffusion steps...: 4it [00:00, 30.63it/s]
Diffusion steps...: 8it [00:00, 31.01it/s]
                                          
normal: 1041/2000 frame=1040

Diffusion steps...: 0it [00:00, ?it/s]
Diffusion steps...: 4it [00:00, 30.78it/s]
Diffusion steps...: 8it [00:00, 31.07it/s]
                                          
normal: 1042/2000 frame=1041

Diffusion steps...: 0it [00:00, ?it/s]
Diffusion steps...: 4it [00:00, 30.76it/s]
Diffusion steps...: 8it [00:00, 31.07it/s]
                                          
normal: 1043/2000 frame=1042

Diffusion steps...: 0it [00:00, ?it/s]
Diffusion steps...: 4it [00:00, 30.82it/s]
Diffusion steps...: 8it [00:00, 31.06it/s]
                                          
normal: 1044/2000 frame=1043

Diffusion steps...: 0it [00:00, ?it/s]
Diffusion steps...: 4it [00:00, 30.59it/s]
Diffusion steps...: 8it [00:00, 30.93it/s]
                                          
normal: 1045/2000 frame=1044

Diffusion steps...: 0it [00:00, ?it/s]
Diffusion steps...: 4it [00:00, 30.71it/s]
Diffusion steps...: 8it [00:00, 30.99it/s]
                                          
normal: 1046/2000 frame=1045

Diffusion steps...: 0it [00:00, ?it/s]
Diffusion steps...: 4it [00:00, 30.74it/s]
Diffusion steps...: 8it [00:00, 31.02it/s]
                                          
normal: 1047/2000 frame=1046

Diffusion steps...: 0it [00:00, ?it/s]
Diffusion steps...: 4it [00:00, 30.60it/s]
Diffusion steps...: 8it [00:00, 30.93it/s]
                                          
normal: 1048/2000 frame=1047

Diffusion steps...: 0it [00:00, ?it/s]
Diffusion steps...: 4it [00:00, 30.78it/s]
Diffusion steps...: 8it [00:00, 31.08it/s]
                                          
normal: 1049/2000 frame=1048

Diffusion steps...: 0it [00:00, ?it/s]
Diffusion steps...: 4it [00:00, 30.70it/s]
Diffusion steps...: 8it [00:00, 31.01it/s]
                                          
normal: 1050/2000 frame=1049

Diffusion steps...: 0it [00:00, ?it/s]
Diffusion steps...: 4it [00:00, 30.57it/s]
Diffusion steps...: 8it [00:00, 30.96it/s]
                                          
normal: 1051/2000 frame=1050

Diffusion steps...: 0it [00:00, ?it/s]
Diffusion steps...: 4it [00:00, 30.67it/s]
Diffusion steps...: 8it [00:00, 30.99it/s]
                                          
normal: 1052/2000 frame=1051

Diffusion steps...: 0it [00:00, ?it/s]
Diffusion steps...: 4it [00:00, 30.73it/s]
Diffusion steps...: 8it [00:00, 31.03it/s]
                                          
normal: 1053/2000 frame=1052

Diffusion steps...: 0it [00:00, ?it/s]
Diffusion steps...: 4it [00:00, 30.84it/s]
Diffusion steps...: 8it [00:00, 31.12it/s]
                                          
normal: 1054/2000 frame=1053

Diffusion steps...: 0it [00:00, ?it/s]
Diffusion steps...: 4it [00:00, 30.70it/s]
Diffusion steps...: 8it [00:00, 30.96it/s]
                                          
normal: 1055/2000 frame=1054

Diffusion steps...: 0it [00:00, ?it/s]
Diffusion steps...: 4it [00:00, 30.77it/s]
Diffusion steps...: 8it [00:00, 31.02it/s]
                                          
normal: 1056/2000 frame=1055

Diffusion steps...: 0it [00:00, ?it/s]
Diffusion steps...: 4it [00:00, 30.47it/s]
Diffusion steps...: 8it [00:00, 30.84it/s]
                                          
normal: 1057/2000 frame=1056

Diffusion steps...: 0it [00:00, ?it/s]
Diffusion steps...: 4it [00:00, 30.72it/s]
Diffusion steps...: 8it [00:00, 31.04it/s]
                                          
normal: 1058/2000 frame=1057

Diffusion steps...: 0it [00:00, ?it/s]
Diffusion steps...: 4it [00:00, 30.69it/s]
Diffusion steps...: 8it [00:00, 30.98it/s]
                                          
normal: 1059/2000 frame=1058

Diffusion steps...: 0it [00:00, ?it/s]
Diffusion steps...: 4it [00:00, 30.73it/s]
Diffusion steps...: 8it [00:00, 30.98it/s]
                                          
normal: 1060/2000 frame=1059

Diffusion steps...: 0it [00:00, ?it/s]
Diffusion steps...: 4it [00:00, 30.70it/s]
Diffusion steps...: 8it [00:00, 30.98it/s]
                                          
normal: 1061/2000 frame=1060

Diffusion steps...: 0it [00:00, ?it/s]
Diffusion steps...: 4it [00:00, 30.64it/s]
Diffusion steps...: 8it [00:00, 30.98it/s]
                                          
normal: 1062/2000 frame=1061

Diffusion steps...: 0it [00:00, ?it/s]
Diffusion steps...: 4it [00:00, 30.58it/s]
Diffusion steps...: 8it [00:00, 30.93it/s]
                                          
normal: 1063/2000 frame=1062

Diffusion steps...: 0it [00:00, ?it/s]
Diffusion steps...: 4it [00:00, 30.68it/s]
Diffusion steps...: 8it [00:00, 31.02it/s]
                                          
normal: 1064/2000 frame=1063

Diffusion steps...: 0it [00:00, ?it/s]
Diffusion steps...: 4it [00:00, 30.63it/s]
Diffusion steps...: 8it [00:00, 30.97it/s]
                                          
normal: 1065/2000 frame=1064

Diffusion steps...: 0it [00:00, ?it/s]
Diffusion steps...: 4it [00:00, 30.66it/s]
Diffusion steps...: 8it [00:00, 31.02it/s]
                                          
normal: 1066/2000 frame=1065

Diffusion steps...: 0it [00:00, ?it/s]
Diffusion steps...: 4it [00:00, 30.72it/s]
Diffusion steps...: 8it [00:00, 31.05it/s]
                                          
normal: 1067/2000 frame=1066

Diffusion steps...: 0it [00:00, ?it/s]
Diffusion steps...: 4it [00:00, 30.72it/s]
Diffusion steps...: 8it [00:00, 31.05it/s]
                                          
normal: 1068/2000 frame=1067

Diffusion steps...: 0it [00:00, ?it/s]
Diffusion steps...: 4it [00:00, 30.79it/s]
Diffusion steps...: 8it [00:00, 31.06it/s]
                                          
normal: 1069/2000 frame=1068

Diffusion steps...: 0it [00:00, ?it/s]
Diffusion steps...: 4it [00:00, 30.66it/s]
Diffusion steps...: 8it [00:00, 31.00it/s]
                                          
normal: 1070/2000 frame=1069

Diffusion steps...: 0it [00:00, ?it/s]
Diffusion steps...: 4it [00:00, 30.66it/s]
Diffusion steps...: 8it [00:00, 30.99it/s]
                                          
normal: 1071/2000 frame=1070

Diffusion steps...: 0it [00:00, ?it/s]
Diffusion steps...: 3it [00:00, 29.99it/s]
Diffusion steps...: 7it [00:00, 30.53it/s]
                                          
normal: 1072/2000 frame=1071

Diffusion steps...: 0it [00:00, ?it/s]
Diffusion steps...: 3it [00:00, 29.70it/s]
Diffusion steps...: 7it [00:00, 30.54it/s]
                                          
normal: 1073/2000 frame=1072

Diffusion steps...: 0it [00:00, ?it/s]
Diffusion steps...: 3it [00:00, 29.89it/s]
Diffusion steps...: 7it [00:00, 30.58it/s]
                                          
normal: 1074/2000 frame=1073

Diffusion steps...: 0it [00:00, ?it/s]
Diffusion steps...: 3it [00:00, 29.64it/s]
Diffusion steps...: 7it [00:00, 30.40it/s]
                                          
normal: 1075/2000 frame=1074

Diffusion steps...: 0it [00:00, ?it/s]
Diffusion steps...: 4it [00:00, 30.34it/s]
Diffusion steps...: 8it [00:00, 30.79it/s]
                                          
normal: 1076/2000 frame=1075

Diffusion steps...: 0it [00:00, ?it/s]
Diffusion steps...: 4it [00:00, 30.54it/s]
Diffusion steps...: 8it [00:00, 30.85it/s]
                                          
normal: 1077/2000 frame=1076

Diffusion steps...: 0it [00:00, ?it/s]
Diffusion steps...: 4it [00:00, 30.58it/s]
Diffusion steps...: 8it [00:00, 30.90it/s]
                                          
normal: 1078/2000 frame=1077

Diffusion steps...: 0it [00:00, ?it/s]
Diffusion steps...: 4it [00:00, 30.58it/s]
Diffusion steps...: 8it [00:00, 30.90it/s]
                                          
normal: 1079/2000 frame=1078

Diffusion steps...: 0it [00:00, ?it/s]
Diffusion steps...: 4it [00:00, 30.65it/s]
Diffusion steps...: 8it [00:00, 30.97it/s]
                                          
normal: 1080/2000 frame=1079

Diffusion steps...: 0it [00:00, ?it/s]
Diffusion steps...: 4it [00:00, 30.48it/s]
Diffusion steps...: 8it [00:00, 30.83it/s]
                                          
normal: 1081/2000 frame=1080

Diffusion steps...: 0it [00:00, ?it/s]
Diffusion steps...: 4it [00:00, 30.52it/s]
Diffusion steps...: 8it [00:00, 30.91it/s]
                                          
normal: 1082/2000 frame=1081

Diffusion steps...: 0it [00:00, ?it/s]
Diffusion steps...: 4it [00:00, 30.60it/s]
Diffusion steps...: 8it [00:00, 30.90it/s]
                                          
normal: 1083/2000 frame=1082

Diffusion steps...: 0it [00:00, ?it/s]
Diffusion steps...: 4it [00:00, 30.70it/s]
Diffusion steps...: 8it [00:00, 31.01it/s]
                                          
normal: 1084/2000 frame=1083

Diffusion steps...: 0it [00:00, ?it/s]
Diffusion steps...: 4it [00:00, 30.50it/s]
Diffusion steps...: 8it [00:00, 30.85it/s]
                                          
normal: 1085/2000 frame=1084

Diffusion steps...: 0it [00:00, ?it/s]
Diffusion steps...: 4it [00:00, 30.73it/s]
Diffusion steps...: 8it [00:00, 31.03it/s]
                                          
normal: 1086/2000 frame=1085

Diffusion steps...: 0it [00:00, ?it/s]
Diffusion steps...: 4it [00:00, 30.48it/s]
Diffusion steps...: 8it [00:00, 30.83it/s]
                                          
normal: 1087/2000 frame=1086

Diffusion steps...: 0it [00:00, ?it/s]
Diffusion steps...: 4it [00:00, 30.68it/s]
Diffusion steps...: 8it [00:00, 30.92it/s]
                                          
normal: 1088/2000 frame=1087

Diffusion steps...: 0it [00:00, ?it/s]
Diffusion steps...: 4it [00:00, 30.59it/s]
Diffusion steps...: 8it [00:00, 30.90it/s]
                                          
normal: 1089/2000 frame=1088

Diffusion steps...: 0it [00:00, ?it/s]
Diffusion steps...: 4it [00:00, 30.73it/s]
Diffusion steps...: 8it [00:00, 30.81it/s]
                                          
normal: 1090/2000 frame=1089

Diffusion steps...: 0it [00:00, ?it/s]
Diffusion steps...: 4it [00:00, 30.55it/s]
Diffusion steps...: 8it [00:00, 30.81it/s]
                                          
normal: 1091/2000 frame=1090

Diffusion steps...: 0it [00:00, ?it/s]
Diffusion steps...: 4it [00:00, 30.60it/s]
Diffusion steps...: 8it [00:00, 30.94it/s]
                                          
normal: 1092/2000 frame=1091

Diffusion steps...: 0it [00:00, ?it/s]
Diffusion steps...: 4it [00:00, 30.65it/s]
Diffusion steps...: 8it [00:00, 30.97it/s]
                                          
normal: 1093/2000 frame=1092

Diffusion steps...: 0it [00:00, ?it/s]
Diffusion steps...: 4it [00:00, 30.65it/s]
Diffusion steps...: 8it [00:00, 30.95it/s]
                                          
normal: 1094/2000 frame=1093

Diffusion steps...: 0it [00:00, ?it/s]
Diffusion steps...: 4it [00:00, 30.58it/s]
Diffusion steps...: 8it [00:00, 30.87it/s]
                                          
normal: 1095/2000 frame=1094

Diffusion steps...: 0it [00:00, ?it/s]
Diffusion steps...: 4it [00:00, 30.48it/s]
Diffusion steps...: 8it [00:00, 30.88it/s]
                                          
normal: 1096/2000 frame=1095

Diffusion steps...: 0it [00:00, ?it/s]
Diffusion steps...: 4it [00:00, 30.52it/s]
Diffusion steps...: 8it [00:00, 30.84it/s]
                                          
normal: 1097/2000 frame=1096

Diffusion steps...: 0it [00:00, ?it/s]
Diffusion steps...: 4it [00:00, 30.58it/s]
Diffusion steps...: 8it [00:00, 30.95it/s]
                                          
normal: 1098/2000 frame=1097

Diffusion steps...: 0it [00:00, ?it/s]
Diffusion steps...: 4it [00:00, 30.57it/s]
Diffusion steps...: 8it [00:00, 30.86it/s]
                                          
normal: 1099/2000 frame=1098

Diffusion steps...: 0it [00:00, ?it/s]
Diffusion steps...: 4it [00:00, 30.71it/s]
Diffusion steps...: 8it [00:00, 30.92it/s]
                                          
normal: 1100/2000 frame=1099

Diffusion steps...: 0it [00:00, ?it/s]
Diffusion steps...: 4it [00:00, 30.59it/s]
Diffusion steps...: 8it [00:00, 30.91it/s]
                                          
normal: 1101/2000 frame=1100

Diffusion steps...: 0it [00:00, ?it/s]
Diffusion steps...: 4it [00:00, 30.62it/s]
Diffusion steps...: 8it [00:00, 30.94it/s]
                                          
normal: 1102/2000 frame=1101

Diffusion steps...: 0it [00:00, ?it/s]
Diffusion steps...: 4it [00:00, 30.43it/s]
Diffusion steps...: 8it [00:00, 30.83it/s]
                                          
normal: 1103/2000 frame=1102

Diffusion steps...: 0it [00:00, ?it/s]
Diffusion steps...: 4it [00:00, 30.63it/s]
Diffusion steps...: 8it [00:00, 30.92it/s]
                                          
normal: 1104/2000 frame=1103

Diffusion steps...: 0it [00:00, ?it/s]
Diffusion steps...: 4it [00:00, 30.52it/s]
Diffusion steps...: 8it [00:00, 30.91it/s]
                                          
normal: 1105/2000 frame=1104

Diffusion steps...: 0it [00:00, ?it/s]
Diffusion steps...: 4it [00:00, 30.61it/s]
Diffusion steps...: 8it [00:00, 30.93it/s]
                                          
normal: 1106/2000 frame=1105

Diffusion steps...: 0it [00:00, ?it/s]
Diffusion steps...: 4it [00:00, 30.63it/s]
Diffusion steps...: 8it [00:00, 30.89it/s]
                                          
normal: 1107/2000 frame=1106

Diffusion steps...: 0it [00:00, ?it/s]
Diffusion steps...: 4it [00:00, 30.35it/s]
Diffusion steps...: 8it [00:00, 30.80it/s]
                                          
normal: 1108/2000 frame=1107

Diffusion steps...: 0it [00:00, ?it/s]
Diffusion steps...: 4it [00:00, 30.57it/s]
Diffusion steps...: 8it [00:00, 30.90it/s]
                                          
normal: 1109/2000 frame=1108

Diffusion steps...: 0it [00:00, ?it/s]
Diffusion steps...: 4it [00:00, 30.53it/s]
Diffusion steps...: 8it [00:00, 30.91it/s]
                                          
normal: 1110/2000 frame=1109

Diffusion steps...: 0it [00:00, ?it/s]
Diffusion steps...: 4it [00:00, 30.61it/s]
Diffusion steps...: 8it [00:00, 30.93it/s]
                                          
normal: 1111/2000 frame=1110

Diffusion steps...: 0it [00:00, ?it/s]
Diffusion steps...: 4it [00:00, 30.58it/s]
Diffusion steps...: 8it [00:00, 30.88it/s]
                                          
normal: 1112/2000 frame=1111

Diffusion steps...: 0it [00:00, ?it/s]
Diffusion steps...: 4it [00:00, 30.46it/s]
Diffusion steps...: 8it [00:00, 30.82it/s]
                                          
normal: 1113/2000 frame=1112

Diffusion steps...: 0it [00:00, ?it/s]
Diffusion steps...: 4it [00:00, 30.76it/s]
Diffusion steps...: 8it [00:00, 31.01it/s]
                                          
normal: 1114/2000 frame=1113

Diffusion steps...: 0it [00:00, ?it/s]
Diffusion steps...: 4it [00:00, 30.65it/s]
Diffusion steps...: 8it [00:00, 30.92it/s]
                                          
normal: 1115/2000 frame=1114

Diffusion steps...: 0it [00:00, ?it/s]
Diffusion steps...: 4it [00:00, 30.78it/s]
Diffusion steps...: 8it [00:00, 31.03it/s]
                                          
normal: 1116/2000 frame=1115

Diffusion steps...: 0it [00:00, ?it/s]
Diffusion steps...: 4it [00:00, 30.55it/s]
Diffusion steps...: 8it [00:00, 30.87it/s]
                                          
normal: 1117/2000 frame=1116

Diffusion steps...: 0it [00:00, ?it/s]
Diffusion steps...: 4it [00:00, 30.76it/s]
Diffusion steps...: 8it [00:00, 30.95it/s]
                                          
normal: 1118/2000 frame=1117

Diffusion steps...: 0it [00:00, ?it/s]
Diffusion steps...: 4it [00:00, 30.57it/s]
Diffusion steps...: 8it [00:00, 30.86it/s]
                                          
normal: 1119/2000 frame=1118

Diffusion steps...: 0it [00:00, ?it/s]
Diffusion steps...: 4it [00:00, 30.73it/s]
Diffusion steps...: 8it [00:00, 30.99it/s]
                                          
normal: 1120/2000 frame=1119

Diffusion steps...: 0it [00:00, ?it/s]
Diffusion steps...: 4it [00:00, 30.48it/s]
Diffusion steps...: 8it [00:00, 30.83it/s]
                                          
normal: 1121/2000 frame=1120

Diffusion steps...: 0it [00:00, ?it/s]
Diffusion steps...: 4it [00:00, 30.80it/s]
Diffusion steps...: 8it [00:00, 30.99it/s]
                                          
normal: 1122/2000 frame=1121

Diffusion steps...: 0it [00:00, ?it/s]
Diffusion steps...: 4it [00:00, 30.68it/s]
Diffusion steps...: 8it [00:00, 30.92it/s]
                                          
normal: 1123/2000 frame=1122

Diffusion steps...: 0it [00:00, ?it/s]
Diffusion steps...: 4it [00:00, 30.66it/s]
Diffusion steps...: 8it [00:00, 30.97it/s]
                                          
normal: 1124/2000 frame=1123

Diffusion steps...: 0it [00:00, ?it/s]
Diffusion steps...: 4it [00:00, 30.55it/s]
Diffusion steps...: 8it [00:00, 30.87it/s]
                                          
normal: 1125/2000 frame=1124

Diffusion steps...: 0it [00:00, ?it/s]
Diffusion steps...: 4it [00:00, 30.64it/s]
Diffusion steps...: 8it [00:00, 30.92it/s]
                                          
normal: 1126/2000 frame=1125

Diffusion steps...: 0it [00:00, ?it/s]
Diffusion steps...: 4it [00:00, 30.58it/s]
Diffusion steps...: 8it [00:00, 30.89it/s]
                                          
normal: 1127/2000 frame=1126

Diffusion steps...: 0it [00:00, ?it/s]
Diffusion steps...: 4it [00:00, 30.54it/s]
Diffusion steps...: 8it [00:00, 30.63it/s]
                                          
normal: 1128/2000 frame=1127

Diffusion steps...: 0it [00:00, ?it/s]
Diffusion steps...: 4it [00:00, 30.39it/s]
Diffusion steps...: 8it [00:00, 30.80it/s]
                                          
normal: 1129/2000 frame=1128

Diffusion steps...: 0it [00:00, ?it/s]
Diffusion steps...: 4it [00:00, 30.49it/s]
Diffusion steps...: 8it [00:00, 30.86it/s]
                                          
normal: 1130/2000 frame=1129

Diffusion steps...: 0it [00:00, ?it/s]
Diffusion steps...: 4it [00:00, 30.38it/s]
Diffusion steps...: 8it [00:00, 30.78it/s]
                                          
normal: 1131/2000 frame=1130

Diffusion steps...: 0it [00:00, ?it/s]
Diffusion steps...: 4it [00:00, 30.62it/s]
Diffusion steps...: 8it [00:00, 30.96it/s]
                                          
normal: 1132/2000 frame=1131

Diffusion steps...: 0it [00:00, ?it/s]
Diffusion steps...: 4it [00:00, 30.62it/s]
Diffusion steps...: 8it [00:00, 30.91it/s]
                                          
normal: 1133/2000 frame=1132

Diffusion steps...: 0it [00:00, ?it/s]
Diffusion steps...: 4it [00:00, 30.66it/s]
Diffusion steps...: 8it [00:00, 30.98it/s]
                                          
normal: 1134/2000 frame=1133

Diffusion steps...: 0it [00:00, ?it/s]
Diffusion steps...: 4it [00:00, 30.51it/s]
Diffusion steps...: 8it [00:00, 30.84it/s]
                                          
normal: 1135/2000 frame=1134

Diffusion steps...: 0it [00:00, ?it/s]
Diffusion steps...: 4it [00:00, 30.59it/s]
Diffusion steps...: 8it [00:00, 30.89it/s]
                                          
normal: 1136/2000 frame=1135

Diffusion steps...: 0it [00:00, ?it/s]
Diffusion steps...: 4it [00:00, 30.61it/s]
Diffusion steps...: 8it [00:00, 30.85it/s]
                                          
normal: 1137/2000 frame=1136

Diffusion steps...: 0it [00:00, ?it/s]
Diffusion steps...: 4it [00:00, 30.55it/s]
Diffusion steps...: 8it [00:00, 30.92it/s]
                                          
normal: 1138/2000 frame=1137

Diffusion steps...: 0it [00:00, ?it/s]
Diffusion steps...: 4it [00:00, 30.64it/s]
Diffusion steps...: 8it [00:00, 30.94it/s]
                                          
normal: 1139/2000 frame=1138

Diffusion steps...: 0it [00:00, ?it/s]
Diffusion steps...: 4it [00:00, 30.58it/s]
Diffusion steps...: 8it [00:00, 30.89it/s]
                                          
normal: 1140/2000 frame=1139

Diffusion steps...: 0it [00:00, ?it/s]
Diffusion steps...: 4it [00:00, 30.49it/s]
Diffusion steps...: 8it [00:00, 30.85it/s]
                                          
normal: 1141/2000 frame=1140

Diffusion steps...: 0it [00:00, ?it/s]
Diffusion steps...: 4it [00:00, 30.63it/s]
Diffusion steps...: 8it [00:00, 30.93it/s]
                                          
normal: 1142/2000 frame=1141

Diffusion steps...: 0it [00:00, ?it/s]
Diffusion steps...: 4it [00:00, 30.61it/s]
Diffusion steps...: 8it [00:00, 30.88it/s]
                                          
normal: 1143/2000 frame=1142

Diffusion steps...: 0it [00:00, ?it/s]
Diffusion steps...: 4it [00:00, 30.46it/s]
Diffusion steps...: 8it [00:00, 30.91it/s]
                                          
normal: 1144/2000 frame=1143

Diffusion steps...: 0it [00:00, ?it/s]
Diffusion steps...: 4it [00:00, 30.60it/s]
Diffusion steps...: 8it [00:00, 30.87it/s]
                                          
normal: 1145/2000 frame=1144

Diffusion steps...: 0it [00:00, ?it/s]
Diffusion steps...: 4it [00:00, 30.67it/s]
Diffusion steps...: 8it [00:00, 30.93it/s]
                                          
normal: 1146/2000 frame=1145

Diffusion steps...: 0it [00:00, ?it/s]
Diffusion steps...: 4it [00:00, 30.53it/s]
Diffusion steps...: 8it [00:00, 30.83it/s]
                                          
normal: 1147/2000 frame=1146

Diffusion steps...: 0it [00:00, ?it/s]
Diffusion steps...: 4it [00:00, 30.61it/s]
Diffusion steps...: 8it [00:00, 30.89it/s]
                                          
normal: 1148/2000 frame=1147

Diffusion steps...: 0it [00:00, ?it/s]
Diffusion steps...: 4it [00:00, 30.51it/s]
Diffusion steps...: 8it [00:00, 30.87it/s]
                                          
normal: 1149/2000 frame=1148

Diffusion steps...: 0it [00:00, ?it/s]
Diffusion steps...: 4it [00:00, 30.60it/s]
Diffusion steps...: 8it [00:00, 30.90it/s]
                                          
normal: 1150/2000 frame=1149

Diffusion steps...: 0it [00:00, ?it/s]
Diffusion steps...: 4it [00:00, 30.44it/s]
Diffusion steps...: 8it [00:00, 30.86it/s]
                                          
normal: 1151/2000 frame=1150

Diffusion steps...: 0it [00:00, ?it/s]
Diffusion steps...: 4it [00:00, 30.62it/s]
Diffusion steps...: 8it [00:00, 30.91it/s]
                                          
normal: 1152/2000 frame=1151

Diffusion steps...: 0it [00:00, ?it/s]
Diffusion steps...: 4it [00:00, 30.44it/s]
Diffusion steps...: 8it [00:00, 30.81it/s]
                                          
normal: 1153/2000 frame=1152

Diffusion steps...: 0it [00:00, ?it/s]
Diffusion steps...: 4it [00:00, 30.44it/s]
Diffusion steps...: 8it [00:00, 30.68it/s]
                                          
normal: 1154/2000 frame=1153

Diffusion steps...: 0it [00:00, ?it/s]
Diffusion steps...: 4it [00:00, 30.51it/s]
Diffusion steps...: 8it [00:00, 30.81it/s]
                                          
normal: 1155/2000 frame=1154

Diffusion steps...: 0it [00:00, ?it/s]
Diffusion steps...: 4it [00:00, 30.68it/s]
Diffusion steps...: 8it [00:00, 30.93it/s]
                                          
normal: 1156/2000 frame=1155

Diffusion steps...: 0it [00:00, ?it/s]
Diffusion steps...: 4it [00:00, 30.41it/s]
Diffusion steps...: 8it [00:00, 30.66it/s]
                                          
normal: 1157/2000 frame=1156

Diffusion steps...: 0it [00:00, ?it/s]
Diffusion steps...: 4it [00:00, 30.55it/s]
Diffusion steps...: 8it [00:00, 30.87it/s]
                                          
normal: 1158/2000 frame=1157

Diffusion steps...: 0it [00:00, ?it/s]
Diffusion steps...: 4it [00:00, 30.47it/s]
Diffusion steps...: 8it [00:00, 30.87it/s]
                                          
normal: 1159/2000 frame=1158

Diffusion steps...: 0it [00:00, ?it/s]
Diffusion steps...: 4it [00:00, 30.61it/s]
Diffusion steps...: 8it [00:00, 30.93it/s]
                                          
normal: 1160/2000 frame=1159

Diffusion steps...: 0it [00:00, ?it/s]
Diffusion steps...: 4it [00:00, 30.51it/s]
Diffusion steps...: 8it [00:00, 30.84it/s]
                                          
normal: 1161/2000 frame=1160

Diffusion steps...: 0it [00:00, ?it/s]
Diffusion steps...: 4it [00:00, 30.61it/s]
Diffusion steps...: 8it [00:00, 30.88it/s]
                                          
normal: 1162/2000 frame=1161

Diffusion steps...: 0it [00:00, ?it/s]
Diffusion steps...: 4it [00:00, 30.52it/s]
Diffusion steps...: 8it [00:00, 30.85it/s]
                                          
normal: 1163/2000 frame=1162

Diffusion steps...: 0it [00:00, ?it/s]
Diffusion steps...: 4it [00:00, 30.55it/s]
Diffusion steps...: 8it [00:00, 30.90it/s]
                                          
normal: 1164/2000 frame=1163

Diffusion steps...: 0it [00:00, ?it/s]
Diffusion steps...: 4it [00:00, 30.50it/s]
Diffusion steps...: 8it [00:00, 30.80it/s]
                                          
normal: 1165/2000 frame=1164

Diffusion steps...: 0it [00:00, ?it/s]
Diffusion steps...: 4it [00:00, 30.56it/s]
Diffusion steps...: 8it [00:00, 30.87it/s]
                                          
normal: 1166/2000 frame=1165

Diffusion steps...: 0it [00:00, ?it/s]
Diffusion steps...: 4it [00:00, 30.56it/s]
Diffusion steps...: 8it [00:00, 30.86it/s]
                                          
normal: 1167/2000 frame=1166

Diffusion steps...: 0it [00:00, ?it/s]
Diffusion steps...: 4it [00:00, 30.52it/s]
Diffusion steps...: 8it [00:00, 30.91it/s]
                                          
normal: 1168/2000 frame=1167

Diffusion steps...: 0it [00:00, ?it/s]
Diffusion steps...: 4it [00:00, 30.58it/s]
Diffusion steps...: 8it [00:00, 30.88it/s]
                                          
normal: 1169/2000 frame=1168

Diffusion steps...: 0it [00:00, ?it/s]
Diffusion steps...: 4it [00:00, 30.69it/s]
Diffusion steps...: 8it [00:00, 30.94it/s]
                                          
normal: 1170/2000 frame=1169

Diffusion steps...: 0it [00:00, ?it/s]
Diffusion steps...: 4it [00:00, 30.61it/s]
Diffusion steps...: 8it [00:00, 30.87it/s]
                                          
normal: 1171/2000 frame=1170

Diffusion steps...: 0it [00:00, ?it/s]
Diffusion steps...: 4it [00:00, 30.62it/s]
Diffusion steps...: 8it [00:00, 30.97it/s]
                                          
normal: 1172/2000 frame=1171

Diffusion steps...: 0it [00:00, ?it/s]
Diffusion steps...: 4it [00:00, 30.41it/s]
Diffusion steps...: 8it [00:00, 30.76it/s]
                                          
normal: 1173/2000 frame=1172

Diffusion steps...: 0it [00:00, ?it/s]
Diffusion steps...: 4it [00:00, 30.52it/s]
Diffusion steps...: 8it [00:00, 30.82it/s]
                                          
normal: 1174/2000 frame=1173

Diffusion steps...: 0it [00:00, ?it/s]
Diffusion steps...: 4it [00:00, 30.43it/s]
Diffusion steps...: 8it [00:00, 30.85it/s]
                                          
normal: 1175/2000 frame=1174

Diffusion steps...: 0it [00:00, ?it/s]
Diffusion steps...: 4it [00:00, 30.55it/s]
Diffusion steps...: 8it [00:00, 30.92it/s]
                                          
normal: 1176/2000 frame=1175

Diffusion steps...: 0it [00:00, ?it/s]
Diffusion steps...: 4it [00:00, 30.59it/s]
Diffusion steps...: 8it [00:00, 30.89it/s]
                                          
normal: 1177/2000 frame=1176

Diffusion steps...: 0it [00:00, ?it/s]
Diffusion steps...: 4it [00:00, 30.50it/s]
Diffusion steps...: 8it [00:00, 30.87it/s]
                                          
normal: 1178/2000 frame=1177

Diffusion steps...: 0it [00:00, ?it/s]
Diffusion steps...: 4it [00:00, 30.49it/s]
Diffusion steps...: 8it [00:00, 30.77it/s]
                                          
normal: 1179/2000 frame=1178

Diffusion steps...: 0it [00:00, ?it/s]
Diffusion steps...: 4it [00:00, 30.71it/s]
Diffusion steps...: 8it [00:00, 30.92it/s]
                                          
normal: 1180/2000 frame=1179

Diffusion steps...: 0it [00:00, ?it/s]
Diffusion steps...: 4it [00:00, 30.52it/s]
Diffusion steps...: 8it [00:00, 30.83it/s]
                                          
normal: 1181/2000 frame=1180

Diffusion steps...: 0it [00:00, ?it/s]
Diffusion steps...: 4it [00:00, 30.65it/s]
Diffusion steps...: 8it [00:00, 30.85it/s]
                                          
normal: 1182/2000 frame=1181

Diffusion steps...: 0it [00:00, ?it/s]
Diffusion steps...: 4it [00:00, 30.53it/s]
Diffusion steps...: 8it [00:00, 30.84it/s]
                                          
normal: 1183/2000 frame=1182

Diffusion steps...: 0it [00:00, ?it/s]
Diffusion steps...: 4it [00:00, 30.56it/s]
Diffusion steps...: 8it [00:00, 30.84it/s]
                                          
normal: 1184/2000 frame=1183

Diffusion steps...: 0it [00:00, ?it/s]
Diffusion steps...: 4it [00:00, 30.48it/s]
Diffusion steps...: 8it [00:00, 30.80it/s]
                                          
normal: 1185/2000 frame=1184

Diffusion steps...: 0it [00:00, ?it/s]
Diffusion steps...: 4it [00:00, 30.57it/s]
Diffusion steps...: 8it [00:00, 30.90it/s]
                                          
normal: 1186/2000 frame=1185

Diffusion steps...: 0it [00:00, ?it/s]
Diffusion steps...: 4it [00:00, 30.61it/s]
Diffusion steps...: 8it [00:00, 30.88it/s]
                                          
normal: 1187/2000 frame=1186

Diffusion steps...: 0it [00:00, ?it/s]
Diffusion steps...: 4it [00:00, 30.44it/s]
Diffusion steps...: 8it [00:00, 30.86it/s]
                                          
normal: 1188/2000 frame=1187

Diffusion steps...: 0it [00:00, ?it/s]
Diffusion steps...: 4it [00:00, 30.44it/s]
Diffusion steps...: 8it [00:00, 30.83it/s]
                                          
normal: 1189/2000 frame=1188

Diffusion steps...: 0it [00:00, ?it/s]
Diffusion steps...: 4it [00:00, 30.66it/s]
Diffusion steps...: 8it [00:00, 30.97it/s]
                                          
normal: 1190/2000 frame=1189

Diffusion steps...: 0it [00:00, ?it/s]
Diffusion steps...: 4it [00:00, 30.48it/s]
Diffusion steps...: 8it [00:00, 30.84it/s]
                                          
normal: 1191/2000 frame=1190

Diffusion steps...: 0it [00:00, ?it/s]
Diffusion steps...: 4it [00:00, 30.62it/s]
Diffusion steps...: 8it [00:00, 30.91it/s]
                                          
normal: 1192/2000 frame=1191

Diffusion steps...: 0it [00:00, ?it/s]
Diffusion steps...: 4it [00:00, 30.61it/s]
Diffusion steps...: 8it [00:00, 30.92it/s]
                                          
normal: 1193/2000 frame=1192

Diffusion steps...: 0it [00:00, ?it/s]
Diffusion steps...: 4it [00:00, 30.64it/s]
Diffusion steps...: 8it [00:00, 30.96it/s]
                                          
normal: 1194/2000 frame=1193

Diffusion steps...: 0it [00:00, ?it/s]
Diffusion steps...: 4it [00:00, 30.50it/s]
Diffusion steps...: 8it [00:00, 30.88it/s]
                                          
normal: 1195/2000 frame=1194

Diffusion steps...: 0it [00:00, ?it/s]
Diffusion steps...: 4it [00:00, 30.41it/s]
Diffusion steps...: 8it [00:00, 30.72it/s]
                                          
normal: 1196/2000 frame=1195

Diffusion steps...: 0it [00:00, ?it/s]
Diffusion steps...: 4it [00:00, 30.44it/s]
Diffusion steps...: 8it [00:00, 30.81it/s]
                                          
normal: 1197/2000 frame=1196

Diffusion steps...: 0it [00:00, ?it/s]
Diffusion steps...: 4it [00:00, 30.64it/s]
Diffusion steps...: 8it [00:00, 30.96it/s]
                                          
normal: 1198/2000 frame=1197

Diffusion steps...: 0it [00:00, ?it/s]
Diffusion steps...: 4it [00:00, 30.59it/s]
Diffusion steps...: 8it [00:00, 30.93it/s]
                                          
normal: 1199/2000 frame=1198

Diffusion steps...: 0it [00:00, ?it/s]
Diffusion steps...: 4it [00:00, 30.59it/s]
Diffusion steps...: 8it [00:00, 30.97it/s]
                                          
normal: 1200/2000 frame=1199

Diffusion steps...: 0it [00:00, ?it/s]
Diffusion steps...: 4it [00:00, 30.60it/s]
Diffusion steps...: 8it [00:00, 30.76it/s]
                                          
normal: 1201/2000 frame=1200

Diffusion steps...: 0it [00:00, ?it/s]
Diffusion steps...: 4it [00:00, 30.48it/s]
Diffusion steps...: 8it [00:00, 30.83it/s]
                                          
normal: 1202/2000 frame=1201

Diffusion steps...: 0it [00:00, ?it/s]
Diffusion steps...: 4it [00:00, 30.57it/s]
Diffusion steps...: 8it [00:00, 30.87it/s]
                                          
normal: 1203/2000 frame=1202

Diffusion steps...: 0it [00:00, ?it/s]
Diffusion steps...: 4it [00:00, 30.52it/s]
Diffusion steps...: 8it [00:00, 30.85it/s]
                                          
normal: 1204/2000 frame=1203

Diffusion steps...: 0it [00:00, ?it/s]
Diffusion steps...: 4it [00:00, 30.55it/s]
Diffusion steps...: 8it [00:00, 30.87it/s]
                                          
normal: 1205/2000 frame=1204

Diffusion steps...: 0it [00:00, ?it/s]
Diffusion steps...: 4it [00:00, 30.57it/s]
Diffusion steps...: 8it [00:00, 30.88it/s]
                                          
normal: 1206/2000 frame=1205

Diffusion steps...: 0it [00:00, ?it/s]
Diffusion steps...: 4it [00:00, 30.67it/s]
Diffusion steps...: 8it [00:00, 30.91it/s]
                                          
normal: 1207/2000 frame=1206

Diffusion steps...: 0it [00:00, ?it/s]
Diffusion steps...: 4it [00:00, 30.58it/s]
Diffusion steps...: 8it [00:00, 30.92it/s]
                                          
normal: 1208/2000 frame=1207

Diffusion steps...: 0it [00:00, ?it/s]
Diffusion steps...: 4it [00:00, 30.56it/s]
Diffusion steps...: 8it [00:00, 30.85it/s]
                                          
normal: 1209/2000 frame=1208

Diffusion steps...: 0it [00:00, ?it/s]
Diffusion steps...: 4it [00:00, 30.62it/s]
Diffusion steps...: 8it [00:00, 30.92it/s]
                                          
normal: 1210/2000 frame=1209

Diffusion steps...: 0it [00:00, ?it/s]
Diffusion steps...: 4it [00:00, 30.56it/s]
Diffusion steps...: 8it [00:00, 30.87it/s]
                                          
normal: 1211/2000 frame=1210

Diffusion steps...: 0it [00:00, ?it/s]
Diffusion steps...: 4it [00:00, 30.60it/s]
Diffusion steps...: 8it [00:00, 30.93it/s]
                                          
normal: 1212/2000 frame=1211

Diffusion steps...: 0it [00:00, ?it/s]
Diffusion steps...: 4it [00:00, 30.57it/s]
Diffusion steps...: 8it [00:00, 30.84it/s]
                                          
normal: 1213/2000 frame=1212

Diffusion steps...: 0it [00:00, ?it/s]
Diffusion steps...: 4it [00:00, 30.68it/s]
Diffusion steps...: 8it [00:00, 30.96it/s]
                                          
normal: 1214/2000 frame=1213

Diffusion steps...: 0it [00:00, ?it/s]
Diffusion steps...: 4it [00:00, 30.55it/s]
Diffusion steps...: 8it [00:00, 30.87it/s]
                                          
normal: 1215/2000 frame=1214

Diffusion steps...: 0it [00:00, ?it/s]
Diffusion steps...: 4it [00:00, 30.56it/s]
Diffusion steps...: 8it [00:00, 30.93it/s]
                                          
normal: 1216/2000 frame=1215

Diffusion steps...: 0it [00:00, ?it/s]
Diffusion steps...: 4it [00:00, 30.56it/s]
Diffusion steps...: 8it [00:00, 30.84it/s]
                                          
normal: 1217/2000 frame=1216

Diffusion steps...: 0it [00:00, ?it/s]
Diffusion steps...: 4it [00:00, 30.52it/s]
Diffusion steps...: 8it [00:00, 30.85it/s]
                                          
normal: 1218/2000 frame=1217

Diffusion steps...: 0it [00:00, ?it/s]
Diffusion steps...: 4it [00:00, 30.55it/s]
Diffusion steps...: 8it [00:00, 30.85it/s]
                                          
normal: 1219/2000 frame=1218

Diffusion steps...: 0it [00:00, ?it/s]
Diffusion steps...: 4it [00:00, 30.63it/s]
Diffusion steps...: 8it [00:00, 30.93it/s]
                                          
normal: 1220/2000 frame=1219

Diffusion steps...: 0it [00:00, ?it/s]
Diffusion steps...: 4it [00:00, 30.48it/s]
Diffusion steps...: 8it [00:00, 30.74it/s]
                                          
normal: 1221/2000 frame=1220

Diffusion steps...: 0it [00:00, ?it/s]
Diffusion steps...: 4it [00:00, 30.57it/s]
Diffusion steps...: 8it [00:00, 30.86it/s]
                                          
normal: 1222/2000 frame=1221

Diffusion steps...: 0it [00:00, ?it/s]
Diffusion steps...: 4it [00:00, 30.57it/s]
Diffusion steps...: 8it [00:00, 30.90it/s]
                                          
normal: 1223/2000 frame=1222

Diffusion steps...: 0it [00:00, ?it/s]
Diffusion steps...: 4it [00:00, 30.57it/s]
Diffusion steps...: 8it [00:00, 30.89it/s]
                                          
normal: 1224/2000 frame=1223

Diffusion steps...: 0it [00:00, ?it/s]
Diffusion steps...: 4it [00:00, 30.49it/s]
Diffusion steps...: 8it [00:00, 30.81it/s]
                                          
normal: 1225/2000 frame=1224

Diffusion steps...: 0it [00:00, ?it/s]
Diffusion steps...: 4it [00:00, 30.59it/s]
Diffusion steps...: 8it [00:00, 30.88it/s]
                                          
normal: 1226/2000 frame=1225

Diffusion steps...: 0it [00:00, ?it/s]
Diffusion steps...: 4it [00:00, 30.54it/s]
Diffusion steps...: 8it [00:00, 30.82it/s]
                                          
normal: 1227/2000 frame=1226

Diffusion steps...: 0it [00:00, ?it/s]
Diffusion steps...: 4it [00:00, 30.52it/s]
Diffusion steps...: 8it [00:00, 30.90it/s]
                                          
normal: 1228/2000 frame=1227

Diffusion steps...: 0it [00:00, ?it/s]
Diffusion steps...: 4it [00:00, 30.54it/s]
Diffusion steps...: 8it [00:00, 30.89it/s]
                                          
normal: 1229/2000 frame=1228

Diffusion steps...: 0it [00:00, ?it/s]
Diffusion steps...: 4it [00:00, 30.63it/s]
Diffusion steps...: 8it [00:00, 30.92it/s]
                                          
normal: 1230/2000 frame=1229

Diffusion steps...: 0it [00:00, ?it/s]
Diffusion steps...: 4it [00:00, 30.42it/s]
Diffusion steps...: 8it [00:00, 30.79it/s]
                                          
normal: 1231/2000 frame=1230

Diffusion steps...: 0it [00:00, ?it/s]
Diffusion steps...: 4it [00:00, 30.61it/s]
Diffusion steps...: 8it [00:00, 30.90it/s]
                                          
normal: 1232/2000 frame=1231

Diffusion steps...: 0it [00:00, ?it/s]
Diffusion steps...: 4it [00:00, 30.58it/s]
Diffusion steps...: 8it [00:00, 30.84it/s]
                                          
normal: 1233/2000 frame=1232

Diffusion steps...: 0it [00:00, ?it/s]
Diffusion steps...: 4it [00:00, 30.51it/s]
Diffusion steps...: 8it [00:00, 30.87it/s]
                                          
normal: 1234/2000 frame=1233

Diffusion steps...: 0it [00:00, ?it/s]
Diffusion steps...: 4it [00:00, 30.47it/s]
Diffusion steps...: 8it [00:00, 30.85it/s]
                                          
normal: 1235/2000 frame=1234

Diffusion steps...: 0it [00:00, ?it/s]
Diffusion steps...: 4it [00:00, 30.50it/s]
Diffusion steps...: 8it [00:00, 30.88it/s]
                                          
normal: 1236/2000 frame=1235

Diffusion steps...: 0it [00:00, ?it/s]
Diffusion steps...: 4it [00:00, 30.59it/s]
Diffusion steps...: 8it [00:00, 30.88it/s]
                                          
normal: 1237/2000 frame=1236

Diffusion steps...: 0it [00:00, ?it/s]
Diffusion steps...: 4it [00:00, 30.52it/s]
Diffusion steps...: 8it [00:00, 30.87it/s]
                                          
normal: 1238/2000 frame=1237

Diffusion steps...: 0it [00:00, ?it/s]
Diffusion steps...: 4it [00:00, 30.26it/s]
Diffusion steps...: 8it [00:00, 30.58it/s]
                                          
normal: 1239/2000 frame=1238

Diffusion steps...: 0it [00:00, ?it/s]
Diffusion steps...: 4it [00:00, 30.48it/s]
Diffusion steps...: 8it [00:00, 30.87it/s]
                                          
normal: 1240/2000 frame=1239

Diffusion steps...: 0it [00:00, ?it/s]
Diffusion steps...: 4it [00:00, 30.64it/s]
Diffusion steps...: 8it [00:00, 30.82it/s]
                                          
normal: 1241/2000 frame=1240

Diffusion steps...: 0it [00:00, ?it/s]
Diffusion steps...: 4it [00:00, 30.68it/s]
Diffusion steps...: 8it [00:00, 30.98it/s]
                                          
normal: 1242/2000 frame=1241

Diffusion steps...: 0it [00:00, ?it/s]
Diffusion steps...: 4it [00:00, 30.49it/s]
Diffusion steps...: 8it [00:00, 30.83it/s]
                                          
normal: 1243/2000 frame=1242

Diffusion steps...: 0it [00:00, ?it/s]
Diffusion steps...: 4it [00:00, 30.48it/s]
Diffusion steps...: 8it [00:00, 30.86it/s]
                                          
normal: 1244/2000 frame=1243

Diffusion steps...: 0it [00:00, ?it/s]
Diffusion steps...: 4it [00:00, 30.50it/s]
Diffusion steps...: 8it [00:00, 30.80it/s]
                                          
normal: 1245/2000 frame=1244

Diffusion steps...: 0it [00:00, ?it/s]
Diffusion steps...: 4it [00:00, 30.70it/s]
Diffusion steps...: 8it [00:00, 30.95it/s]
                                          
normal: 1246/2000 frame=1245

Diffusion steps...: 0it [00:00, ?it/s]
Diffusion steps...: 4it [00:00, 30.61it/s]
Diffusion steps...: 8it [00:00, 30.89it/s]
                                          
normal: 1247/2000 frame=1246

Diffusion steps...: 0it [00:00, ?it/s]
Diffusion steps...: 4it [00:00, 30.70it/s]
Diffusion steps...: 8it [00:00, 30.97it/s]
                                          
normal: 1248/2000 frame=1247

Diffusion steps...: 0it [00:00, ?it/s]
Diffusion steps...: 4it [00:00, 30.56it/s]
Diffusion steps...: 8it [00:00, 30.61it/s]
                                          
normal: 1249/2000 frame=1248

Diffusion steps...: 0it [00:00, ?it/s]
Diffusion steps...: 4it [00:00, 30.58it/s]
Diffusion steps...: 8it [00:00, 30.79it/s]
                                          
normal: 1250/2000 frame=1249

Diffusion steps...: 0it [00:00, ?it/s]
Diffusion steps...: 4it [00:00, 30.56it/s]
Diffusion steps...: 8it [00:00, 30.84it/s]
                                          
normal: 1251/2000 frame=1250

Diffusion steps...: 0it [00:00, ?it/s]
Diffusion steps...: 4it [00:00, 30.62it/s]
Diffusion steps...: 8it [00:00, 30.95it/s]
                                          
normal: 1252/2000 frame=1251

Diffusion steps...: 0it [00:00, ?it/s]
Diffusion steps...: 4it [00:00, 30.50it/s]
Diffusion steps...: 8it [00:00, 30.86it/s]
                                          
normal: 1253/2000 frame=1252

Diffusion steps...: 0it [00:00, ?it/s]
Diffusion steps...: 4it [00:00, 30.64it/s]
Diffusion steps...: 8it [00:00, 30.95it/s]
                                          
normal: 1254/2000 frame=1253

Diffusion steps...: 0it [00:00, ?it/s]
Diffusion steps...: 4it [00:00, 30.60it/s]
Diffusion steps...: 8it [00:00, 30.81it/s]
                                          
normal: 1255/2000 frame=1254

Diffusion steps...: 0it [00:00, ?it/s]
Diffusion steps...: 4it [00:00, 30.51it/s]
Diffusion steps...: 8it [00:00, 30.87it/s]
                                          
normal: 1256/2000 frame=1255

Diffusion steps...: 0it [00:00, ?it/s]
Diffusion steps...: 4it [00:00, 30.45it/s]
Diffusion steps...: 8it [00:00, 30.85it/s]
                                          
normal: 1257/2000 frame=1256

Diffusion steps...: 0it [00:00, ?it/s]
Diffusion steps...: 4it [00:00, 30.64it/s]
Diffusion steps...: 8it [00:00, 30.93it/s]
                                          
normal: 1258/2000 frame=1257

Diffusion steps...: 0it [00:00, ?it/s]
Diffusion steps...: 4it [00:00, 30.60it/s]
Diffusion steps...: 8it [00:00, 30.90it/s]
                                          
normal: 1259/2000 frame=1258

Diffusion steps...: 0it [00:00, ?it/s]
Diffusion steps...: 4it [00:00, 30.65it/s]
Diffusion steps...: 8it [00:00, 30.94it/s]
                                          
normal: 1260/2000 frame=1259

Diffusion steps...: 0it [00:00, ?it/s]
Diffusion steps...: 4it [00:00, 30.46it/s]
Diffusion steps...: 8it [00:00, 30.85it/s]
                                          
normal: 1261/2000 frame=1260

Diffusion steps...: 0it [00:00, ?it/s]
Diffusion steps...: 4it [00:00, 30.70it/s]
Diffusion steps...: 8it [00:00, 30.98it/s]
                                          
normal: 1262/2000 frame=1261

Diffusion steps...: 0it [00:00, ?it/s]
Diffusion steps...: 4it [00:00, 30.53it/s]
Diffusion steps...: 8it [00:00, 30.86it/s]
                                          
normal: 1263/2000 frame=1262

Diffusion steps...: 0it [00:00, ?it/s]
Diffusion steps...: 4it [00:00, 30.60it/s]
Diffusion steps...: 8it [00:00, 30.90it/s]
                                          
normal: 1264/2000 frame=1263

Diffusion steps...: 0it [00:00, ?it/s]
Diffusion steps...: 4it [00:00, 30.64it/s]
Diffusion steps...: 8it [00:00, 30.92it/s]
                                          
normal: 1265/2000 frame=1264

Diffusion steps...: 0it [00:00, ?it/s]
Diffusion steps...: 4it [00:00, 30.48it/s]
Diffusion steps...: 8it [00:00, 30.86it/s]
                                          
normal: 1266/2000 frame=1265

Diffusion steps...: 0it [00:00, ?it/s]
Diffusion steps...: 4it [00:00, 30.60it/s]
Diffusion steps...: 8it [00:00, 30.86it/s]
                                          
normal: 1267/2000 frame=1266

Diffusion steps...: 0it [00:00, ?it/s]
Diffusion steps...: 4it [00:00, 30.57it/s]
Diffusion steps...: 8it [00:00, 30.90it/s]
                                          
normal: 1268/2000 frame=1267

Diffusion steps...: 0it [00:00, ?it/s]
Diffusion steps...: 4it [00:00, 30.51it/s]
Diffusion steps...: 8it [00:00, 30.84it/s]
                                          
normal: 1269/2000 frame=1268

Diffusion steps...: 0it [00:00, ?it/s]
Diffusion steps...: 4it [00:00, 30.60it/s]
Diffusion steps...: 8it [00:00, 30.92it/s]
                                          
normal: 1270/2000 frame=1269

Diffusion steps...: 0it [00:00, ?it/s]
Diffusion steps...: 4it [00:00, 30.38it/s]
Diffusion steps...: 8it [00:00, 30.76it/s]
                                          
normal: 1271/2000 frame=1270

Diffusion steps...: 0it [00:00, ?it/s]
Diffusion steps...: 4it [00:00, 30.56it/s]
Diffusion steps...: 8it [00:00, 30.87it/s]
                                          
normal: 1272/2000 frame=1271

Diffusion steps...: 0it [00:00, ?it/s]
Diffusion steps...: 4it [00:00, 30.61it/s]
Diffusion steps...: 8it [00:00, 30.87it/s]
                                          
normal: 1273/2000 frame=1272

Diffusion steps...: 0it [00:00, ?it/s]
Diffusion steps...: 4it [00:00, 30.63it/s]
Diffusion steps...: 8it [00:00, 30.93it/s]
                                          
normal: 1274/2000 frame=1273

Diffusion steps...: 0it [00:00, ?it/s]
Diffusion steps...: 4it [00:00, 30.43it/s]
Diffusion steps...: 8it [00:00, 30.82it/s]
                                          
normal: 1275/2000 frame=1274

Diffusion steps...: 0it [00:00, ?it/s]
Diffusion steps...: 4it [00:00, 30.42it/s]
Diffusion steps...: 8it [00:00, 30.79it/s]
                                          
normal: 1276/2000 frame=1275

Diffusion steps...: 0it [00:00, ?it/s]
Diffusion steps...: 4it [00:00, 30.46it/s]
Diffusion steps...: 8it [00:00, 30.81it/s]
                                          
normal: 1277/2000 frame=1276

Diffusion steps...: 0it [00:00, ?it/s]
Diffusion steps...: 4it [00:00, 30.57it/s]
Diffusion steps...: 8it [00:00, 30.89it/s]
                                          
normal: 1278/2000 frame=1277

Diffusion steps...: 0it [00:00, ?it/s]
Diffusion steps...: 4it [00:00, 30.54it/s]
Diffusion steps...: 8it [00:00, 30.83it/s]
                                          
normal: 1279/2000 frame=1278

Diffusion steps...: 0it [00:00, ?it/s]
Diffusion steps...: 4it [00:00, 30.70it/s]
Diffusion steps...: 8it [00:00, 30.97it/s]
                                          
normal: 1280/2000 frame=1279

Diffusion steps...: 0it [00:00, ?it/s]
Diffusion steps...: 4it [00:00, 30.65it/s]
Diffusion steps...: 8it [00:00, 30.92it/s]
                                          
normal: 1281/2000 frame=1280

Diffusion steps...: 0it [00:00, ?it/s]
Diffusion steps...: 4it [00:00, 30.65it/s]
Diffusion steps...: 8it [00:00, 30.93it/s]
                                          
normal: 1282/2000 frame=1281

Diffusion steps...: 0it [00:00, ?it/s]
Diffusion steps...: 4it [00:00, 30.41it/s]
Diffusion steps...: 8it [00:00, 30.79it/s]
                                          
normal: 1283/2000 frame=1282

Diffusion steps...: 0it [00:00, ?it/s]
Diffusion steps...: 4it [00:00, 30.58it/s]
Diffusion steps...: 8it [00:00, 30.90it/s]
                                          
normal: 1284/2000 frame=1283

Diffusion steps...: 0it [00:00, ?it/s]
Diffusion steps...: 4it [00:00, 30.46it/s]
Diffusion steps...: 8it [00:00, 30.82it/s]
                                          
normal: 1285/2000 frame=1284

Diffusion steps...: 0it [00:00, ?it/s]
Diffusion steps...: 4it [00:00, 30.48it/s]
Diffusion steps...: 8it [00:00, 30.84it/s]
                                          
normal: 1286/2000 frame=1285

Diffusion steps...: 0it [00:00, ?it/s]
Diffusion steps...: 4it [00:00, 30.64it/s]
Diffusion steps...: 8it [00:00, 30.79it/s]
                                          
normal: 1287/2000 frame=1286

Diffusion steps...: 0it [00:00, ?it/s]
Diffusion steps...: 4it [00:00, 30.54it/s]
Diffusion steps...: 8it [00:00, 30.83it/s]
                                          
normal: 1288/2000 frame=1287

Diffusion steps...: 0it [00:00, ?it/s]
Diffusion steps...: 4it [00:00, 30.61it/s]
Diffusion steps...: 8it [00:00, 30.85it/s]
                                          
normal: 1289/2000 frame=1288

Diffusion steps...: 0it [00:00, ?it/s]
Diffusion steps...: 4it [00:00, 30.59it/s]
Diffusion steps...: 8it [00:00, 30.88it/s]
                                          
normal: 1290/2000 frame=1289

Diffusion steps...: 0it [00:00, ?it/s]
Diffusion steps...: 4it [00:00, 30.50it/s]
Diffusion steps...: 8it [00:00, 30.81it/s]
                                          
normal: 1291/2000 frame=1290

Diffusion steps...: 0it [00:00, ?it/s]
Diffusion steps...: 4it [00:00, 30.57it/s]
Diffusion steps...: 8it [00:00, 30.91it/s]
                                          
normal: 1292/2000 frame=1291

Diffusion steps...: 0it [00:00, ?it/s]
Diffusion steps...: 4it [00:00, 30.56it/s]
Diffusion steps...: 8it [00:00, 30.87it/s]
                                          
normal: 1293/2000 frame=1292

Diffusion steps...: 0it [00:00, ?it/s]
Diffusion steps...: 4it [00:00, 30.67it/s]
Diffusion steps...: 8it [00:00, 30.96it/s]
                                          
normal: 1294/2000 frame=1293

Diffusion steps...: 0it [00:00, ?it/s]
Diffusion steps...: 4it [00:00, 30.55it/s]
Diffusion steps...: 8it [00:00, 30.83it/s]
                                          
normal: 1295/2000 frame=1294

Diffusion steps...: 0it [00:00, ?it/s]
Diffusion steps...: 4it [00:00, 30.58it/s]
Diffusion steps...: 8it [00:00, 30.92it/s]
                                          
normal: 1296/2000 frame=1295

Diffusion steps...: 0it [00:00, ?it/s]
Diffusion steps...: 4it [00:00, 30.59it/s]
Diffusion steps...: 8it [00:00, 30.84it/s]
                                          
normal: 1297/2000 frame=1296

Diffusion steps...: 0it [00:00, ?it/s]
Diffusion steps...: 4it [00:00, 30.51it/s]
Diffusion steps...: 8it [00:00, 30.79it/s]
                                          
normal: 1298/2000 frame=1297

Diffusion steps...: 0it [00:00, ?it/s]
Diffusion steps...: 4it [00:00, 30.59it/s]
Diffusion steps...: 8it [00:00, 30.82it/s]
                                          
normal: 1299/2000 frame=1298

Diffusion steps...: 0it [00:00, ?it/s]
Diffusion steps...: 4it [00:00, 30.51it/s]
Diffusion steps...: 8it [00:00, 30.87it/s]
                                          
normal: 1300/2000 frame=1299

Diffusion steps...: 0it [00:00, ?it/s]
Diffusion steps...: 4it [00:00, 30.49it/s]
Diffusion steps...: 8it [00:00, 30.80it/s]
                                          
normal: 1301/2000 frame=1300

Diffusion steps...: 0it [00:00, ?it/s]
Diffusion steps...: 4it [00:00, 30.41it/s]
Diffusion steps...: 8it [00:00, 30.82it/s]
                                          
normal: 1302/2000 frame=1301

Diffusion steps...: 0it [00:00, ?it/s]
Diffusion steps...: 4it [00:00, 30.52it/s]
Diffusion steps...: 8it [00:00, 30.79it/s]
                                          
normal: 1303/2000 frame=1302

Diffusion steps...: 0it [00:00, ?it/s]
Diffusion steps...: 4it [00:00, 30.64it/s]
Diffusion steps...: 8it [00:00, 30.89it/s]
                                          
normal: 1304/2000 frame=1303

Diffusion steps...: 0it [00:00, ?it/s]
Diffusion steps...: 4it [00:00, 30.48it/s]
Diffusion steps...: 8it [00:00, 30.79it/s]
                                          
normal: 1305/2000 frame=1304

Diffusion steps...: 0it [00:00, ?it/s]
Diffusion steps...: 4it [00:00, 30.57it/s]
Diffusion steps...: 8it [00:00, 30.89it/s]
                                          
normal: 1306/2000 frame=1305

Diffusion steps...: 0it [00:00, ?it/s]
Diffusion steps...: 4it [00:00, 30.61it/s]
Diffusion steps...: 8it [00:00, 30.91it/s]
                                          
normal: 1307/2000 frame=1306

Diffusion steps...: 0it [00:00, ?it/s]
Diffusion steps...: 4it [00:00, 30.67it/s]
Diffusion steps...: 8it [00:00, 30.94it/s]
                                          
normal: 1308/2000 frame=1307

Diffusion steps...: 0it [00:00, ?it/s]
Diffusion steps...: 4it [00:00, 30.48it/s]
Diffusion steps...: 8it [00:00, 30.86it/s]
                                          
normal: 1309/2000 frame=1308

Diffusion steps...: 0it [00:00, ?it/s]
Diffusion steps...: 4it [00:00, 30.55it/s]
Diffusion steps...: 8it [00:00, 30.94it/s]
                                          
normal: 1310/2000 frame=1309

Diffusion steps...: 0it [00:00, ?it/s]
Diffusion steps...: 4it [00:00, 30.44it/s]
Diffusion steps...: 8it [00:00, 30.70it/s]
                                          
normal: 1311/2000 frame=1310

Diffusion steps...: 0it [00:00, ?it/s]
Diffusion steps...: 4it [00:00, 30.49it/s]
Diffusion steps...: 8it [00:00, 30.88it/s]
                                          
normal: 1312/2000 frame=1311

Diffusion steps...: 0it [00:00, ?it/s]
Diffusion steps...: 4it [00:00, 30.44it/s]
Diffusion steps...: 8it [00:00, 30.81it/s]
                                          
normal: 1313/2000 frame=1312

Diffusion steps...: 0it [00:00, ?it/s]
Diffusion steps...: 4it [00:00, 30.57it/s]
Diffusion steps...: 8it [00:00, 30.89it/s]
                                          
normal: 1314/2000 frame=1313

Diffusion steps...: 0it [00:00, ?it/s]
Diffusion steps...: 4it [00:00, 30.52it/s]
Diffusion steps...: 8it [00:00, 30.89it/s]
                                          
normal: 1315/2000 frame=1314

Diffusion steps...: 0it [00:00, ?it/s]
Diffusion steps...: 4it [00:00, 30.53it/s]
Diffusion steps...: 8it [00:00, 30.89it/s]
                                          
normal: 1316/2000 frame=1315

Diffusion steps...: 0it [00:00, ?it/s]
Diffusion steps...: 4it [00:00, 30.29it/s]
Diffusion steps...: 8it [00:00, 30.56it/s]
                                          
normal: 1317/2000 frame=1316

Diffusion steps...: 0it [00:00, ?it/s]
Diffusion steps...: 4it [00:00, 30.59it/s]
Diffusion steps...: 8it [00:00, 30.92it/s]
                                          
normal: 1318/2000 frame=1317

Diffusion steps...: 0it [00:00, ?it/s]
Diffusion steps...: 4it [00:00, 30.47it/s]
Diffusion steps...: 8it [00:00, 30.80it/s]
                                          
normal: 1319/2000 frame=1318

Diffusion steps...: 0it [00:00, ?it/s]
Diffusion steps...: 4it [00:00, 30.68it/s]
Diffusion steps...: 8it [00:00, 30.95it/s]
                                          
normal: 1320/2000 frame=1319

Diffusion steps...: 0it [00:00, ?it/s]
Diffusion steps...: 4it [00:00, 30.42it/s]
Diffusion steps...: 8it [00:00, 30.82it/s]
                                          
normal: 1321/2000 frame=1320

Diffusion steps...: 0it [00:00, ?it/s]
Diffusion steps...: 4it [00:00, 30.51it/s]
Diffusion steps...: 8it [00:00, 30.87it/s]
                                          
normal: 1322/2000 frame=1321

Diffusion steps...: 0it [00:00, ?it/s]
Diffusion steps...: 4it [00:00, 30.43it/s]
Diffusion steps...: 8it [00:00, 30.81it/s]
                                          
normal: 1323/2000 frame=1322

Diffusion steps...: 0it [00:00, ?it/s]
Diffusion steps...: 4it [00:00, 30.69it/s]
Diffusion steps...: 8it [00:00, 30.96it/s]
                                          
normal: 1324/2000 frame=1323

Diffusion steps...: 0it [00:00, ?it/s]
Diffusion steps...: 4it [00:00, 30.31it/s]
Diffusion steps...: 8it [00:00, 30.73it/s]
                                          
normal: 1325/2000 frame=1324

Diffusion steps...: 0it [00:00, ?it/s]
Diffusion steps...: 4it [00:00, 30.62it/s]
Diffusion steps...: 8it [00:00, 30.96it/s]
                                          
normal: 1326/2000 frame=1325

Diffusion steps...: 0it [00:00, ?it/s]
Diffusion steps...: 4it [00:00, 30.66it/s]
Diffusion steps...: 8it [00:00, 30.91it/s]
                                          
normal: 1327/2000 frame=1326

Diffusion steps...: 0it [00:00, ?it/s]
Diffusion steps...: 4it [00:00, 30.60it/s]
Diffusion steps...: 8it [00:00, 30.92it/s]
                                          
normal: 1328/2000 frame=1327

Diffusion steps...: 0it [00:00, ?it/s]
Diffusion steps...: 4it [00:00, 30.65it/s]
Diffusion steps...: 8it [00:00, 30.91it/s]
                                          
normal: 1329/2000 frame=1328

Diffusion steps...: 0it [00:00, ?it/s]
Diffusion steps...: 4it [00:00, 30.58it/s]
Diffusion steps...: 8it [00:00, 30.79it/s]
                                          
normal: 1330/2000 frame=1329

Diffusion steps...: 0it [00:00, ?it/s]
Diffusion steps...: 4it [00:00, 30.51it/s]
Diffusion steps...: 8it [00:00, 30.81it/s]
                                          
normal: 1331/2000 frame=1330

Diffusion steps...: 0it [00:00, ?it/s]
Diffusion steps...: 4it [00:00, 30.47it/s]
Diffusion steps...: 8it [00:00, 30.86it/s]
                                          
normal: 1332/2000 frame=1331

Diffusion steps...: 0it [00:00, ?it/s]
Diffusion steps...: 4it [00:00, 30.44it/s]
Diffusion steps...: 8it [00:00, 30.81it/s]
                                          
normal: 1333/2000 frame=1332

Diffusion steps...: 0it [00:00, ?it/s]
Diffusion steps...: 4it [00:00, 30.50it/s]
Diffusion steps...: 8it [00:00, 30.90it/s]
                                          
normal: 1334/2000 frame=1333

Diffusion steps...: 0it [00:00, ?it/s]
Diffusion steps...: 4it [00:00, 30.52it/s]
Diffusion steps...: 8it [00:00, 30.88it/s]
                                          
normal: 1335/2000 frame=1334

Diffusion steps...: 0it [00:00, ?it/s]
Diffusion steps...: 4it [00:00, 30.50it/s]
Diffusion steps...: 8it [00:00, 30.83it/s]
                                          
normal: 1336/2000 frame=1335

Diffusion steps...: 0it [00:00, ?it/s]
Diffusion steps...: 3it [00:00, 29.97it/s]
Diffusion steps...: 7it [00:00, 30.72it/s]
                                          
normal: 1337/2000 frame=1336

Diffusion steps...: 0it [00:00, ?it/s]
Diffusion steps...: 4it [00:00, 30.72it/s]
Diffusion steps...: 8it [00:00, 30.98it/s]
                                          
normal: 1338/2000 frame=1337

Diffusion steps...: 0it [00:00, ?it/s]
Diffusion steps...: 4it [00:00, 30.58it/s]
Diffusion steps...: 8it [00:00, 30.86it/s]
                                          
normal: 1339/2000 frame=1338

Diffusion steps...: 0it [00:00, ?it/s]
Diffusion steps...: 4it [00:00, 30.47it/s]
Diffusion steps...: 8it [00:00, 30.91it/s]
                                          
normal: 1340/2000 frame=1339

Diffusion steps...: 0it [00:00, ?it/s]
Diffusion steps...: 4it [00:00, 30.59it/s]
Diffusion steps...: 8it [00:00, 30.90it/s]
                                          
normal: 1341/2000 frame=1340

Diffusion steps...: 0it [00:00, ?it/s]
Diffusion steps...: 4it [00:00, 30.52it/s]
Diffusion steps...: 8it [00:00, 30.90it/s]
                                          
normal: 1342/2000 frame=1341

Diffusion steps...: 0it [00:00, ?it/s]
Diffusion steps...: 4it [00:00, 30.51it/s]
Diffusion steps...: 8it [00:00, 30.83it/s]
                                          
normal: 1343/2000 frame=1342

Diffusion steps...: 0it [00:00, ?it/s]
Diffusion steps...: 4it [00:00, 30.55it/s]
Diffusion steps...: 8it [00:00, 30.88it/s]
                                          
normal: 1344/2000 frame=1343

Diffusion steps...: 0it [00:00, ?it/s]
Diffusion steps...: 4it [00:00, 30.55it/s]
Diffusion steps...: 8it [00:00, 30.76it/s]
                                          
normal: 1345/2000 frame=1344

Diffusion steps...: 0it [00:00, ?it/s]
Diffusion steps...: 4it [00:00, 30.66it/s]
Diffusion steps...: 8it [00:00, 30.96it/s]
                                          
normal: 1346/2000 frame=1345

Diffusion steps...: 0it [00:00, ?it/s]
Diffusion steps...: 4it [00:00, 30.53it/s]
Diffusion steps...: 8it [00:00, 30.71it/s]
                                          
normal: 1347/2000 frame=1346

Diffusion steps...: 0it [00:00, ?it/s]
Diffusion steps...: 4it [00:00, 30.62it/s]
Diffusion steps...: 8it [00:00, 30.79it/s]
                                          
normal: 1348/2000 frame=1347

Diffusion steps...: 0it [00:00, ?it/s]
Diffusion steps...: 3it [00:00, 29.91it/s]
Diffusion steps...: 7it [00:00, 30.63it/s]
                                          
normal: 1349/2000 frame=1348

Diffusion steps...: 0it [00:00, ?it/s]
Diffusion steps...: 4it [00:00, 30.43it/s]
Diffusion steps...: 8it [00:00, 30.69it/s]
                                          
normal: 1350/2000 frame=1349

Diffusion steps...: 0it [00:00, ?it/s]
Diffusion steps...: 4it [00:00, 30.35it/s]
Diffusion steps...: 8it [00:00, 30.75it/s]
                                          
normal: 1351/2000 frame=1350

Diffusion steps...: 0it [00:00, ?it/s]
Diffusion steps...: 4it [00:00, 30.58it/s]
Diffusion steps...: 8it [00:00, 30.86it/s]
                                          
normal: 1352/2000 frame=1351

Diffusion steps...: 0it [00:00, ?it/s]
Diffusion steps...: 3it [00:00, 29.88it/s]
Diffusion steps...: 7it [00:00, 30.52it/s]
                                          
normal: 1353/2000 frame=1352

Diffusion steps...: 0it [00:00, ?it/s]
Diffusion steps...: 4it [00:00, 30.39it/s]
Diffusion steps...: 8it [00:00, 30.82it/s]
                                          
normal: 1354/2000 frame=1353

Diffusion steps...: 0it [00:00, ?it/s]
Diffusion steps...: 4it [00:00, 30.58it/s]
Diffusion steps...: 8it [00:00, 30.88it/s]
                                          
normal: 1355/2000 frame=1354

Diffusion steps...: 0it [00:00, ?it/s]
Diffusion steps...: 4it [00:00, 30.44it/s]
Diffusion steps...: 8it [00:00, 30.82it/s]
                                          
normal: 1356/2000 frame=1355

Diffusion steps...: 0it [00:00, ?it/s]
Diffusion steps...: 4it [00:00, 30.49it/s]
Diffusion steps...: 8it [00:00, 30.80it/s]
                                          
normal: 1357/2000 frame=1356

Diffusion steps...: 0it [00:00, ?it/s]
Diffusion steps...: 4it [00:00, 30.53it/s]
Diffusion steps...: 8it [00:00, 30.86it/s]
                                          
normal: 1358/2000 frame=1357

Diffusion steps...: 0it [00:00, ?it/s]
Diffusion steps...: 4it [00:00, 30.51it/s]
Diffusion steps...: 8it [00:00, 30.81it/s]
                                          
normal: 1359/2000 frame=1358

Diffusion steps...: 0it [00:00, ?it/s]
Diffusion steps...: 4it [00:00, 30.51it/s]
Diffusion steps...: 8it [00:00, 30.88it/s]
                                          
normal: 1360/2000 frame=1359

Diffusion steps...: 0it [00:00, ?it/s]
Diffusion steps...: 3it [00:00, 29.95it/s]
Diffusion steps...: 7it [00:00, 30.61it/s]
                                          
normal: 1361/2000 frame=1360

Diffusion steps...: 0it [00:00, ?it/s]
Diffusion steps...: 4it [00:00, 30.50it/s]
Diffusion steps...: 8it [00:00, 30.86it/s]
                                          
normal: 1362/2000 frame=1361

Diffusion steps...: 0it [00:00, ?it/s]
Diffusion steps...: 4it [00:00, 30.45it/s]
Diffusion steps...: 8it [00:00, 30.84it/s]
                                          
normal: 1363/2000 frame=1362

Diffusion steps...: 0it [00:00, ?it/s]
Diffusion steps...: 4it [00:00, 30.37it/s]
Diffusion steps...: 8it [00:00, 30.78it/s]
                                          
normal: 1364/2000 frame=1363

Diffusion steps...: 0it [00:00, ?it/s]
Diffusion steps...: 4it [00:00, 30.39it/s]
Diffusion steps...: 8it [00:00, 30.80it/s]
                                          
normal: 1365/2000 frame=1364

Diffusion steps...: 0it [00:00, ?it/s]
Diffusion steps...: 4it [00:00, 30.54it/s]
Diffusion steps...: 8it [00:00, 30.71it/s]
                                          
normal: 1366/2000 frame=1365

Diffusion steps...: 0it [00:00, ?it/s]
Diffusion steps...: 4it [00:00, 30.50it/s]
Diffusion steps...: 8it [00:00, 30.80it/s]
                                          
normal: 1367/2000 frame=1366

Diffusion steps...: 0it [00:00, ?it/s]
Diffusion steps...: 4it [00:00, 30.51it/s]
Diffusion steps...: 8it [00:00, 30.89it/s]
                                          
normal: 1368/2000 frame=1367

Diffusion steps...: 0it [00:00, ?it/s]
Diffusion steps...: 4it [00:00, 30.50it/s]
Diffusion steps...: 8it [00:00, 30.82it/s]
                                          
normal: 1369/2000 frame=1368

Diffusion steps...: 0it [00:00, ?it/s]
Diffusion steps...: 4it [00:00, 30.55it/s]
Diffusion steps...: 8it [00:00, 30.88it/s]
                                          
normal: 1370/2000 frame=1369

Diffusion steps...: 0it [00:00, ?it/s]
Diffusion steps...: 4it [00:00, 30.54it/s]
Diffusion steps...: 8it [00:00, 30.84it/s]
                                          
normal: 1371/2000 frame=1370

Diffusion steps...: 0it [00:00, ?it/s]
Diffusion steps...: 4it [00:00, 30.53it/s]
Diffusion steps...: 8it [00:00, 30.86it/s]
                                          
normal: 1372/2000 frame=1371

Diffusion steps...: 0it [00:00, ?it/s]
Diffusion steps...: 4it [00:00, 30.33it/s]
Diffusion steps...: 8it [00:00, 30.75it/s]
                                          
normal: 1373/2000 frame=1372

Diffusion steps...: 0it [00:00, ?it/s]
Diffusion steps...: 4it [00:00, 30.56it/s]
Diffusion steps...: 8it [00:00, 30.87it/s]
                                          
normal: 1374/2000 frame=1373

Diffusion steps...: 0it [00:00, ?it/s]
Diffusion steps...: 4it [00:00, 30.32it/s]
Diffusion steps...: 8it [00:00, 30.76it/s]
                                          
normal: 1375/2000 frame=1374

Diffusion steps...: 0it [00:00, ?it/s]
Diffusion steps...: 4it [00:00, 30.53it/s]
Diffusion steps...: 8it [00:00, 30.86it/s]
                                          
normal: 1376/2000 frame=1375

Diffusion steps...: 0it [00:00, ?it/s]
Diffusion steps...: 4it [00:00, 30.39it/s]
Diffusion steps...: 8it [00:00, 30.78it/s]
                                          
normal: 1377/2000 frame=1376

Diffusion steps...: 0it [00:00, ?it/s]
Diffusion steps...: 4it [00:00, 30.52it/s]
Diffusion steps...: 8it [00:00, 30.83it/s]
                                          
normal: 1378/2000 frame=1377

Diffusion steps...: 0it [00:00, ?it/s]
Diffusion steps...: 4it [00:00, 30.34it/s]
Diffusion steps...: 8it [00:00, 30.73it/s]
                                          
normal: 1379/2000 frame=1378

Diffusion steps...: 0it [00:00, ?it/s]
Diffusion steps...: 4it [00:00, 30.49it/s]
Diffusion steps...: 8it [00:00, 30.86it/s]
                                          
normal: 1380/2000 frame=1379

Diffusion steps...: 0it [00:00, ?it/s]
Diffusion steps...: 4it [00:00, 30.55it/s]
Diffusion steps...: 8it [00:00, 30.86it/s]
                                          
normal: 1381/2000 frame=1380

Diffusion steps...: 0it [00:00, ?it/s]
Diffusion steps...: 4it [00:00, 30.59it/s]
Diffusion steps...: 8it [00:00, 30.89it/s]
                                          
normal: 1382/2000 frame=1381

Diffusion steps...: 0it [00:00, ?it/s]
Diffusion steps...: 4it [00:00, 30.46it/s]
Diffusion steps...: 8it [00:00, 30.82it/s]
                                          
normal: 1383/2000 frame=1382

Diffusion steps...: 0it [00:00, ?it/s]
Diffusion steps...: 4it [00:00, 30.61it/s]
Diffusion steps...: 8it [00:00, 30.90it/s]
                                          
normal: 1384/2000 frame=1383

Diffusion steps...: 0it [00:00, ?it/s]
Diffusion steps...: 4it [00:00, 30.23it/s]
Diffusion steps...: 8it [00:00, 30.75it/s]
                                          
normal: 1385/2000 frame=1384

Diffusion steps...: 0it [00:00, ?it/s]
Diffusion steps...: 4it [00:00, 30.40it/s]
Diffusion steps...: 8it [00:00, 30.79it/s]
                                          
normal: 1386/2000 frame=1385

Diffusion steps...: 0it [00:00, ?it/s]
Diffusion steps...: 4it [00:00, 30.38it/s]
Diffusion steps...: 8it [00:00, 30.76it/s]
                                          
normal: 1387/2000 frame=1386

Diffusion steps...: 0it [00:00, ?it/s]
Diffusion steps...: 4it [00:00, 30.45it/s]
Diffusion steps...: 8it [00:00, 30.84it/s]
                                          
normal: 1388/2000 frame=1387

Diffusion steps...: 0it [00:00, ?it/s]
Diffusion steps...: 4it [00:00, 30.51it/s]
Diffusion steps...: 8it [00:00, 30.84it/s]
                                          
normal: 1389/2000 frame=1388

Diffusion steps...: 0it [00:00, ?it/s]
Diffusion steps...: 4it [00:00, 30.64it/s]
Diffusion steps...: 8it [00:00, 30.91it/s]
                                          
normal: 1390/2000 frame=1389

Diffusion steps...: 0it [00:00, ?it/s]
Diffusion steps...: 4it [00:00, 30.44it/s]
Diffusion steps...: 8it [00:00, 30.80it/s]
                                          
normal: 1391/2000 frame=1390

Diffusion steps...: 0it [00:00, ?it/s]
Diffusion steps...: 4it [00:00, 30.51it/s]
Diffusion steps...: 8it [00:00, 30.88it/s]
                                          
normal: 1392/2000 frame=1391

Diffusion steps...: 0it [00:00, ?it/s]
Diffusion steps...: 4it [00:00, 30.61it/s]
Diffusion steps...: 8it [00:00, 30.85it/s]
                                          
normal: 1393/2000 frame=1392

Diffusion steps...: 0it [00:00, ?it/s]
Diffusion steps...: 4it [00:00, 30.54it/s]
Diffusion steps...: 8it [00:00, 30.88it/s]
                                          
normal: 1394/2000 frame=1393

Diffusion steps...: 0it [00:00, ?it/s]
Diffusion steps...: 4it [00:00, 30.42it/s]
Diffusion steps...: 8it [00:00, 30.72it/s]
                                          
normal: 1395/2000 frame=1394

Diffusion steps...: 0it [00:00, ?it/s]
Diffusion steps...: 4it [00:00, 30.44it/s]
Diffusion steps...: 8it [00:00, 30.72it/s]
                                          
normal: 1396/2000 frame=1395

Diffusion steps...: 0it [00:00, ?it/s]
Diffusion steps...: 4it [00:00, 30.42it/s]
Diffusion steps...: 8it [00:00, 30.75it/s]
                                          
normal: 1397/2000 frame=1396

Diffusion steps...: 0it [00:00, ?it/s]
Diffusion steps...: 4it [00:00, 30.48it/s]
Diffusion steps...: 8it [00:00, 30.83it/s]
                                          
normal: 1398/2000 frame=1397

Diffusion steps...: 0it [00:00, ?it/s]
Diffusion steps...: 4it [00:00, 30.47it/s]
Diffusion steps...: 8it [00:00, 30.79it/s]
                                          
normal: 1399/2000 frame=1398

Diffusion steps...: 0it [00:00, ?it/s]
Diffusion steps...: 4it [00:00, 30.46it/s]
Diffusion steps...: 8it [00:00, 30.85it/s]
                                          
normal: 1400/2000 frame=1399

Diffusion steps...: 0it [00:00, ?it/s]
Diffusion steps...: 4it [00:00, 30.57it/s]
Diffusion steps...: 8it [00:00, 30.86it/s]
                                          
normal: 1401/2000 frame=1400

Diffusion steps...: 0it [00:00, ?it/s]
Diffusion steps...: 4it [00:00, 30.51it/s]
Diffusion steps...: 8it [00:00, 30.85it/s]
                                          
normal: 1402/2000 frame=1401

Diffusion steps...: 0it [00:00, ?it/s]
Diffusion steps...: 4it [00:00, 30.46it/s]
Diffusion steps...: 8it [00:00, 30.78it/s]
                                          
normal: 1403/2000 frame=1402

Diffusion steps...: 0it [00:00, ?it/s]
Diffusion steps...: 4it [00:00, 30.69it/s]
Diffusion steps...: 8it [00:00, 30.44it/s]
                                          
normal: 1404/2000 frame=1403

Diffusion steps...: 0it [00:00, ?it/s]
Diffusion steps...: 4it [00:00, 30.18it/s]
Diffusion steps...: 8it [00:00, 30.69it/s]
                                          
normal: 1405/2000 frame=1404

Diffusion steps...: 0it [00:00, ?it/s]
Diffusion steps...: 4it [00:00, 30.68it/s]
Diffusion steps...: 8it [00:00, 30.95it/s]
                                          
normal: 1406/2000 frame=1405

Diffusion steps...: 0it [00:00, ?it/s]
Diffusion steps...: 4it [00:00, 30.39it/s]
Diffusion steps...: 8it [00:00, 30.82it/s]
                                          
normal: 1407/2000 frame=1406

Diffusion steps...: 0it [00:00, ?it/s]
Diffusion steps...: 4it [00:00, 30.65it/s]
Diffusion steps...: 8it [00:00, 30.93it/s]
                                          
normal: 1408/2000 frame=1407

Diffusion steps...: 0it [00:00, ?it/s]
Diffusion steps...: 4it [00:00, 30.44it/s]
Diffusion steps...: 8it [00:00, 30.71it/s]
                                          
normal: 1409/2000 frame=1408

Diffusion steps...: 0it [00:00, ?it/s]
Diffusion steps...: 4it [00:00, 30.41it/s]
Diffusion steps...: 8it [00:00, 30.80it/s]
                                          
normal: 1410/2000 frame=1409

Diffusion steps...: 0it [00:00, ?it/s]
Diffusion steps...: 4it [00:00, 30.57it/s]
Diffusion steps...: 8it [00:00, 30.87it/s]
                                          
normal: 1411/2000 frame=1410

Diffusion steps...: 0it [00:00, ?it/s]
Diffusion steps...: 4it [00:00, 30.51it/s]
Diffusion steps...: 8it [00:00, 30.92it/s]
                                          
normal: 1412/2000 frame=1411

Diffusion steps...: 0it [00:00, ?it/s]
Diffusion steps...: 4it [00:00, 30.46it/s]
Diffusion steps...: 8it [00:00, 30.77it/s]
                                          
normal: 1413/2000 frame=1412

Diffusion steps...: 0it [00:00, ?it/s]
Diffusion steps...: 4it [00:00, 30.64it/s]
Diffusion steps...: 8it [00:00, 30.87it/s]
                                          
normal: 1414/2000 frame=1413

Diffusion steps...: 0it [00:00, ?it/s]
Diffusion steps...: 4it [00:00, 30.37it/s]
Diffusion steps...: 8it [00:00, 30.71it/s]
                                          
normal: 1415/2000 frame=1414

Diffusion steps...: 0it [00:00, ?it/s]
Diffusion steps...: 4it [00:00, 30.52it/s]
Diffusion steps...: 8it [00:00, 30.82it/s]
                                          
normal: 1416/2000 frame=1415

Diffusion steps...: 0it [00:00, ?it/s]
Diffusion steps...: 4it [00:00, 30.30it/s]
Diffusion steps...: 8it [00:00, 30.60it/s]
                                          
normal: 1417/2000 frame=1416

Diffusion steps...: 0it [00:00, ?it/s]
Diffusion steps...: 4it [00:00, 30.47it/s]
Diffusion steps...: 8it [00:00, 30.82it/s]
                                          
normal: 1418/2000 frame=1417

Diffusion steps...: 0it [00:00, ?it/s]
Diffusion steps...: 4it [00:00, 30.40it/s]
Diffusion steps...: 8it [00:00, 30.72it/s]
                                          
normal: 1419/2000 frame=1418

Diffusion steps...: 0it [00:00, ?it/s]
Diffusion steps...: 4it [00:00, 30.28it/s]
Diffusion steps...: 8it [00:00, 30.76it/s]
                                          
normal: 1420/2000 frame=1419

Diffusion steps...: 0it [00:00, ?it/s]
Diffusion steps...: 4it [00:00, 30.51it/s]
Diffusion steps...: 8it [00:00, 30.79it/s]
                                          
normal: 1421/2000 frame=1420

Diffusion steps...: 0it [00:00, ?it/s]
Diffusion steps...: 4it [00:00, 30.39it/s]
Diffusion steps...: 8it [00:00, 30.77it/s]
                                          
normal: 1422/2000 frame=1421

Diffusion steps...: 0it [00:00, ?it/s]
Diffusion steps...: 3it [00:00, 29.99it/s]
Diffusion steps...: 7it [00:00, 30.43it/s]
                                          
normal: 1423/2000 frame=1422

Diffusion steps...: 0it [00:00, ?it/s]
Diffusion steps...: 4it [00:00, 30.52it/s]
Diffusion steps...: 8it [00:00, 30.86it/s]
                                          
normal: 1424/2000 frame=1423

Diffusion steps...: 0it [00:00, ?it/s]
Diffusion steps...: 4it [00:00, 30.36it/s]
Diffusion steps...: 8it [00:00, 30.77it/s]
                                          
normal: 1425/2000 frame=1424

Diffusion steps...: 0it [00:00, ?it/s]
Diffusion steps...: 4it [00:00, 30.43it/s]
Diffusion steps...: 8it [00:00, 30.79it/s]
                                          
normal: 1426/2000 frame=1425

Diffusion steps...: 0it [00:00, ?it/s]
Diffusion steps...: 4it [00:00, 30.41it/s]
Diffusion steps...: 8it [00:00, 30.75it/s]
                                          
normal: 1427/2000 frame=1426

Diffusion steps...: 0it [00:00, ?it/s]
Diffusion steps...: 4it [00:00, 30.44it/s]
Diffusion steps...: 8it [00:00, 30.81it/s]
                                          
normal: 1428/2000 frame=1427

Diffusion steps...: 0it [00:00, ?it/s]
Diffusion steps...: 4it [00:00, 30.36it/s]
Diffusion steps...: 8it [00:00, 30.56it/s]
                                          
normal: 1429/2000 frame=1428

Diffusion steps...: 0it [00:00, ?it/s]
Diffusion steps...: 4it [00:00, 30.50it/s]
Diffusion steps...: 8it [00:00, 30.89it/s]
                                          
normal: 1430/2000 frame=1429

Diffusion steps...: 0it [00:00, ?it/s]
Diffusion steps...: 4it [00:00, 30.43it/s]
Diffusion steps...: 8it [00:00, 30.68it/s]
                                          
normal: 1431/2000 frame=1430

Diffusion steps...: 0it [00:00, ?it/s]
Diffusion steps...: 4it [00:00, 30.64it/s]
Diffusion steps...: 8it [00:00, 30.97it/s]
                                          
normal: 1432/2000 frame=1431

Diffusion steps...: 0it [00:00, ?it/s]
Diffusion steps...: 4it [00:00, 30.63it/s]
Diffusion steps...: 8it [00:00, 30.85it/s]
                                          
normal: 1433/2000 frame=1432

Diffusion steps...: 0it [00:00, ?it/s]
Diffusion steps...: 4it [00:00, 30.68it/s]
Diffusion steps...: 8it [00:00, 30.96it/s]
                                          
normal: 1434/2000 frame=1433

Diffusion steps...: 0it [00:00, ?it/s]
Diffusion steps...: 4it [00:00, 30.36it/s]
Diffusion steps...: 8it [00:00, 30.72it/s]
                                          
normal: 1435/2000 frame=1434

Diffusion steps...: 0it [00:00, ?it/s]
Diffusion steps...: 4it [00:00, 30.32it/s]
Diffusion steps...: 8it [00:00, 30.72it/s]
                                          
normal: 1436/2000 frame=1435

Diffusion steps...: 0it [00:00, ?it/s]
Diffusion steps...: 4it [00:00, 30.57it/s]
Diffusion steps...: 8it [00:00, 30.82it/s]
                                          
normal: 1437/2000 frame=1436

Diffusion steps...: 0it [00:00, ?it/s]
Diffusion steps...: 4it [00:00, 30.53it/s]
Diffusion steps...: 8it [00:00, 30.87it/s]
                                          
normal: 1438/2000 frame=1437

Diffusion steps...: 0it [00:00, ?it/s]
Diffusion steps...: 4it [00:00, 30.55it/s]
Diffusion steps...: 8it [00:00, 30.85it/s]
                                          
normal: 1439/2000 frame=1438

Diffusion steps...: 0it [00:00, ?it/s]
Diffusion steps...: 4it [00:00, 30.59it/s]
Diffusion steps...: 8it [00:00, 30.91it/s]
                                          
normal: 1440/2000 frame=1439

Diffusion steps...: 0it [00:00, ?it/s]
Diffusion steps...: 4it [00:00, 30.55it/s]
Diffusion steps...: 8it [00:00, 30.84it/s]
                                          
normal: 1441/2000 frame=1440

Diffusion steps...: 0it [00:00, ?it/s]
Diffusion steps...: 4it [00:00, 30.33it/s]
Diffusion steps...: 8it [00:00, 30.79it/s]
                                          
normal: 1442/2000 frame=1441

Diffusion steps...: 0it [00:00, ?it/s]
Diffusion steps...: 4it [00:00, 30.53it/s]
Diffusion steps...: 8it [00:00, 30.87it/s]
                                          
normal: 1443/2000 frame=1442

Diffusion steps...: 0it [00:00, ?it/s]
Diffusion steps...: 4it [00:00, 30.57it/s]
Diffusion steps...: 8it [00:00, 30.92it/s]
                                          
normal: 1444/2000 frame=1443

Diffusion steps...: 0it [00:00, ?it/s]
Diffusion steps...: 4it [00:00, 30.66it/s]
Diffusion steps...: 8it [00:00, 30.92it/s]
                                          
normal: 1445/2000 frame=1444

Diffusion steps...: 0it [00:00, ?it/s]
Diffusion steps...: 4it [00:00, 30.53it/s]
Diffusion steps...: 8it [00:00, 30.88it/s]
                                          
normal: 1446/2000 frame=1445

Diffusion steps...: 0it [00:00, ?it/s]
Diffusion steps...: 4it [00:00, 30.63it/s]
Diffusion steps...: 8it [00:00, 30.83it/s]
                                          
normal: 1447/2000 frame=1446

Diffusion steps...: 0it [00:00, ?it/s]
Diffusion steps...: 4it [00:00, 30.27it/s]
Diffusion steps...: 8it [00:00, 30.74it/s]
                                          
normal: 1448/2000 frame=1447

Diffusion steps...: 0it [00:00, ?it/s]
Diffusion steps...: 4it [00:00, 30.59it/s]
Diffusion steps...: 8it [00:00, 30.87it/s]
                                          
normal: 1449/2000 frame=1448

Diffusion steps...: 0it [00:00, ?it/s]
Diffusion steps...: 4it [00:00, 30.65it/s]
Diffusion steps...: 8it [00:00, 30.95it/s]
                                          
normal: 1450/2000 frame=1449

Diffusion steps...: 0it [00:00, ?it/s]
Diffusion steps...: 4it [00:00, 30.46it/s]
Diffusion steps...: 8it [00:00, 30.44it/s]
                                          
normal: 1451/2000 frame=1450

Diffusion steps...: 0it [00:00, ?it/s]
Diffusion steps...: 4it [00:00, 30.50it/s]
Diffusion steps...: 8it [00:00, 30.88it/s]
                                          
normal: 1452/2000 frame=1451

Diffusion steps...: 0it [00:00, ?it/s]
Diffusion steps...: 4it [00:00, 30.59it/s]
Diffusion steps...: 8it [00:00, 30.90it/s]
                                          
normal: 1453/2000 frame=1452

Diffusion steps...: 0it [00:00, ?it/s]
Diffusion steps...: 4it [00:00, 30.66it/s]
Diffusion steps...: 8it [00:00, 30.96it/s]
                                          
normal: 1454/2000 frame=1453

Diffusion steps...: 0it [00:00, ?it/s]
Diffusion steps...: 4it [00:00, 30.49it/s]
Diffusion steps...: 8it [00:00, 30.87it/s]
                                          
normal: 1455/2000 frame=1454

Diffusion steps...: 0it [00:00, ?it/s]
Diffusion steps...: 4it [00:00, 30.68it/s]
Diffusion steps...: 8it [00:00, 30.95it/s]
                                          
normal: 1456/2000 frame=1455

Diffusion steps...: 0it [00:00, ?it/s]
Diffusion steps...: 4it [00:00, 30.64it/s]
Diffusion steps...: 8it [00:00, 30.89it/s]
                                          
normal: 1457/2000 frame=1456

Diffusion steps...: 0it [00:00, ?it/s]
Diffusion steps...: 4it [00:00, 30.56it/s]
Diffusion steps...: 8it [00:00, 30.75it/s]
                                          
normal: 1458/2000 frame=1457

Diffusion steps...: 0it [00:00, ?it/s]
Diffusion steps...: 4it [00:00, 30.40it/s]
Diffusion steps...: 8it [00:00, 30.75it/s]
                                          
normal: 1459/2000 frame=1458

Diffusion steps...: 0it [00:00, ?it/s]
Diffusion steps...: 4it [00:00, 30.56it/s]
Diffusion steps...: 8it [00:00, 30.90it/s]
                                          
normal: 1460/2000 frame=1459

Diffusion steps...: 0it [00:00, ?it/s]
Diffusion steps...: 3it [00:00, 29.84it/s]
Diffusion steps...: 7it [00:00, 30.64it/s]
                                          
normal: 1461/2000 frame=1460

Diffusion steps...: 0it [00:00, ?it/s]
Diffusion steps...: 3it [00:00, 29.73it/s]
Diffusion steps...: 7it [00:00, 30.53it/s]
                                          
normal: 1462/2000 frame=1461

Diffusion steps...: 0it [00:00, ?it/s]
Diffusion steps...: 4it [00:00, 30.56it/s]
Diffusion steps...: 8it [00:00, 30.85it/s]
                                          
normal: 1463/2000 frame=1462

Diffusion steps...: 0it [00:00, ?it/s]
Diffusion steps...: 4it [00:00, 30.65it/s]
Diffusion steps...: 8it [00:00, 30.97it/s]
                                          
normal: 1464/2000 frame=1463

Diffusion steps...: 0it [00:00, ?it/s]
Diffusion steps...: 4it [00:00, 30.44it/s]
Diffusion steps...: 8it [00:00, 30.82it/s]
                                          
normal: 1465/2000 frame=1464

Diffusion steps...: 0it [00:00, ?it/s]
Diffusion steps...: 4it [00:00, 30.60it/s]
Diffusion steps...: 8it [00:00, 30.96it/s]
                                          
normal: 1466/2000 frame=1465

Diffusion steps...: 0it [00:00, ?it/s]
Diffusion steps...: 4it [00:00, 30.53it/s]
Diffusion steps...: 8it [00:00, 30.87it/s]
                                          
normal: 1467/2000 frame=1466

Diffusion steps...: 0it [00:00, ?it/s]
Diffusion steps...: 4it [00:00, 30.54it/s]
Diffusion steps...: 8it [00:00, 30.90it/s]
                                          
normal: 1468/2000 frame=1467

Diffusion steps...: 0it [00:00, ?it/s]
Diffusion steps...: 4it [00:00, 30.47it/s]
Diffusion steps...: 8it [00:00, 30.83it/s]
                                          
normal: 1469/2000 frame=1468

Diffusion steps...: 0it [00:00, ?it/s]
Diffusion steps...: 4it [00:00, 30.34it/s]
Diffusion steps...: 8it [00:00, 30.62it/s]
                                          
normal: 1470/2000 frame=1469

Diffusion steps...: 0it [00:00, ?it/s]
Diffusion steps...: 4it [00:00, 30.51it/s]
Diffusion steps...: 8it [00:00, 30.87it/s]
                                          
normal: 1471/2000 frame=1470

Diffusion steps...: 0it [00:00, ?it/s]
Diffusion steps...: 4it [00:00, 30.55it/s]
Diffusion steps...: 8it [00:00, 30.88it/s]
                                          
normal: 1472/2000 frame=1471

Diffusion steps...: 0it [00:00, ?it/s]
Diffusion steps...: 4it [00:00, 30.61it/s]
Diffusion steps...: 8it [00:00, 30.87it/s]
                                          
normal: 1473/2000 frame=1472

Diffusion steps...: 0it [00:00, ?it/s]
Diffusion steps...: 4it [00:00, 30.49it/s]
Diffusion steps...: 8it [00:00, 30.66it/s]
                                          
normal: 1474/2000 frame=1473

Diffusion steps...: 0it [00:00, ?it/s]
Diffusion steps...: 4it [00:00, 30.51it/s]
Diffusion steps...: 8it [00:00, 30.85it/s]
                                          
normal: 1475/2000 frame=1474

Diffusion steps...: 0it [00:00, ?it/s]
Diffusion steps...: 4it [00:00, 30.50it/s]
Diffusion steps...: 8it [00:00, 30.85it/s]
                                          
normal: 1476/2000 frame=1475

Diffusion steps...: 0it [00:00, ?it/s]
Diffusion steps...: 4it [00:00, 30.49it/s]
Diffusion steps...: 8it [00:00, 30.81it/s]
                                          
normal: 1477/2000 frame=1476

Diffusion steps...: 0it [00:00, ?it/s]
Diffusion steps...: 4it [00:00, 30.69it/s]
Diffusion steps...: 8it [00:00, 30.94it/s]
                                          
normal: 1478/2000 frame=1477

Diffusion steps...: 0it [00:00, ?it/s]
Diffusion steps...: 4it [00:00, 30.45it/s]
Diffusion steps...: 8it [00:00, 30.85it/s]
                                          
normal: 1479/2000 frame=1478

Diffusion steps...: 0it [00:00, ?it/s]
Diffusion steps...: 4it [00:00, 30.52it/s]
Diffusion steps...: 8it [00:00, 30.88it/s]
                                          
normal: 1480/2000 frame=1479

Diffusion steps...: 0it [00:00, ?it/s]
Diffusion steps...: 4it [00:00, 30.52it/s]
Diffusion steps...: 8it [00:00, 30.87it/s]
                                          
normal: 1481/2000 frame=1480

Diffusion steps...: 0it [00:00, ?it/s]
Diffusion steps...: 4it [00:00, 30.74it/s]
Diffusion steps...: 8it [00:00, 31.01it/s]
                                          
normal: 1482/2000 frame=1481

Diffusion steps...: 0it [00:00, ?it/s]
Diffusion steps...: 4it [00:00, 30.60it/s]
Diffusion steps...: 8it [00:00, 30.88it/s]
                                          
normal: 1483/2000 frame=1482

Diffusion steps...: 0it [00:00, ?it/s]
Diffusion steps...: 4it [00:00, 30.56it/s]
Diffusion steps...: 8it [00:00, 30.92it/s]
                                          
normal: 1484/2000 frame=1483

Diffusion steps...: 0it [00:00, ?it/s]
Diffusion steps...: 4it [00:00, 30.45it/s]
Diffusion steps...: 8it [00:00, 30.84it/s]
                                          
normal: 1485/2000 frame=1484

Diffusion steps...: 0it [00:00, ?it/s]
Diffusion steps...: 4it [00:00, 30.51it/s]
Diffusion steps...: 8it [00:00, 30.84it/s]
                                          
normal: 1486/2000 frame=1485

Diffusion steps...: 0it [00:00, ?it/s]
Diffusion steps...: 4it [00:00, 30.60it/s]
Diffusion steps...: 8it [00:00, 30.90it/s]
                                          
normal: 1487/2000 frame=1486

Diffusion steps...: 0it [00:00, ?it/s]
Diffusion steps...: 4it [00:00, 30.59it/s]
Diffusion steps...: 8it [00:00, 30.89it/s]
                                          
normal: 1488/2000 frame=1487

Diffusion steps...: 0it [00:00, ?it/s]
Diffusion steps...: 4it [00:00, 30.73it/s]
Diffusion steps...: 8it [00:00, 30.88it/s]
                                          
normal: 1489/2000 frame=1488

Diffusion steps...: 0it [00:00, ?it/s]
Diffusion steps...: 4it [00:00, 30.61it/s]
Diffusion steps...: 8it [00:00, 30.92it/s]
                                          
normal: 1490/2000 frame=1489

Diffusion steps...: 0it [00:00, ?it/s]
Diffusion steps...: 4it [00:00, 30.51it/s]
Diffusion steps...: 8it [00:00, 30.80it/s]
                                          
normal: 1491/2000 frame=1490

Diffusion steps...: 0it [00:00, ?it/s]
Diffusion steps...: 4it [00:00, 30.68it/s]
Diffusion steps...: 8it [00:00, 30.89it/s]
                                          
normal: 1492/2000 frame=1491

Diffusion steps...: 0it [00:00, ?it/s]
Diffusion steps...: 4it [00:00, 30.50it/s]
Diffusion steps...: 8it [00:00, 30.84it/s]
                                          
normal: 1493/2000 frame=1492

Diffusion steps...: 0it [00:00, ?it/s]
Diffusion steps...: 4it [00:00, 30.58it/s]
Diffusion steps...: 8it [00:00, 30.91it/s]
                                          
normal: 1494/2000 frame=1493

Diffusion steps...: 0it [00:00, ?it/s]
Diffusion steps...: 4it [00:00, 30.53it/s]
Diffusion steps...: 8it [00:00, 30.85it/s]
                                          
normal: 1495/2000 frame=1494

Diffusion steps...: 0it [00:00, ?it/s]
Diffusion steps...: 4it [00:00, 30.50it/s]
Diffusion steps...: 8it [00:00, 30.87it/s]
                                          
normal: 1496/2000 frame=1495

Diffusion steps...: 0it [00:00, ?it/s]
Diffusion steps...: 4it [00:00, 30.60it/s]
Diffusion steps...: 8it [00:00, 30.87it/s]
                                          
normal: 1497/2000 frame=1496

Diffusion steps...: 0it [00:00, ?it/s]
Diffusion steps...: 4it [00:00, 30.55it/s]
Diffusion steps...: 8it [00:00, 30.91it/s]
                                          
normal: 1498/2000 frame=1497

Diffusion steps...: 0it [00:00, ?it/s]
Diffusion steps...: 4it [00:00, 30.56it/s]
Diffusion steps...: 8it [00:00, 30.86it/s]
                                          
normal: 1499/2000 frame=1498

Diffusion steps...: 0it [00:00, ?it/s]
Diffusion steps...: 4it [00:00, 30.48it/s]
Diffusion steps...: 8it [00:00, 30.88it/s]
                                          
normal: 1500/2000 frame=1499

Diffusion steps...: 0it [00:00, ?it/s]
Diffusion steps...: 4it [00:00, 30.55it/s]
Diffusion steps...: 8it [00:00, 30.88it/s]
                                          
normal: 1501/2000 frame=1500

Diffusion steps...: 0it [00:00, ?it/s]
Diffusion steps...: 4it [00:00, 30.55it/s]
Diffusion steps...: 8it [00:00, 30.88it/s]
                                          
normal: 1502/2000 frame=1501

Diffusion steps...: 0it [00:00, ?it/s]
Diffusion steps...: 4it [00:00, 30.52it/s]
Diffusion steps...: 8it [00:00, 30.84it/s]
                                          
normal: 1503/2000 frame=1502

Diffusion steps...: 0it [00:00, ?it/s]
Diffusion steps...: 4it [00:00, 30.65it/s]
Diffusion steps...: 8it [00:00, 30.93it/s]
                                          
normal: 1504/2000 frame=1503

Diffusion steps...: 0it [00:00, ?it/s]
Diffusion steps...: 4it [00:00, 30.57it/s]
Diffusion steps...: 8it [00:00, 30.90it/s]
                                          
normal: 1505/2000 frame=1504

Diffusion steps...: 0it [00:00, ?it/s]
Diffusion steps...: 4it [00:00, 30.63it/s]
Diffusion steps...: 8it [00:00, 30.96it/s]
                                          
normal: 1506/2000 frame=1505

Diffusion steps...: 0it [00:00, ?it/s]
Diffusion steps...: 4it [00:00, 30.56it/s]
Diffusion steps...: 8it [00:00, 30.89it/s]
                                          
normal: 1507/2000 frame=1506

Diffusion steps...: 0it [00:00, ?it/s]
Diffusion steps...: 4it [00:00, 30.63it/s]
Diffusion steps...: 8it [00:00, 30.95it/s]
                                          
normal: 1508/2000 frame=1507

Diffusion steps...: 0it [00:00, ?it/s]
Diffusion steps...: 4it [00:00, 30.44it/s]
Diffusion steps...: 8it [00:00, 30.83it/s]
                                          
normal: 1509/2000 frame=1508

Diffusion steps...: 0it [00:00, ?it/s]
Diffusion steps...: 4it [00:00, 30.53it/s]
Diffusion steps...: 8it [00:00, 30.90it/s]
                                          
normal: 1510/2000 frame=1509

Diffusion steps...: 0it [00:00, ?it/s]
Diffusion steps...: 4it [00:00, 30.42it/s]
Diffusion steps...: 8it [00:00, 30.77it/s]
                                          
normal: 1511/2000 frame=1510

Diffusion steps...: 0it [00:00, ?it/s]
Diffusion steps...: 4it [00:00, 30.49it/s]
Diffusion steps...: 8it [00:00, 30.85it/s]
                                          
normal: 1512/2000 frame=1511

Diffusion steps...: 0it [00:00, ?it/s]
Diffusion steps...: 4it [00:00, 30.46it/s]
Diffusion steps...: 8it [00:00, 30.78it/s]
                                          
normal: 1513/2000 frame=1512

Diffusion steps...: 0it [00:00, ?it/s]
Diffusion steps...: 4it [00:00, 30.52it/s]
Diffusion steps...: 8it [00:00, 30.86it/s]
                                          
normal: 1514/2000 frame=1513

Diffusion steps...: 0it [00:00, ?it/s]
Diffusion steps...: 4it [00:00, 30.57it/s]
Diffusion steps...: 8it [00:00, 30.89it/s]
                                          
normal: 1515/2000 frame=1514

Diffusion steps...: 0it [00:00, ?it/s]
Diffusion steps...: 4it [00:00, 30.58it/s]
Diffusion steps...: 8it [00:00, 30.89it/s]
                                          
normal: 1516/2000 frame=1515

Diffusion steps...: 0it [00:00, ?it/s]
Diffusion steps...: 4it [00:00, 30.48it/s]
Diffusion steps...: 8it [00:00, 30.79it/s]
                                          
normal: 1517/2000 frame=1516

Diffusion steps...: 0it [00:00, ?it/s]
Diffusion steps...: 4it [00:00, 30.46it/s]
Diffusion steps...: 8it [00:00, 30.87it/s]
                                          
normal: 1518/2000 frame=1517

Diffusion steps...: 0it [00:00, ?it/s]
Diffusion steps...: 4it [00:00, 30.43it/s]
Diffusion steps...: 8it [00:00, 30.85it/s]
                                          
normal: 1519/2000 frame=1518

Diffusion steps...: 0it [00:00, ?it/s]
Diffusion steps...: 4it [00:00, 30.57it/s]
Diffusion steps...: 8it [00:00, 30.90it/s]
                                          
normal: 1520/2000 frame=1519

Diffusion steps...: 0it [00:00, ?it/s]
Diffusion steps...: 4it [00:00, 30.36it/s]
Diffusion steps...: 8it [00:00, 30.74it/s]
                                          
normal: 1521/2000 frame=1520

Diffusion steps...: 0it [00:00, ?it/s]
Diffusion steps...: 4it [00:00, 30.51it/s]
Diffusion steps...: 8it [00:00, 30.87it/s]
                                          
normal: 1522/2000 frame=1521

Diffusion steps...: 0it [00:00, ?it/s]
Diffusion steps...: 4it [00:00, 30.50it/s]
Diffusion steps...: 8it [00:00, 30.72it/s]
                                          
normal: 1523/2000 frame=1522

Diffusion steps...: 0it [00:00, ?it/s]
Diffusion steps...: 4it [00:00, 30.58it/s]
Diffusion steps...: 8it [00:00, 30.86it/s]
                                          
normal: 1524/2000 frame=1523

Diffusion steps...: 0it [00:00, ?it/s]
Diffusion steps...: 4it [00:00, 30.37it/s]
Diffusion steps...: 8it [00:00, 30.74it/s]
                                          
normal: 1525/2000 frame=1524

Diffusion steps...: 0it [00:00, ?it/s]
Diffusion steps...: 4it [00:00, 30.54it/s]
Diffusion steps...: 8it [00:00, 30.88it/s]
                                          
normal: 1526/2000 frame=1525

Diffusion steps...: 0it [00:00, ?it/s]
Diffusion steps...: 4it [00:00, 30.43it/s]
Diffusion steps...: 8it [00:00, 30.77it/s]
                                          
normal: 1527/2000 frame=1526

Diffusion steps...: 0it [00:00, ?it/s]
Diffusion steps...: 4it [00:00, 30.60it/s]
Diffusion steps...: 8it [00:00, 30.88it/s]
                                          
normal: 1528/2000 frame=1527

Diffusion steps...: 0it [00:00, ?it/s]
Diffusion steps...: 4it [00:00, 30.37it/s]
Diffusion steps...: 8it [00:00, 30.75it/s]
                                          
normal: 1529/2000 frame=1528

Diffusion steps...: 0it [00:00, ?it/s]
Diffusion steps...: 4it [00:00, 30.51it/s]
Diffusion steps...: 8it [00:00, 30.73it/s]
                                          
normal: 1530/2000 frame=1529

Diffusion steps...: 0it [00:00, ?it/s]
Diffusion steps...: 4it [00:00, 30.52it/s]
Diffusion steps...: 8it [00:00, 30.84it/s]
                                          
normal: 1531/2000 frame=1530

Diffusion steps...: 0it [00:00, ?it/s]
Diffusion steps...: 4it [00:00, 30.62it/s]
Diffusion steps...: 8it [00:00, 30.87it/s]
                                          
normal: 1532/2000 frame=1531

Diffusion steps...: 0it [00:00, ?it/s]
Diffusion steps...: 4it [00:00, 30.57it/s]
Diffusion steps...: 8it [00:00, 30.85it/s]
                                          
normal: 1533/2000 frame=1532

Diffusion steps...: 0it [00:00, ?it/s]
Diffusion steps...: 4it [00:00, 30.21it/s]
Diffusion steps...: 8it [00:00, 30.76it/s]
                                          
normal: 1534/2000 frame=1533

Diffusion steps...: 0it [00:00, ?it/s]
Diffusion steps...: 4it [00:00, 30.42it/s]
Diffusion steps...: 8it [00:00, 30.77it/s]
                                          
normal: 1535/2000 frame=1534

Diffusion steps...: 0it [00:00, ?it/s]
Diffusion steps...: 4it [00:00, 30.66it/s]
Diffusion steps...: 8it [00:00, 30.92it/s]
                                          
normal: 1536/2000 frame=1535

Diffusion steps...: 0it [00:00, ?it/s]
Diffusion steps...: 4it [00:00, 30.58it/s]
Diffusion steps...: 8it [00:00, 30.84it/s]
                                          
normal: 1537/2000 frame=1536

Diffusion steps...: 0it [00:00, ?it/s]
Diffusion steps...: 4it [00:00, 30.45it/s]
Diffusion steps...: 8it [00:00, 30.86it/s]
                                          
normal: 1538/2000 frame=1537

Diffusion steps...: 0it [00:00, ?it/s]
Diffusion steps...: 4it [00:00, 30.54it/s]
Diffusion steps...: 8it [00:00, 30.80it/s]
                                          
normal: 1539/2000 frame=1538

Diffusion steps...: 0it [00:00, ?it/s]
Diffusion steps...: 4it [00:00, 30.55it/s]
Diffusion steps...: 8it [00:00, 30.87it/s]
                                          
normal: 1540/2000 frame=1539

Diffusion steps...: 0it [00:00, ?it/s]
Diffusion steps...: 4it [00:00, 30.40it/s]
Diffusion steps...: 8it [00:00, 30.76it/s]
                                          
normal: 1541/2000 frame=1540

Diffusion steps...: 0it [00:00, ?it/s]
Diffusion steps...: 4it [00:00, 30.49it/s]
Diffusion steps...: 8it [00:00, 30.83it/s]
                                          
normal: 1542/2000 frame=1541

Diffusion steps...: 0it [00:00, ?it/s]
Diffusion steps...: 4it [00:00, 30.45it/s]
Diffusion steps...: 8it [00:00, 30.88it/s]
                                          
normal: 1543/2000 frame=1542

Diffusion steps...: 0it [00:00, ?it/s]
Diffusion steps...: 4it [00:00, 30.57it/s]
Diffusion steps...: 8it [00:00, 30.86it/s]
                                          
normal: 1544/2000 frame=1543

Diffusion steps...: 0it [00:00, ?it/s]
Diffusion steps...: 4it [00:00, 30.57it/s]
Diffusion steps...: 8it [00:00, 30.85it/s]
                                          
normal: 1545/2000 frame=1544

Diffusion steps...: 0it [00:00, ?it/s]
Diffusion steps...: 4it [00:00, 30.45it/s]
Diffusion steps...: 8it [00:00, 30.87it/s]
                                          
normal: 1546/2000 frame=1545

Diffusion steps...: 0it [00:00, ?it/s]
Diffusion steps...: 4it [00:00, 30.61it/s]
Diffusion steps...: 8it [00:00, 30.87it/s]
                                          
normal: 1547/2000 frame=1546

Diffusion steps...: 0it [00:00, ?it/s]
Diffusion steps...: 4it [00:00, 30.56it/s]
Diffusion steps...: 8it [00:00, 30.85it/s]
                                          
normal: 1548/2000 frame=1547

Diffusion steps...: 0it [00:00, ?it/s]
Diffusion steps...: 4it [00:00, 30.54it/s]
Diffusion steps...: 8it [00:00, 30.82it/s]
                                          
normal: 1549/2000 frame=1548

Diffusion steps...: 0it [00:00, ?it/s]
Diffusion steps...: 4it [00:00, 30.55it/s]
Diffusion steps...: 8it [00:00, 30.91it/s]
                                          
normal: 1550/2000 frame=1549

Diffusion steps...: 0it [00:00, ?it/s]
Diffusion steps...: 4it [00:00, 30.52it/s]
Diffusion steps...: 8it [00:00, 30.87it/s]
                                          
normal: 1551/2000 frame=1550

Diffusion steps...: 0it [00:00, ?it/s]
Diffusion steps...: 4it [00:00, 30.55it/s]
Diffusion steps...: 8it [00:00, 30.88it/s]
                                          
normal: 1552/2000 frame=1551

Diffusion steps...: 0it [00:00, ?it/s]
Diffusion steps...: 4it [00:00, 30.50it/s]
Diffusion steps...: 8it [00:00, 30.89it/s]
                                          
normal: 1553/2000 frame=1552

Diffusion steps...: 0it [00:00, ?it/s]
Diffusion steps...: 4it [00:00, 30.51it/s]
Diffusion steps...: 8it [00:00, 30.87it/s]
                                          
normal: 1554/2000 frame=1553

Diffusion steps...: 0it [00:00, ?it/s]
Diffusion steps...: 4it [00:00, 30.64it/s]
Diffusion steps...: 8it [00:00, 30.90it/s]
                                          
normal: 1555/2000 frame=1554

Diffusion steps...: 0it [00:00, ?it/s]
Diffusion steps...: 4it [00:00, 30.58it/s]
Diffusion steps...: 8it [00:00, 30.89it/s]
                                          
normal: 1556/2000 frame=1555

Diffusion steps...: 0it [00:00, ?it/s]
Diffusion steps...: 4it [00:00, 30.51it/s]
Diffusion steps...: 8it [00:00, 30.86it/s]
                                          
normal: 1557/2000 frame=1556

Diffusion steps...: 0it [00:00, ?it/s]
Diffusion steps...: 4it [00:00, 30.50it/s]
Diffusion steps...: 8it [00:00, 30.89it/s]
                                          
normal: 1558/2000 frame=1557

Diffusion steps...: 0it [00:00, ?it/s]
Diffusion steps...: 4it [00:00, 30.58it/s]
Diffusion steps...: 8it [00:00, 30.85it/s]
                                          
normal: 1559/2000 frame=1558

Diffusion steps...: 0it [00:00, ?it/s]
Diffusion steps...: 4it [00:00, 30.52it/s]
Diffusion steps...: 8it [00:00, 30.87it/s]
                                          
normal: 1560/2000 frame=1559

Diffusion steps...: 0it [00:00, ?it/s]
Diffusion steps...: 4it [00:00, 30.54it/s]
Diffusion steps...: 8it [00:00, 30.80it/s]
                                          
normal: 1561/2000 frame=1560

Diffusion steps...: 0it [00:00, ?it/s]
Diffusion steps...: 4it [00:00, 30.48it/s]
Diffusion steps...: 8it [00:00, 30.86it/s]
                                          
normal: 1562/2000 frame=1561

Diffusion steps...: 0it [00:00, ?it/s]
Diffusion steps...: 4it [00:00, 30.61it/s]
Diffusion steps...: 8it [00:00, 30.91it/s]
                                          
normal: 1563/2000 frame=1562

Diffusion steps...: 0it [00:00, ?it/s]
Diffusion steps...: 4it [00:00, 30.55it/s]
Diffusion steps...: 8it [00:00, 30.88it/s]
                                          
normal: 1564/2000 frame=1563

Diffusion steps...: 0it [00:00, ?it/s]
Diffusion steps...: 4it [00:00, 30.29it/s]
Diffusion steps...: 8it [00:00, 30.71it/s]
                                          
normal: 1565/2000 frame=1564

Diffusion steps...: 0it [00:00, ?it/s]
Diffusion steps...: 4it [00:00, 30.48it/s]
Diffusion steps...: 8it [00:00, 30.87it/s]
                                          
normal: 1566/2000 frame=1565

Diffusion steps...: 0it [00:00, ?it/s]
Diffusion steps...: 4it [00:00, 30.46it/s]
Diffusion steps...: 8it [00:00, 30.80it/s]
                                          
normal: 1567/2000 frame=1566

Diffusion steps...: 0it [00:00, ?it/s]
Diffusion steps...: 4it [00:00, 30.66it/s]
Diffusion steps...: 8it [00:00, 30.95it/s]
                                          
normal: 1568/2000 frame=1567

Diffusion steps...: 0it [00:00, ?it/s]
Diffusion steps...: 4it [00:00, 30.44it/s]
Diffusion steps...: 8it [00:00, 30.81it/s]
                                          
normal: 1569/2000 frame=1568

Diffusion steps...: 0it [00:00, ?it/s]
Diffusion steps...: 4it [00:00, 30.67it/s]
Diffusion steps...: 8it [00:00, 30.94it/s]
                                          
normal: 1570/2000 frame=1569

Diffusion steps...: 0it [00:00, ?it/s]
Diffusion steps...: 4it [00:00, 30.09it/s]
Diffusion steps...: 8it [00:00, 30.64it/s]
                                          
normal: 1571/2000 frame=1570

Diffusion steps...: 0it [00:00, ?it/s]
Diffusion steps...: 4it [00:00, 30.45it/s]
Diffusion steps...: 8it [00:00, 30.76it/s]
                                          
normal: 1572/2000 frame=1571

Diffusion steps...: 0it [00:00, ?it/s]
Diffusion steps...: 4it [00:00, 30.54it/s]
Diffusion steps...: 8it [00:00, 30.87it/s]
                                          
normal: 1573/2000 frame=1572

Diffusion steps...: 0it [00:00, ?it/s]
Diffusion steps...: 4it [00:00, 30.49it/s]
Diffusion steps...: 8it [00:00, 30.85it/s]
                                          
normal: 1574/2000 frame=1573

Diffusion steps...: 0it [00:00, ?it/s]
Diffusion steps...: 4it [00:00, 30.57it/s]
Diffusion steps...: 8it [00:00, 30.86it/s]
                                          
normal: 1575/2000 frame=1574

Diffusion steps...: 0it [00:00, ?it/s]
Diffusion steps...: 4it [00:00, 30.62it/s]
Diffusion steps...: 8it [00:00, 30.92it/s]
                                          
normal: 1576/2000 frame=1575

Diffusion steps...: 0it [00:00, ?it/s]
Diffusion steps...: 4it [00:00, 30.31it/s]
Diffusion steps...: 8it [00:00, 30.75it/s]
                                          
normal: 1577/2000 frame=1576

Diffusion steps...: 0it [00:00, ?it/s]
Diffusion steps...: 4it [00:00, 30.66it/s]
Diffusion steps...: 8it [00:00, 30.89it/s]
                                          
normal: 1578/2000 frame=1577

Diffusion steps...: 0it [00:00, ?it/s]
Diffusion steps...: 4it [00:00, 30.47it/s]
Diffusion steps...: 8it [00:00, 30.80it/s]
                                          
normal: 1579/2000 frame=1578

Diffusion steps...: 0it [00:00, ?it/s]
Diffusion steps...: 4it [00:00, 30.62it/s]
Diffusion steps...: 8it [00:00, 30.88it/s]
                                          
normal: 1580/2000 frame=1579

Diffusion steps...: 0it [00:00, ?it/s]
Diffusion steps...: 4it [00:00, 30.55it/s]
Diffusion steps...: 8it [00:00, 30.83it/s]
                                          
normal: 1581/2000 frame=1580

Diffusion steps...: 0it [00:00, ?it/s]
Diffusion steps...: 4it [00:00, 30.60it/s]
Diffusion steps...: 8it [00:00, 30.92it/s]
                                          
normal: 1582/2000 frame=1581

Diffusion steps...: 0it [00:00, ?it/s]
Diffusion steps...: 4it [00:00, 30.59it/s]
Diffusion steps...: 8it [00:00, 30.85it/s]
                                          
normal: 1583/2000 frame=1582

Diffusion steps...: 0it [00:00, ?it/s]
Diffusion steps...: 4it [00:00, 30.41it/s]
Diffusion steps...: 8it [00:00, 30.81it/s]
                                          
normal: 1584/2000 frame=1583

Diffusion steps...: 0it [00:00, ?it/s]
Diffusion steps...: 4it [00:00, 30.54it/s]
Diffusion steps...: 8it [00:00, 30.86it/s]
                                          
normal: 1585/2000 frame=1584

Diffusion steps...: 0it [00:00, ?it/s]
Diffusion steps...: 4it [00:00, 30.55it/s]
Diffusion steps...: 8it [00:00, 30.87it/s]
                                          
normal: 1586/2000 frame=1585

Diffusion steps...: 0it [00:00, ?it/s]
Diffusion steps...: 4it [00:00, 30.52it/s]
Diffusion steps...: 8it [00:00, 30.83it/s]
                                          
normal: 1587/2000 frame=1586

Diffusion steps...: 0it [00:00, ?it/s]
Diffusion steps...: 4it [00:00, 30.47it/s]
Diffusion steps...: 8it [00:00, 30.80it/s]
                                          
normal: 1588/2000 frame=1587

Diffusion steps...: 0it [00:00, ?it/s]
Diffusion steps...: 4it [00:00, 30.55it/s]
Diffusion steps...: 8it [00:00, 30.85it/s]
                                          
normal: 1589/2000 frame=1588

Diffusion steps...: 0it [00:00, ?it/s]
Diffusion steps...: 4it [00:00, 30.58it/s]
Diffusion steps...: 8it [00:00, 30.96it/s]
                                          
normal: 1590/2000 frame=1589

Diffusion steps...: 0it [00:00, ?it/s]
Diffusion steps...: 4it [00:00, 30.46it/s]
Diffusion steps...: 8it [00:00, 30.83it/s]
                                          
normal: 1591/2000 frame=1590

Diffusion steps...: 0it [00:00, ?it/s]
Diffusion steps...: 4it [00:00, 30.61it/s]
Diffusion steps...: 8it [00:00, 30.90it/s]
                                          
normal: 1592/2000 frame=1591

Diffusion steps...: 0it [00:00, ?it/s]
Diffusion steps...: 4it [00:00, 30.43it/s]
Diffusion steps...: 8it [00:00, 30.80it/s]
                                          
normal: 1593/2000 frame=1592

Diffusion steps...: 0it [00:00, ?it/s]
Diffusion steps...: 4it [00:00, 30.60it/s]
Diffusion steps...: 8it [00:00, 30.90it/s]
                                          
normal: 1594/2000 frame=1593

Diffusion steps...: 0it [00:00, ?it/s]
Diffusion steps...: 4it [00:00, 30.47it/s]
Diffusion steps...: 8it [00:00, 30.83it/s]
                                          
normal: 1595/2000 frame=1594

Diffusion steps...: 0it [00:00, ?it/s]
Diffusion steps...: 4it [00:00, 30.46it/s]
Diffusion steps...: 8it [00:00, 30.84it/s]
                                          
normal: 1596/2000 frame=1595

Diffusion steps...: 0it [00:00, ?it/s]
Diffusion steps...: 4it [00:00, 30.53it/s]
Diffusion steps...: 8it [00:00, 30.85it/s]
                                          
normal: 1597/2000 frame=1596

Diffusion steps...: 0it [00:00, ?it/s]
Diffusion steps...: 4it [00:00, 30.51it/s]
Diffusion steps...: 8it [00:00, 30.86it/s]
                                          
normal: 1598/2000 frame=1597

Diffusion steps...: 0it [00:00, ?it/s]
Diffusion steps...: 4it [00:00, 30.67it/s]
Diffusion steps...: 8it [00:00, 30.91it/s]
                                          
normal: 1599/2000 frame=1598

Diffusion steps...: 0it [00:00, ?it/s]
Diffusion steps...: 4it [00:00, 30.55it/s]
Diffusion steps...: 8it [00:00, 30.88it/s]
                                          
normal: 1600/2000 frame=1599

Diffusion steps...: 0it [00:00, ?it/s]
Diffusion steps...: 4it [00:00, 30.29it/s]
Diffusion steps...: 8it [00:00, 30.73it/s]
                                          
normal: 1601/2000 frame=1600

Diffusion steps...: 0it [00:00, ?it/s]
Diffusion steps...: 4it [00:00, 30.61it/s]
Diffusion steps...: 8it [00:00, 30.92it/s]
                                          
normal: 1602/2000 frame=1601

Diffusion steps...: 0it [00:00, ?it/s]
Diffusion steps...: 4it [00:00, 30.55it/s]
Diffusion steps...: 8it [00:00, 30.83it/s]
                                          
normal: 1603/2000 frame=1602

Diffusion steps...: 0it [00:00, ?it/s]
Diffusion steps...: 4it [00:00, 30.58it/s]
Diffusion steps...: 8it [00:00, 30.88it/s]
                                          
normal: 1604/2000 frame=1603

Diffusion steps...: 0it [00:00, ?it/s]
Diffusion steps...: 4it [00:00, 30.53it/s]
Diffusion steps...: 8it [00:00, 30.84it/s]
                                          
normal: 1605/2000 frame=1604

Diffusion steps...: 0it [00:00, ?it/s]
Diffusion steps...: 4it [00:00, 30.49it/s]
Diffusion steps...: 8it [00:00, 30.86it/s]
                                          
normal: 1606/2000 frame=1605

Diffusion steps...: 0it [00:00, ?it/s]
Diffusion steps...: 4it [00:00, 30.54it/s]
Diffusion steps...: 8it [00:00, 30.87it/s]
                                          
normal: 1607/2000 frame=1606

Diffusion steps...: 0it [00:00, ?it/s]
Diffusion steps...: 4it [00:00, 30.55it/s]
Diffusion steps...: 8it [00:00, 30.88it/s]
                                          
normal: 1608/2000 frame=1607

Diffusion steps...: 0it [00:00, ?it/s]
Diffusion steps...: 4it [00:00, 30.52it/s]
Diffusion steps...: 8it [00:00, 30.84it/s]
                                          
normal: 1609/2000 frame=1608

Diffusion steps...: 0it [00:00, ?it/s]
Diffusion steps...: 4it [00:00, 30.51it/s]
Diffusion steps...: 8it [00:00, 30.87it/s]
                                          
normal: 1610/2000 frame=1609

Diffusion steps...: 0it [00:00, ?it/s]
Diffusion steps...: 4it [00:00, 30.58it/s]
Diffusion steps...: 8it [00:00, 30.87it/s]
                                          
normal: 1611/2000 frame=1610

Diffusion steps...: 0it [00:00, ?it/s]
Diffusion steps...: 4it [00:00, 30.68it/s]
Diffusion steps...: 8it [00:00, 30.96it/s]
                                          
normal: 1612/2000 frame=1611

Diffusion steps...: 0it [00:00, ?it/s]
Diffusion steps...: 4it [00:00, 30.31it/s]
Diffusion steps...: 8it [00:00, 30.71it/s]
                                          
normal: 1613/2000 frame=1612

Diffusion steps...: 0it [00:00, ?it/s]
Diffusion steps...: 4it [00:00, 30.59it/s]
Diffusion steps...: 8it [00:00, 30.93it/s]
                                          
normal: 1614/2000 frame=1613

Diffusion steps...: 0it [00:00, ?it/s]
Diffusion steps...: 4it [00:00, 30.48it/s]
Diffusion steps...: 8it [00:00, 30.83it/s]
                                          
normal: 1615/2000 frame=1614

Diffusion steps...: 0it [00:00, ?it/s]
Diffusion steps...: 4it [00:00, 30.60it/s]
Diffusion steps...: 8it [00:00, 30.89it/s]
                                          
normal: 1616/2000 frame=1615

Diffusion steps...: 0it [00:00, ?it/s]
Diffusion steps...: 4it [00:00, 30.52it/s]
Diffusion steps...: 8it [00:00, 30.85it/s]
                                          
normal: 1617/2000 frame=1616

Diffusion steps...: 0it [00:00, ?it/s]
Diffusion steps...: 4it [00:00, 30.50it/s]
Diffusion steps...: 8it [00:00, 30.88it/s]
                                          
normal: 1618/2000 frame=1617

Diffusion steps...: 0it [00:00, ?it/s]
Diffusion steps...: 4it [00:00, 30.70it/s]
Diffusion steps...: 8it [00:00, 30.90it/s]
                                          
normal: 1619/2000 frame=1618

Diffusion steps...: 0it [00:00, ?it/s]
Diffusion steps...: 4it [00:00, 30.62it/s]
Diffusion steps...: 8it [00:00, 30.89it/s]
                                          
normal: 1620/2000 frame=1619

Diffusion steps...: 0it [00:00, ?it/s]
Diffusion steps...: 4it [00:00, 30.47it/s]
Diffusion steps...: 8it [00:00, 30.84it/s]
                                          
normal: 1621/2000 frame=1620

Diffusion steps...: 0it [00:00, ?it/s]
Diffusion steps...: 4it [00:00, 30.54it/s]
Diffusion steps...: 8it [00:00, 30.83it/s]
                                          
normal: 1622/2000 frame=1621

Diffusion steps...: 0it [00:00, ?it/s]
Diffusion steps...: 3it [00:00, 29.83it/s]
Diffusion steps...: 7it [00:00, 30.65it/s]
                                          
normal: 1623/2000 frame=1622

Diffusion steps...: 0it [00:00, ?it/s]
Diffusion steps...: 4it [00:00, 30.34it/s]
Diffusion steps...: 8it [00:00, 30.72it/s]
                                          
normal: 1624/2000 frame=1623

Diffusion steps...: 0it [00:00, ?it/s]
Diffusion steps...: 3it [00:00, 29.65it/s]
Diffusion steps...: 7it [00:00, 30.47it/s]
                                          
normal: 1625/2000 frame=1624

Diffusion steps...: 0it [00:00, ?it/s]
Diffusion steps...: 4it [00:00, 30.34it/s]
Diffusion steps...: 8it [00:00, 30.77it/s]
                                          
normal: 1626/2000 frame=1625

Diffusion steps...: 0it [00:00, ?it/s]
Diffusion steps...: 4it [00:00, 30.43it/s]
Diffusion steps...: 8it [00:00, 30.79it/s]
                                          
normal: 1627/2000 frame=1626

Diffusion steps...: 0it [00:00, ?it/s]
Diffusion steps...: 4it [00:00, 30.62it/s]
Diffusion steps...: 8it [00:00, 30.91it/s]
                                          
normal: 1628/2000 frame=1627

Diffusion steps...: 0it [00:00, ?it/s]
Diffusion steps...: 4it [00:00, 30.56it/s]
Diffusion steps...: 8it [00:00, 30.85it/s]
                                          
normal: 1629/2000 frame=1628

Diffusion steps...: 0it [00:00, ?it/s]
Diffusion steps...: 4it [00:00, 30.57it/s]
Diffusion steps...: 8it [00:00, 30.88it/s]
                                          
normal: 1630/2000 frame=1629

Diffusion steps...: 0it [00:00, ?it/s]
Diffusion steps...: 4it [00:00, 30.47it/s]
Diffusion steps...: 8it [00:00, 30.82it/s]
                                          
normal: 1631/2000 frame=1630

Diffusion steps...: 0it [00:00, ?it/s]
Diffusion steps...: 4it [00:00, 30.58it/s]
Diffusion steps...: 8it [00:00, 30.92it/s]
                                          
normal: 1632/2000 frame=1631

Diffusion steps...: 0it [00:00, ?it/s]
Diffusion steps...: 4it [00:00, 30.54it/s]
Diffusion steps...: 8it [00:00, 30.84it/s]
                                          
normal: 1633/2000 frame=1632

Diffusion steps...: 0it [00:00, ?it/s]
Diffusion steps...: 4it [00:00, 30.53it/s]
Diffusion steps...: 8it [00:00, 30.88it/s]
                                          
normal: 1634/2000 frame=1633

Diffusion steps...: 0it [00:00, ?it/s]
Diffusion steps...: 4it [00:00, 30.46it/s]
Diffusion steps...: 8it [00:00, 30.84it/s]
                                          
normal: 1635/2000 frame=1634

Diffusion steps...: 0it [00:00, ?it/s]
Diffusion steps...: 4it [00:00, 30.52it/s]
Diffusion steps...: 8it [00:00, 30.83it/s]
                                          
normal: 1636/2000 frame=1635

Diffusion steps...: 0it [00:00, ?it/s]
Diffusion steps...: 4it [00:00, 30.46it/s]
Diffusion steps...: 8it [00:00, 30.82it/s]
                                          
normal: 1637/2000 frame=1636

Diffusion steps...: 0it [00:00, ?it/s]
Diffusion steps...: 4it [00:00, 30.56it/s]
Diffusion steps...: 8it [00:00, 30.92it/s]
                                          
normal: 1638/2000 frame=1637

Diffusion steps...: 0it [00:00, ?it/s]
Diffusion steps...: 4it [00:00, 30.48it/s]
Diffusion steps...: 8it [00:00, 30.87it/s]
                                          
normal: 1639/2000 frame=1638

Diffusion steps...: 0it [00:00, ?it/s]
Diffusion steps...: 4it [00:00, 30.51it/s]
Diffusion steps...: 8it [00:00, 30.86it/s]
                                          
normal: 1640/2000 frame=1639

Diffusion steps...: 0it [00:00, ?it/s]
Diffusion steps...: 4it [00:00, 30.56it/s]
Diffusion steps...: 8it [00:00, 30.84it/s]
                                          
normal: 1641/2000 frame=1640

Diffusion steps...: 0it [00:00, ?it/s]
Diffusion steps...: 4it [00:00, 30.55it/s]
Diffusion steps...: 8it [00:00, 30.85it/s]
                                          
normal: 1642/2000 frame=1641

Diffusion steps...: 0it [00:00, ?it/s]
Diffusion steps...: 4it [00:00, 30.46it/s]
Diffusion steps...: 8it [00:00, 30.80it/s]
                                          
normal: 1643/2000 frame=1642

Diffusion steps...: 0it [00:00, ?it/s]
Diffusion steps...: 4it [00:00, 30.52it/s]
Diffusion steps...: 8it [00:00, 30.84it/s]
                                          
normal: 1644/2000 frame=1643

Diffusion steps...: 0it [00:00, ?it/s]
Diffusion steps...: 4it [00:00, 30.39it/s]
Diffusion steps...: 8it [00:00, 30.59it/s]
                                          
normal: 1645/2000 frame=1644

Diffusion steps...: 0it [00:00, ?it/s]
Diffusion steps...: 4it [00:00, 30.36it/s]
Diffusion steps...: 8it [00:00, 30.52it/s]
                                          
normal: 1646/2000 frame=1645

Diffusion steps...: 0it [00:00, ?it/s]
Diffusion steps...: 4it [00:00, 30.49it/s]
Diffusion steps...: 8it [00:00, 30.79it/s]
                                          
normal: 1647/2000 frame=1646

Diffusion steps...: 0it [00:00, ?it/s]
Diffusion steps...: 4it [00:00, 30.52it/s]
Diffusion steps...: 8it [00:00, 30.87it/s]
                                          
normal: 1648/2000 frame=1647

Diffusion steps...: 0it [00:00, ?it/s]
Diffusion steps...: 4it [00:00, 30.52it/s]
Diffusion steps...: 8it [00:00, 30.81it/s]
                                          
normal: 1649/2000 frame=1648

Diffusion steps...: 0it [00:00, ?it/s]
Diffusion steps...: 4it [00:00, 30.53it/s]
Diffusion steps...: 8it [00:00, 30.85it/s]
                                          
normal: 1650/2000 frame=1649

Diffusion steps...: 0it [00:00, ?it/s]
Diffusion steps...: 4it [00:00, 30.53it/s]
Diffusion steps...: 8it [00:00, 30.80it/s]
                                          
normal: 1651/2000 frame=1650

Diffusion steps...: 0it [00:00, ?it/s]
Diffusion steps...: 4it [00:00, 30.46it/s]
Diffusion steps...: 8it [00:00, 30.84it/s]
                                          
normal: 1652/2000 frame=1651

Diffusion steps...: 0it [00:00, ?it/s]
Diffusion steps...: 4it [00:00, 30.37it/s]
Diffusion steps...: 8it [00:00, 30.77it/s]
                                          
normal: 1653/2000 frame=1652

Diffusion steps...: 0it [00:00, ?it/s]
Diffusion steps...: 4it [00:00, 30.63it/s]
Diffusion steps...: 8it [00:00, 30.93it/s]
                                          
normal: 1654/2000 frame=1653

Diffusion steps...: 0it [00:00, ?it/s]
Diffusion steps...: 4it [00:00, 30.51it/s]
Diffusion steps...: 8it [00:00, 30.83it/s]
                                          
normal: 1655/2000 frame=1654

Diffusion steps...: 0it [00:00, ?it/s]
Diffusion steps...: 4it [00:00, 30.54it/s]
Diffusion steps...: 8it [00:00, 30.86it/s]
                                          
normal: 1656/2000 frame=1655

Diffusion steps...: 0it [00:00, ?it/s]
Diffusion steps...: 4it [00:00, 30.57it/s]
Diffusion steps...: 8it [00:00, 30.87it/s]
                                          
normal: 1657/2000 frame=1656

Diffusion steps...: 0it [00:00, ?it/s]
Diffusion steps...: 4it [00:00, 30.40it/s]
Diffusion steps...: 8it [00:00, 30.78it/s]
                                          
normal: 1658/2000 frame=1657

Diffusion steps...: 0it [00:00, ?it/s]
Diffusion steps...: 4it [00:00, 30.39it/s]
Diffusion steps...: 8it [00:00, 30.74it/s]
                                          
normal: 1659/2000 frame=1658

Diffusion steps...: 0it [00:00, ?it/s]
Diffusion steps...: 4it [00:00, 30.61it/s]
Diffusion steps...: 8it [00:00, 30.86it/s]
                                          
normal: 1660/2000 frame=1659

Diffusion steps...: 0it [00:00, ?it/s]
Diffusion steps...: 4it [00:00, 30.23it/s]
Diffusion steps...: 8it [00:00, 30.49it/s]
                                          
normal: 1661/2000 frame=1660

Diffusion steps...: 0it [00:00, ?it/s]
Diffusion steps...: 4it [00:00, 30.50it/s]
Diffusion steps...: 8it [00:00, 30.87it/s]
                                          
normal: 1662/2000 frame=1661

Diffusion steps...: 0it [00:00, ?it/s]
Diffusion steps...: 4it [00:00, 30.35it/s]
Diffusion steps...: 8it [00:00, 30.73it/s]
                                          
normal: 1663/2000 frame=1662

Diffusion steps...: 0it [00:00, ?it/s]
Diffusion steps...: 4it [00:00, 30.62it/s]
Diffusion steps...: 8it [00:00, 30.93it/s]
                                          
normal: 1664/2000 frame=1663

Diffusion steps...: 0it [00:00, ?it/s]
Diffusion steps...: 4it [00:00, 30.42it/s]
Diffusion steps...: 8it [00:00, 30.76it/s]
                                          
normal: 1665/2000 frame=1664

Diffusion steps...: 0it [00:00, ?it/s]
Diffusion steps...: 4it [00:00, 30.48it/s]
Diffusion steps...: 8it [00:00, 30.83it/s]
                                          
normal: 1666/2000 frame=1665

Diffusion steps...: 0it [00:00, ?it/s]
Diffusion steps...: 4it [00:00, 30.58it/s]
Diffusion steps...: 8it [00:00, 30.82it/s]
                                          
normal: 1667/2000 frame=1666

Diffusion steps...: 0it [00:00, ?it/s]
Diffusion steps...: 4it [00:00, 30.57it/s]
Diffusion steps...: 8it [00:00, 30.87it/s]
                                          
normal: 1668/2000 frame=1667

Diffusion steps...: 0it [00:00, ?it/s]
Diffusion steps...: 4it [00:00, 30.51it/s]
Diffusion steps...: 8it [00:00, 30.76it/s]
                                          
normal: 1669/2000 frame=1668

Diffusion steps...: 0it [00:00, ?it/s]
Diffusion steps...: 4it [00:00, 30.52it/s]
Diffusion steps...: 8it [00:00, 30.87it/s]
                                          
normal: 1670/2000 frame=1669

Diffusion steps...: 0it [00:00, ?it/s]
Diffusion steps...: 4it [00:00, 30.51it/s]
Diffusion steps...: 8it [00:00, 30.78it/s]
                                          
normal: 1671/2000 frame=1670

Diffusion steps...: 0it [00:00, ?it/s]
Diffusion steps...: 4it [00:00, 30.52it/s]
Diffusion steps...: 8it [00:00, 30.86it/s]
                                          
normal: 1672/2000 frame=1671

Diffusion steps...: 0it [00:00, ?it/s]
Diffusion steps...: 4it [00:00, 30.45it/s]
Diffusion steps...: 8it [00:00, 30.81it/s]
                                          
normal: 1673/2000 frame=1672

Diffusion steps...: 0it [00:00, ?it/s]
Diffusion steps...: 4it [00:00, 30.62it/s]
Diffusion steps...: 8it [00:00, 30.88it/s]
                                          
normal: 1674/2000 frame=1673

Diffusion steps...: 0it [00:00, ?it/s]
Diffusion steps...: 4it [00:00, 30.33it/s]
Diffusion steps...: 8it [00:00, 30.75it/s]
                                          
normal: 1675/2000 frame=1674

Diffusion steps...: 0it [00:00, ?it/s]
Diffusion steps...: 4it [00:00, 30.64it/s]
Diffusion steps...: 8it [00:00, 30.90it/s]
                                          
normal: 1676/2000 frame=1675

Diffusion steps...: 0it [00:00, ?it/s]
Diffusion steps...: 4it [00:00, 30.50it/s]
Diffusion steps...: 8it [00:00, 30.79it/s]
                                          
normal: 1677/2000 frame=1676

Diffusion steps...: 0it [00:00, ?it/s]
Diffusion steps...: 4it [00:00, 30.53it/s]
Diffusion steps...: 8it [00:00, 30.87it/s]
                                          
normal: 1678/2000 frame=1677

Diffusion steps...: 0it [00:00, ?it/s]
Diffusion steps...: 4it [00:00, 30.44it/s]
Diffusion steps...: 8it [00:00, 30.79it/s]
                                          
normal: 1679/2000 frame=1678

Diffusion steps...: 0it [00:00, ?it/s]
Diffusion steps...: 4it [00:00, 30.60it/s]
Diffusion steps...: 8it [00:00, 30.92it/s]
                                          
normal: 1680/2000 frame=1679

Diffusion steps...: 0it [00:00, ?it/s]
Diffusion steps...: 4it [00:00, 30.36it/s]
Diffusion steps...: 8it [00:00, 30.66it/s]
                                          
normal: 1681/2000 frame=1680

Diffusion steps...: 0it [00:00, ?it/s]
Diffusion steps...: 4it [00:00, 30.53it/s]
Diffusion steps...: 8it [00:00, 30.87it/s]
                                          
normal: 1682/2000 frame=1681

Diffusion steps...: 0it [00:00, ?it/s]
Diffusion steps...: 4it [00:00, 30.46it/s]
Diffusion steps...: 8it [00:00, 30.82it/s]
                                          
normal: 1683/2000 frame=1682

Diffusion steps...: 0it [00:00, ?it/s]
Diffusion steps...: 4it [00:00, 30.52it/s]
Diffusion steps...: 8it [00:00, 30.87it/s]
                                          
normal: 1684/2000 frame=1683

Diffusion steps...: 0it [00:00, ?it/s]
Diffusion steps...: 4it [00:00, 30.35it/s]
Diffusion steps...: 8it [00:00, 30.75it/s]
                                          
normal: 1685/2000 frame=1684

Diffusion steps...: 0it [00:00, ?it/s]
Diffusion steps...: 4it [00:00, 30.47it/s]
Diffusion steps...: 8it [00:00, 30.83it/s]
                                          
normal: 1686/2000 frame=1685

Diffusion steps...: 0it [00:00, ?it/s]
Diffusion steps...: 4it [00:00, 30.44it/s]
Diffusion steps...: 8it [00:00, 30.77it/s]
                                          
normal: 1687/2000 frame=1686

Diffusion steps...: 0it [00:00, ?it/s]
Diffusion steps...: 4it [00:00, 30.60it/s]
Diffusion steps...: 8it [00:00, 30.89it/s]
                                          
normal: 1688/2000 frame=1687

Diffusion steps...: 0it [00:00, ?it/s]
Diffusion steps...: 4it [00:00, 30.56it/s]
Diffusion steps...: 8it [00:00, 30.80it/s]
                                          
normal: 1689/2000 frame=1688

Diffusion steps...: 0it [00:00, ?it/s]
Diffusion steps...: 4it [00:00, 30.56it/s]
Diffusion steps...: 8it [00:00, 30.90it/s]
                                          
normal: 1690/2000 frame=1689

Diffusion steps...: 0it [00:00, ?it/s]
Diffusion steps...: 4it [00:00, 30.41it/s]
Diffusion steps...: 8it [00:00, 30.77it/s]
                                          
normal: 1691/2000 frame=1690

Diffusion steps...: 0it [00:00, ?it/s]
Diffusion steps...: 4it [00:00, 30.61it/s]
Diffusion steps...: 8it [00:00, 30.92it/s]
                                          
normal: 1692/2000 frame=1691

Diffusion steps...: 0it [00:00, ?it/s]
Diffusion steps...: 4it [00:00, 30.58it/s]
Diffusion steps...: 8it [00:00, 30.84it/s]
                                          
normal: 1693/2000 frame=1692

Diffusion steps...: 0it [00:00, ?it/s]
Diffusion steps...: 4it [00:00, 30.42it/s]
Diffusion steps...: 8it [00:00, 30.81it/s]
                                          
normal: 1694/2000 frame=1693

Diffusion steps...: 0it [00:00, ?it/s]
Diffusion steps...: 4it [00:00, 30.40it/s]
Diffusion steps...: 8it [00:00, 30.80it/s]
                                          
normal: 1695/2000 frame=1694

Diffusion steps...: 0it [00:00, ?it/s]
Diffusion steps...: 4it [00:00, 30.47it/s]
Diffusion steps...: 8it [00:00, 30.88it/s]
                                          
normal: 1696/2000 frame=1695

Diffusion steps...: 0it [00:00, ?it/s]
Diffusion steps...: 4it [00:00, 30.52it/s]
Diffusion steps...: 8it [00:00, 30.74it/s]
                                          
normal: 1697/2000 frame=1696

Diffusion steps...: 0it [00:00, ?it/s]
Diffusion steps...: 4it [00:00, 30.59it/s]
Diffusion steps...: 8it [00:00, 30.84it/s]
                                          
normal: 1698/2000 frame=1697

Diffusion steps...: 0it [00:00, ?it/s]
Diffusion steps...: 4it [00:00, 30.47it/s]
Diffusion steps...: 8it [00:00, 30.84it/s]
                                          
normal: 1699/2000 frame=1698

Diffusion steps...: 0it [00:00, ?it/s]
Diffusion steps...: 4it [00:00, 30.59it/s]
Diffusion steps...: 8it [00:00, 30.91it/s]
                                          
normal: 1700/2000 frame=1699

Diffusion steps...: 0it [00:00, ?it/s]
Diffusion steps...: 4it [00:00, 30.47it/s]
Diffusion steps...: 8it [00:00, 30.82it/s]
                                          
normal: 1701/2000 frame=1700

Diffusion steps...: 0it [00:00, ?it/s]
Diffusion steps...: 4it [00:00, 30.46it/s]
Diffusion steps...: 8it [00:00, 30.81it/s]
                                          
normal: 1702/2000 frame=1701

Diffusion steps...: 0it [00:00, ?it/s]
Diffusion steps...: 4it [00:00, 30.52it/s]
Diffusion steps...: 8it [00:00, 30.86it/s]
                                          
normal: 1703/2000 frame=1702

Diffusion steps...: 0it [00:00, ?it/s]
Diffusion steps...: 4it [00:00, 30.52it/s]
Diffusion steps...: 8it [00:00, 30.90it/s]
                                          
normal: 1704/2000 frame=1703

Diffusion steps...: 0it [00:00, ?it/s]
Diffusion steps...: 4it [00:00, 30.48it/s]
Diffusion steps...: 8it [00:00, 30.84it/s]
                                          
normal: 1705/2000 frame=1704

Diffusion steps...: 0it [00:00, ?it/s]
Diffusion steps...: 4it [00:00, 30.55it/s]
Diffusion steps...: 8it [00:00, 30.85it/s]
                                          
normal: 1706/2000 frame=1705

Diffusion steps...: 0it [00:00, ?it/s]
Diffusion steps...: 4it [00:00, 30.47it/s]
Diffusion steps...: 8it [00:00, 30.82it/s]
                                          
normal: 1707/2000 frame=1706

Diffusion steps...: 0it [00:00, ?it/s]
Diffusion steps...: 4it [00:00, 30.54it/s]
Diffusion steps...: 8it [00:00, 30.90it/s]
                                          
normal: 1708/2000 frame=1707

Diffusion steps...: 0it [00:00, ?it/s]
Diffusion steps...: 4it [00:00, 30.45it/s]
Diffusion steps...: 8it [00:00, 30.76it/s]
                                          
normal: 1709/2000 frame=1708

Diffusion steps...: 0it [00:00, ?it/s]
Diffusion steps...: 4it [00:00, 30.48it/s]
Diffusion steps...: 8it [00:00, 30.87it/s]
                                          
normal: 1710/2000 frame=1709

Diffusion steps...: 0it [00:00, ?it/s]
Diffusion steps...: 4it [00:00, 30.57it/s]
Diffusion steps...: 8it [00:00, 30.85it/s]
                                          
normal: 1711/2000 frame=1710

Diffusion steps...: 0it [00:00, ?it/s]
Diffusion steps...: 4it [00:00, 30.43it/s]
Diffusion steps...: 8it [00:00, 30.86it/s]
                                          
normal: 1712/2000 frame=1711

Diffusion steps...: 0it [00:00, ?it/s]
Diffusion steps...: 4it [00:00, 30.60it/s]
Diffusion steps...: 8it [00:00, 30.87it/s]
                                          
normal: 1713/2000 frame=1712

Diffusion steps...: 0it [00:00, ?it/s]
Diffusion steps...: 3it [00:00, 29.88it/s]
Diffusion steps...: 7it [00:00, 30.56it/s]
                                          
normal: 1714/2000 frame=1713

Diffusion steps...: 0it [00:00, ?it/s]
Diffusion steps...: 4it [00:00, 30.23it/s]
Diffusion steps...: 8it [00:00, 30.74it/s]
                                          
normal: 1715/2000 frame=1714

Diffusion steps...: 0it [00:00, ?it/s]
Diffusion steps...: 4it [00:00, 30.67it/s]
Diffusion steps...: 8it [00:00, 30.92it/s]
                                          
normal: 1716/2000 frame=1715

Diffusion steps...: 0it [00:00, ?it/s]
Diffusion steps...: 4it [00:00, 30.53it/s]
Diffusion steps...: 8it [00:00, 30.88it/s]
                                          
normal: 1717/2000 frame=1716

Diffusion steps...: 0it [00:00, ?it/s]
Diffusion steps...: 4it [00:00, 30.57it/s]
Diffusion steps...: 8it [00:00, 30.89it/s]
                                          
normal: 1718/2000 frame=1717

Diffusion steps...: 0it [00:00, ?it/s]
Diffusion steps...: 4it [00:00, 30.49it/s]
Diffusion steps...: 8it [00:00, 30.71it/s]
                                          
normal: 1719/2000 frame=1718

Diffusion steps...: 0it [00:00, ?it/s]
Diffusion steps...: 4it [00:00, 30.56it/s]
Diffusion steps...: 8it [00:00, 30.85it/s]
                                          
normal: 1720/2000 frame=1719

Diffusion steps...: 0it [00:00, ?it/s]
Diffusion steps...: 4it [00:00, 30.53it/s]
Diffusion steps...: 8it [00:00, 30.80it/s]
                                          
normal: 1721/2000 frame=1720

Diffusion steps...: 0it [00:00, ?it/s]
Diffusion steps...: 4it [00:00, 30.57it/s]
Diffusion steps...: 8it [00:00, 30.91it/s]
                                          
normal: 1722/2000 frame=1721

Diffusion steps...: 0it [00:00, ?it/s]
Diffusion steps...: 4it [00:00, 30.55it/s]
Diffusion steps...: 8it [00:00, 30.89it/s]
                                          
normal: 1723/2000 frame=1722

Diffusion steps...: 0it [00:00, ?it/s]
Diffusion steps...: 4it [00:00, 30.47it/s]
Diffusion steps...: 8it [00:00, 30.87it/s]
                                          
normal: 1724/2000 frame=1723

Diffusion steps...: 0it [00:00, ?it/s]
Diffusion steps...: 4it [00:00, 30.41it/s]
Diffusion steps...: 8it [00:00, 30.82it/s]
                                          
normal: 1725/2000 frame=1724

Diffusion steps...: 0it [00:00, ?it/s]
Diffusion steps...: 4it [00:00, 30.60it/s]
Diffusion steps...: 8it [00:00, 30.93it/s]
                                          
normal: 1726/2000 frame=1725

Diffusion steps...: 0it [00:00, ?it/s]
Diffusion steps...: 4it [00:00, 30.61it/s]
Diffusion steps...: 8it [00:00, 30.83it/s]
                                          
normal: 1727/2000 frame=1726

Diffusion steps...: 0it [00:00, ?it/s]
Diffusion steps...: 4it [00:00, 30.31it/s]
Diffusion steps...: 8it [00:00, 30.54it/s]
                                          
normal: 1728/2000 frame=1727

Diffusion steps...: 0it [00:00, ?it/s]
Diffusion steps...: 4it [00:00, 30.45it/s]
Diffusion steps...: 8it [00:00, 30.83it/s]
                                          
normal: 1729/2000 frame=1728

Diffusion steps...: 0it [00:00, ?it/s]
Diffusion steps...: 4it [00:00, 30.67it/s]
Diffusion steps...: 8it [00:00, 30.94it/s]
                                          
normal: 1730/2000 frame=1729

Diffusion steps...: 0it [00:00, ?it/s]
Diffusion steps...: 4it [00:00, 30.48it/s]
Diffusion steps...: 8it [00:00, 30.85it/s]
                                          
normal: 1731/2000 frame=1730

Diffusion steps...: 0it [00:00, ?it/s]
Diffusion steps...: 4it [00:00, 30.66it/s]
Diffusion steps...: 8it [00:00, 30.95it/s]
                                          
normal: 1732/2000 frame=1731

Diffusion steps...: 0it [00:00, ?it/s]
Diffusion steps...: 4it [00:00, 30.53it/s]
Diffusion steps...: 8it [00:00, 30.85it/s]
                                          
normal: 1733/2000 frame=1732

Diffusion steps...: 0it [00:00, ?it/s]
Diffusion steps...: 4it [00:00, 30.68it/s]
Diffusion steps...: 8it [00:00, 30.92it/s]
                                          
normal: 1734/2000 frame=1733

Diffusion steps...: 0it [00:00, ?it/s]
Diffusion steps...: 4it [00:00, 30.59it/s]
Diffusion steps...: 8it [00:00, 30.91it/s]
                                          
normal: 1735/2000 frame=1734

Diffusion steps...: 0it [00:00, ?it/s]
Diffusion steps...: 4it [00:00, 30.40it/s]
Diffusion steps...: 8it [00:00, 30.77it/s]
                                          
normal: 1736/2000 frame=1735

Diffusion steps...: 0it [00:00, ?it/s]
Diffusion steps...: 4it [00:00, 30.52it/s]
Diffusion steps...: 8it [00:00, 30.84it/s]
                                          
normal: 1737/2000 frame=1736

Diffusion steps...: 0it [00:00, ?it/s]
Diffusion steps...: 4it [00:00, 30.55it/s]
Diffusion steps...: 8it [00:00, 30.91it/s]
                                          
normal: 1738/2000 frame=1737

Diffusion steps...: 0it [00:00, ?it/s]
Diffusion steps...: 4it [00:00, 30.55it/s]
Diffusion steps...: 8it [00:00, 30.86it/s]
                                          
normal: 1739/2000 frame=1738

Diffusion steps...: 0it [00:00, ?it/s]
Diffusion steps...: 4it [00:00, 30.59it/s]
Diffusion steps...: 8it [00:00, 30.91it/s]
                                          
normal: 1740/2000 frame=1739

Diffusion steps...: 0it [00:00, ?it/s]
Diffusion steps...: 3it [00:00, 29.87it/s]
Diffusion steps...: 7it [00:00, 30.60it/s]
                                          
normal: 1741/2000 frame=1740

Diffusion steps...: 0it [00:00, ?it/s]
Diffusion steps...: 3it [00:00, 29.61it/s]
Diffusion steps...: 7it [00:00, 30.49it/s]
                                          
normal: 1742/2000 frame=1741

Diffusion steps...: 0it [00:00, ?it/s]
Diffusion steps...: 4it [00:00, 30.51it/s]
Diffusion steps...: 8it [00:00, 30.82it/s]
                                          
normal: 1743/2000 frame=1742

Diffusion steps...: 0it [00:00, ?it/s]
Diffusion steps...: 4it [00:00, 30.59it/s]
Diffusion steps...: 8it [00:00, 30.90it/s]
                                          
normal: 1744/2000 frame=1743

Diffusion steps...: 0it [00:00, ?it/s]
Diffusion steps...: 4it [00:00, 30.44it/s]
Diffusion steps...: 8it [00:00, 30.79it/s]
                                          
normal: 1745/2000 frame=1744

Diffusion steps...: 0it [00:00, ?it/s]
Diffusion steps...: 4it [00:00, 30.50it/s]
Diffusion steps...: 8it [00:00, 30.66it/s]
                                          
normal: 1746/2000 frame=1745

Diffusion steps...: 0it [00:00, ?it/s]
Diffusion steps...: 4it [00:00, 30.51it/s]
Diffusion steps...: 8it [00:00, 30.85it/s]
                                          
normal: 1747/2000 frame=1746

Diffusion steps...: 0it [00:00, ?it/s]
Diffusion steps...: 4it [00:00, 30.50it/s]
Diffusion steps...: 8it [00:00, 30.87it/s]
                                          
normal: 1748/2000 frame=1747

Diffusion steps...: 0it [00:00, ?it/s]
Diffusion steps...: 4it [00:00, 30.38it/s]
Diffusion steps...: 8it [00:00, 30.79it/s]
                                          
normal: 1749/2000 frame=1748

Diffusion steps...: 0it [00:00, ?it/s]
Diffusion steps...: 4it [00:00, 30.56it/s]
Diffusion steps...: 8it [00:00, 30.88it/s]
                                          
normal: 1750/2000 frame=1749

Diffusion steps...: 0it [00:00, ?it/s]
Diffusion steps...: 4it [00:00, 30.41it/s]
Diffusion steps...: 8it [00:00, 30.74it/s]
                                          
normal: 1751/2000 frame=1750

Diffusion steps...: 0it [00:00, ?it/s]
Diffusion steps...: 4it [00:00, 30.60it/s]
Diffusion steps...: 8it [00:00, 30.91it/s]
                                          
normal: 1752/2000 frame=1751

Diffusion steps...: 0it [00:00, ?it/s]
Diffusion steps...: 4it [00:00, 30.46it/s]
Diffusion steps...: 8it [00:00, 30.68it/s]
                                          
normal: 1753/2000 frame=1752

Diffusion steps...: 0it [00:00, ?it/s]
Diffusion steps...: 4it [00:00, 30.39it/s]
Diffusion steps...: 8it [00:00, 30.79it/s]
                                          
normal: 1754/2000 frame=1753

Diffusion steps...: 0it [00:00, ?it/s]
Diffusion steps...: 4it [00:00, 30.53it/s]
Diffusion steps...: 8it [00:00, 30.81it/s]
                                          
normal: 1755/2000 frame=1754

Diffusion steps...: 0it [00:00, ?it/s]
Diffusion steps...: 4it [00:00, 30.54it/s]
Diffusion steps...: 8it [00:00, 30.91it/s]
                                          
normal: 1756/2000 frame=1755

Diffusion steps...: 0it [00:00, ?it/s]
Diffusion steps...: 4it [00:00, 30.45it/s]
Diffusion steps...: 8it [00:00, 30.78it/s]
                                          
normal: 1757/2000 frame=1756

Diffusion steps...: 0it [00:00, ?it/s]
Diffusion steps...: 4it [00:00, 30.55it/s]
Diffusion steps...: 8it [00:00, 30.86it/s]
                                          
normal: 1758/2000 frame=1757

Diffusion steps...: 0it [00:00, ?it/s]
Diffusion steps...: 4it [00:00, 30.40it/s]
Diffusion steps...: 8it [00:00, 30.75it/s]
                                          
normal: 1759/2000 frame=1758

Diffusion steps...: 0it [00:00, ?it/s]
Diffusion steps...: 4it [00:00, 30.58it/s]
Diffusion steps...: 8it [00:00, 30.83it/s]
                                          
normal: 1760/2000 frame=1759

Diffusion steps...: 0it [00:00, ?it/s]
Diffusion steps...: 4it [00:00, 30.41it/s]
Diffusion steps...: 8it [00:00, 30.78it/s]
                                          
normal: 1761/2000 frame=1760

Diffusion steps...: 0it [00:00, ?it/s]
Diffusion steps...: 4it [00:00, 30.52it/s]
Diffusion steps...: 8it [00:00, 30.80it/s]
                                          
normal: 1762/2000 frame=1761

Diffusion steps...: 0it [00:00, ?it/s]
Diffusion steps...: 4it [00:00, 30.43it/s]
Diffusion steps...: 8it [00:00, 30.78it/s]
                                          
normal: 1763/2000 frame=1762

Diffusion steps...: 0it [00:00, ?it/s]
Diffusion steps...: 4it [00:00, 30.58it/s]
Diffusion steps...: 8it [00:00, 30.86it/s]
                                          
normal: 1764/2000 frame=1763

Diffusion steps...: 0it [00:00, ?it/s]
Diffusion steps...: 4it [00:00, 30.38it/s]
Diffusion steps...: 8it [00:00, 30.73it/s]
                                          
normal: 1765/2000 frame=1764

Diffusion steps...: 0it [00:00, ?it/s]
Diffusion steps...: 4it [00:00, 30.54it/s]
Diffusion steps...: 8it [00:00, 30.87it/s]
                                          
normal: 1766/2000 frame=1765

Diffusion steps...: 0it [00:00, ?it/s]
Diffusion steps...: 4it [00:00, 30.43it/s]
Diffusion steps...: 8it [00:00, 30.83it/s]
                                          
normal: 1767/2000 frame=1766

Diffusion steps...: 0it [00:00, ?it/s]
Diffusion steps...: 4it [00:00, 30.61it/s]
Diffusion steps...: 8it [00:00, 30.90it/s]
                                          
normal: 1768/2000 frame=1767

Diffusion steps...: 0it [00:00, ?it/s]
Diffusion steps...: 4it [00:00, 30.42it/s]
Diffusion steps...: 8it [00:00, 30.70it/s]
                                          
normal: 1769/2000 frame=1768

Diffusion steps...: 0it [00:00, ?it/s]
Diffusion steps...: 4it [00:00, 30.57it/s]
Diffusion steps...: 8it [00:00, 30.85it/s]
                                          
normal: 1770/2000 frame=1769

Diffusion steps...: 0it [00:00, ?it/s]
Diffusion steps...: 4it [00:00, 30.49it/s]
Diffusion steps...: 8it [00:00, 30.73it/s]
                                          
normal: 1771/2000 frame=1770

Diffusion steps...: 0it [00:00, ?it/s]
Diffusion steps...: 4it [00:00, 30.47it/s]
Diffusion steps...: 8it [00:00, 30.83it/s]
                                          
normal: 1772/2000 frame=1771

Diffusion steps...: 0it [00:00, ?it/s]
Diffusion steps...: 4it [00:00, 30.53it/s]
Diffusion steps...: 8it [00:00, 30.83it/s]
                                          
normal: 1773/2000 frame=1772

Diffusion steps...: 0it [00:00, ?it/s]
Diffusion steps...: 4it [00:00, 30.53it/s]
Diffusion steps...: 8it [00:00, 30.83it/s]
                                          
normal: 1774/2000 frame=1773

Diffusion steps...: 0it [00:00, ?it/s]
Diffusion steps...: 4it [00:00, 30.54it/s]
Diffusion steps...: 8it [00:00, 30.85it/s]
                                          
normal: 1775/2000 frame=1774

Diffusion steps...: 0it [00:00, ?it/s]
Diffusion steps...: 4it [00:00, 30.67it/s]
Diffusion steps...: 8it [00:00, 30.91it/s]
                                          
normal: 1776/2000 frame=1775

Diffusion steps...: 0it [00:00, ?it/s]
Diffusion steps...: 4it [00:00, 30.47it/s]
Diffusion steps...: 8it [00:00, 30.80it/s]
                                          
normal: 1777/2000 frame=1776

Diffusion steps...: 0it [00:00, ?it/s]
Diffusion steps...: 4it [00:00, 30.51it/s]
Diffusion steps...: 8it [00:00, 30.79it/s]
                                          
normal: 1778/2000 frame=1777

Diffusion steps...: 0it [00:00, ?it/s]
Diffusion steps...: 4it [00:00, 30.55it/s]
Diffusion steps...: 8it [00:00, 30.82it/s]
                                          
normal: 1779/2000 frame=1778

Diffusion steps...: 0it [00:00, ?it/s]
Diffusion steps...: 4it [00:00, 30.63it/s]
Diffusion steps...: 8it [00:00, 30.88it/s]
                                          
normal: 1780/2000 frame=1779

Diffusion steps...: 0it [00:00, ?it/s]
Diffusion steps...: 4it [00:00, 30.52it/s]
Diffusion steps...: 8it [00:00, 30.80it/s]
                                          
normal: 1781/2000 frame=1780

Diffusion steps...: 0it [00:00, ?it/s]
Diffusion steps...: 4it [00:00, 30.57it/s]
Diffusion steps...: 8it [00:00, 30.88it/s]
                                          
normal: 1782/2000 frame=1781

Diffusion steps...: 0it [00:00, ?it/s]
Diffusion steps...: 4it [00:00, 30.51it/s]
Diffusion steps...: 8it [00:00, 30.82it/s]
                                          
normal: 1783/2000 frame=1782

Diffusion steps...: 0it [00:00, ?it/s]
Diffusion steps...: 4it [00:00, 30.49it/s]
Diffusion steps...: 8it [00:00, 30.87it/s]
                                          
normal: 1784/2000 frame=1783

Diffusion steps...: 0it [00:00, ?it/s]
Diffusion steps...: 4it [00:00, 30.48it/s]
Diffusion steps...: 8it [00:00, 30.83it/s]
                                          
normal: 1785/2000 frame=1784

Diffusion steps...: 0it [00:00, ?it/s]
Diffusion steps...: 4it [00:00, 30.55it/s]
Diffusion steps...: 8it [00:00, 30.90it/s]
                                          
normal: 1786/2000 frame=1785

Diffusion steps...: 0it [00:00, ?it/s]
Diffusion steps...: 4it [00:00, 30.55it/s]
Diffusion steps...: 8it [00:00, 30.86it/s]
                                          
normal: 1787/2000 frame=1786

Diffusion steps...: 0it [00:00, ?it/s]
Diffusion steps...: 4it [00:00, 30.56it/s]
Diffusion steps...: 8it [00:00, 30.90it/s]
                                          
normal: 1788/2000 frame=1787

Diffusion steps...: 0it [00:00, ?it/s]
Diffusion steps...: 4it [00:00, 30.58it/s]
Diffusion steps...: 8it [00:00, 30.87it/s]
                                          
normal: 1789/2000 frame=1788

Diffusion steps...: 0it [00:00, ?it/s]
Diffusion steps...: 4it [00:00, 30.63it/s]
Diffusion steps...: 8it [00:00, 30.90it/s]
                                          
normal: 1790/2000 frame=1789

Diffusion steps...: 0it [00:00, ?it/s]
Diffusion steps...: 4it [00:00, 30.53it/s]
Diffusion steps...: 8it [00:00, 30.83it/s]
                                          
normal: 1791/2000 frame=1790

Diffusion steps...: 0it [00:00, ?it/s]
Diffusion steps...: 4it [00:00, 30.52it/s]
Diffusion steps...: 8it [00:00, 30.85it/s]
                                          
normal: 1792/2000 frame=1791

Diffusion steps...: 0it [00:00, ?it/s]
Diffusion steps...: 4it [00:00, 30.55it/s]
Diffusion steps...: 8it [00:00, 30.87it/s]
                                          
normal: 1793/2000 frame=1792

Diffusion steps...: 0it [00:00, ?it/s]
Diffusion steps...: 4it [00:00, 30.25it/s]
Diffusion steps...: 8it [00:00, 30.65it/s]
                                          
normal: 1794/2000 frame=1793

Diffusion steps...: 0it [00:00, ?it/s]
Diffusion steps...: 4it [00:00, 30.29it/s]
Diffusion steps...: 8it [00:00, 30.72it/s]
                                          
normal: 1795/2000 frame=1794

Diffusion steps...: 0it [00:00, ?it/s]
Diffusion steps...: 4it [00:00, 30.61it/s]
Diffusion steps...: 8it [00:00, 30.91it/s]
                                          
normal: 1796/2000 frame=1795

Diffusion steps...: 0it [00:00, ?it/s]
Diffusion steps...: 4it [00:00, 30.50it/s]
Diffusion steps...: 8it [00:00, 30.82it/s]
                                          
normal: 1797/2000 frame=1796

Diffusion steps...: 0it [00:00, ?it/s]
Diffusion steps...: 4it [00:00, 30.46it/s]
Diffusion steps...: 8it [00:00, 30.86it/s]
                                          
normal: 1798/2000 frame=1797

Diffusion steps...: 0it [00:00, ?it/s]
Diffusion steps...: 4it [00:00, 30.53it/s]
Diffusion steps...: 8it [00:00, 30.85it/s]
                                          
normal: 1799/2000 frame=1798

Diffusion steps...: 0it [00:00, ?it/s]
Diffusion steps...: 4it [00:00, 30.51it/s]
Diffusion steps...: 8it [00:00, 30.84it/s]
                                          
normal: 1800/2000 frame=1799

Diffusion steps...: 0it [00:00, ?it/s]
Diffusion steps...: 4it [00:00, 30.45it/s]
Diffusion steps...: 8it [00:00, 30.75it/s]
                                          
normal: 1801/2000 frame=1800

Diffusion steps...: 0it [00:00, ?it/s]
Diffusion steps...: 4it [00:00, 30.43it/s]
Diffusion steps...: 8it [00:00, 30.80it/s]
                                          
normal: 1802/2000 frame=1801

Diffusion steps...: 0it [00:00, ?it/s]
Diffusion steps...: 4it [00:00, 30.54it/s]
Diffusion steps...: 8it [00:00, 30.85it/s]
                                          
normal: 1803/2000 frame=1802

Diffusion steps...: 0it [00:00, ?it/s]
Diffusion steps...: 4it [00:00, 30.64it/s]
Diffusion steps...: 8it [00:00, 30.95it/s]
                                          
normal: 1804/2000 frame=1803

Diffusion steps...: 0it [00:00, ?it/s]
Diffusion steps...: 4it [00:00, 30.49it/s]
Diffusion steps...: 8it [00:00, 30.67it/s]
                                          
normal: 1805/2000 frame=1804

Diffusion steps...: 0it [00:00, ?it/s]
Diffusion steps...: 4it [00:00, 30.53it/s]
Diffusion steps...: 8it [00:00, 30.87it/s]
                                          
normal: 1806/2000 frame=1805

Diffusion steps...: 0it [00:00, ?it/s]
Diffusion steps...: 4it [00:00, 30.48it/s]
Diffusion steps...: 8it [00:00, 30.83it/s]
                                          
normal: 1807/2000 frame=1806

Diffusion steps...: 0it [00:00, ?it/s]
Diffusion steps...: 4it [00:00, 30.50it/s]
Diffusion steps...: 8it [00:00, 30.87it/s]
                                          
normal: 1808/2000 frame=1807

Diffusion steps...: 0it [00:00, ?it/s]
Diffusion steps...: 4it [00:00, 30.32it/s]
Diffusion steps...: 8it [00:00, 30.69it/s]
                                          
normal: 1809/2000 frame=1808

Diffusion steps...: 0it [00:00, ?it/s]
Diffusion steps...: 4it [00:00, 30.56it/s]
Diffusion steps...: 8it [00:00, 30.93it/s]
                                          
normal: 1810/2000 frame=1809

Diffusion steps...: 0it [00:00, ?it/s]
Diffusion steps...: 4it [00:00, 30.42it/s]
Diffusion steps...: 8it [00:00, 30.79it/s]
                                          
normal: 1811/2000 frame=1810

Diffusion steps...: 0it [00:00, ?it/s]
Diffusion steps...: 4it [00:00, 30.48it/s]
Diffusion steps...: 8it [00:00, 30.81it/s]
                                          
normal: 1812/2000 frame=1811

Diffusion steps...: 0it [00:00, ?it/s]
Diffusion steps...: 4it [00:00, 30.41it/s]
Diffusion steps...: 8it [00:00, 30.79it/s]
                                          
normal: 1813/2000 frame=1812

Diffusion steps...: 0it [00:00, ?it/s]
Diffusion steps...: 4it [00:00, 30.52it/s]
Diffusion steps...: 8it [00:00, 30.85it/s]
                                          
normal: 1814/2000 frame=1813

Diffusion steps...: 0it [00:00, ?it/s]
Diffusion steps...: 4it [00:00, 30.47it/s]
Diffusion steps...: 8it [00:00, 30.82it/s]
                                          
normal: 1815/2000 frame=1814

Diffusion steps...: 0it [00:00, ?it/s]
Diffusion steps...: 4it [00:00, 30.61it/s]
Diffusion steps...: 8it [00:00, 30.85it/s]
                                          
normal: 1816/2000 frame=1815

Diffusion steps...: 0it [00:00, ?it/s]
Diffusion steps...: 4it [00:00, 30.45it/s]
Diffusion steps...: 8it [00:00, 30.84it/s]
                                          
normal: 1817/2000 frame=1816

Diffusion steps...: 0it [00:00, ?it/s]
Diffusion steps...: 4it [00:00, 30.45it/s]
Diffusion steps...: 8it [00:00, 30.82it/s]
                                          
normal: 1818/2000 frame=1817

Diffusion steps...: 0it [00:00, ?it/s]
Diffusion steps...: 4it [00:00, 30.52it/s]
Diffusion steps...: 8it [00:00, 30.83it/s]
                                          
normal: 1819/2000 frame=1818

Diffusion steps...: 0it [00:00, ?it/s]
Diffusion steps...: 4it [00:00, 30.42it/s]
Diffusion steps...: 8it [00:00, 30.83it/s]
                                          
normal: 1820/2000 frame=1819

Diffusion steps...: 0it [00:00, ?it/s]
Diffusion steps...: 4it [00:00, 30.52it/s]
Diffusion steps...: 8it [00:00, 30.79it/s]
                                          
normal: 1821/2000 frame=1820

Diffusion steps...: 0it [00:00, ?it/s]
Diffusion steps...: 4it [00:00, 30.67it/s]
Diffusion steps...: 8it [00:00, 30.92it/s]
                                          
normal: 1822/2000 frame=1821

Diffusion steps...: 0it [00:00, ?it/s]
Diffusion steps...: 4it [00:00, 30.47it/s]
Diffusion steps...: 8it [00:00, 30.80it/s]
                                          
normal: 1823/2000 frame=1822

Diffusion steps...: 0it [00:00, ?it/s]
Diffusion steps...: 3it [00:00, 29.72it/s]
Diffusion steps...: 7it [00:00, 30.58it/s]
                                          
normal: 1824/2000 frame=1823

Diffusion steps...: 0it [00:00, ?it/s]
Diffusion steps...: 4it [00:00, 30.39it/s]
Diffusion steps...: 8it [00:00, 30.73it/s]
                                          
normal: 1825/2000 frame=1824

Diffusion steps...: 0it [00:00, ?it/s]
Diffusion steps...: 4it [00:00, 30.58it/s]
Diffusion steps...: 8it [00:00, 30.89it/s]
                                          
normal: 1826/2000 frame=1825

Diffusion steps...: 0it [00:00, ?it/s]
Diffusion steps...: 4it [00:00, 30.38it/s]
Diffusion steps...: 8it [00:00, 30.69it/s]
                                          
normal: 1827/2000 frame=1826

Diffusion steps...: 0it [00:00, ?it/s]
Diffusion steps...: 4it [00:00, 30.58it/s]
Diffusion steps...: 8it [00:00, 30.88it/s]
                                          
normal: 1828/2000 frame=1827

Diffusion steps...: 0it [00:00, ?it/s]
Diffusion steps...: 4it [00:00, 30.34it/s]
Diffusion steps...: 8it [00:00, 30.73it/s]
                                          
normal: 1829/2000 frame=1828

Diffusion steps...: 0it [00:00, ?it/s]
Diffusion steps...: 4it [00:00, 30.50it/s]
Diffusion steps...: 8it [00:00, 30.85it/s]
                                          
normal: 1830/2000 frame=1829

Diffusion steps...: 0it [00:00, ?it/s]
Diffusion steps...: 4it [00:00, 30.58it/s]
Diffusion steps...: 8it [00:00, 30.88it/s]
                                          
normal: 1831/2000 frame=1830

Diffusion steps...: 0it [00:00, ?it/s]
Diffusion steps...: 4it [00:00, 30.57it/s]
Diffusion steps...: 8it [00:00, 30.91it/s]
                                          
normal: 1832/2000 frame=1831

Diffusion steps...: 0it [00:00, ?it/s]
Diffusion steps...: 4it [00:00, 30.57it/s]
Diffusion steps...: 8it [00:00, 30.86it/s]
                                          
normal: 1833/2000 frame=1832

Diffusion steps...: 0it [00:00, ?it/s]
Diffusion steps...: 4it [00:00, 30.59it/s]
Diffusion steps...: 8it [00:00, 30.89it/s]
                                          
normal: 1834/2000 frame=1833

Diffusion steps...: 0it [00:00, ?it/s]
Diffusion steps...: 4it [00:00, 30.53it/s]
Diffusion steps...: 8it [00:00, 30.88it/s]
                                          
normal: 1835/2000 frame=1834

Diffusion steps...: 0it [00:00, ?it/s]
Diffusion steps...: 4it [00:00, 30.60it/s]
Diffusion steps...: 8it [00:00, 30.90it/s]
                                          
normal: 1836/2000 frame=1835

Diffusion steps...: 0it [00:00, ?it/s]
Diffusion steps...: 4it [00:00, 30.40it/s]
Diffusion steps...: 8it [00:00, 30.75it/s]
                                          
normal: 1837/2000 frame=1836

Diffusion steps...: 0it [00:00, ?it/s]
Diffusion steps...: 4it [00:00, 30.59it/s]
Diffusion steps...: 8it [00:00, 30.82it/s]
                                          
normal: 1838/2000 frame=1837

Diffusion steps...: 0it [00:00, ?it/s]
Diffusion steps...: 4it [00:00, 30.44it/s]
Diffusion steps...: 8it [00:00, 30.78it/s]
                                          
normal: 1839/2000 frame=1838

Diffusion steps...: 0it [00:00, ?it/s]
Diffusion steps...: 4it [00:00, 30.42it/s]
Diffusion steps...: 8it [00:00, 30.80it/s]
                                          
normal: 1840/2000 frame=1839

Diffusion steps...: 0it [00:00, ?it/s]
Diffusion steps...: 4it [00:00, 30.51it/s]
Diffusion steps...: 8it [00:00, 30.81it/s]
                                          
normal: 1841/2000 frame=1840

Diffusion steps...: 0it [00:00, ?it/s]
Diffusion steps...: 4it [00:00, 30.63it/s]
Diffusion steps...: 8it [00:00, 30.91it/s]
                                          
normal: 1842/2000 frame=1841

Diffusion steps...: 0it [00:00, ?it/s]
Diffusion steps...: 4it [00:00, 30.48it/s]
Diffusion steps...: 8it [00:00, 30.80it/s]
                                          
normal: 1843/2000 frame=1842

Diffusion steps...: 0it [00:00, ?it/s]
Diffusion steps...: 4it [00:00, 30.49it/s]
Diffusion steps...: 8it [00:00, 30.86it/s]
                                          
normal: 1844/2000 frame=1843

Diffusion steps...: 0it [00:00, ?it/s]
Diffusion steps...: 4it [00:00, 30.49it/s]
Diffusion steps...: 8it [00:00, 30.88it/s]
                                          
normal: 1845/2000 frame=1844

Diffusion steps...: 0it [00:00, ?it/s]
Diffusion steps...: 4it [00:00, 30.71it/s]
Diffusion steps...: 8it [00:00, 30.94it/s]
                                          
normal: 1846/2000 frame=1845

Diffusion steps...: 0it [00:00, ?it/s]
Diffusion steps...: 4it [00:00, 30.44it/s]
Diffusion steps...: 8it [00:00, 30.82it/s]
                                          
normal: 1847/2000 frame=1846

Diffusion steps...: 0it [00:00, ?it/s]
Diffusion steps...: 4it [00:00, 30.40it/s]
Diffusion steps...: 8it [00:00, 30.83it/s]
                                          
normal: 1848/2000 frame=1847

Diffusion steps...: 0it [00:00, ?it/s]
Diffusion steps...: 4it [00:00, 30.45it/s]
Diffusion steps...: 8it [00:00, 30.79it/s]
                                          
normal: 1849/2000 frame=1848

Diffusion steps...: 0it [00:00, ?it/s]
Diffusion steps...: 4it [00:00, 30.50it/s]
Diffusion steps...: 8it [00:00, 30.83it/s]
                                          
normal: 1850/2000 frame=1849

Diffusion steps...: 0it [00:00, ?it/s]
Diffusion steps...: 4it [00:00, 30.56it/s]
Diffusion steps...: 8it [00:00, 30.84it/s]
                                          
normal: 1851/2000 frame=1850

Diffusion steps...: 0it [00:00, ?it/s]
Diffusion steps...: 4it [00:00, 30.64it/s]
Diffusion steps...: 8it [00:00, 30.94it/s]
                                          
normal: 1852/2000 frame=1851

Diffusion steps...: 0it [00:00, ?it/s]
Diffusion steps...: 4it [00:00, 30.57it/s]
Diffusion steps...: 8it [00:00, 30.84it/s]
                                          
normal: 1853/2000 frame=1852

Diffusion steps...: 0it [00:00, ?it/s]
Diffusion steps...: 4it [00:00, 30.44it/s]
Diffusion steps...: 8it [00:00, 30.76it/s]
                                          
normal: 1854/2000 frame=1853

Diffusion steps...: 0it [00:00, ?it/s]
Diffusion steps...: 4it [00:00, 30.43it/s]
Diffusion steps...: 8it [00:00, 30.79it/s]
                                          
normal: 1855/2000 frame=1854

Diffusion steps...: 0it [00:00, ?it/s]
Diffusion steps...: 4it [00:00, 30.60it/s]
Diffusion steps...: 8it [00:00, 30.84it/s]
                                          
normal: 1856/2000 frame=1855

Diffusion steps...: 0it [00:00, ?it/s]
Diffusion steps...: 4it [00:00, 30.44it/s]
Diffusion steps...: 8it [00:00, 30.76it/s]
                                          
normal: 1857/2000 frame=1856

Diffusion steps...: 0it [00:00, ?it/s]
Diffusion steps...: 4it [00:00, 30.56it/s]
Diffusion steps...: 8it [00:00, 30.89it/s]
                                          
normal: 1858/2000 frame=1857

Diffusion steps...: 0it [00:00, ?it/s]
Diffusion steps...: 4it [00:00, 30.41it/s]
Diffusion steps...: 8it [00:00, 30.81it/s]
                                          
normal: 1859/2000 frame=1858

Diffusion steps...: 0it [00:00, ?it/s]
Diffusion steps...: 4it [00:00, 30.61it/s]
Diffusion steps...: 8it [00:00, 30.88it/s]
                                          
normal: 1860/2000 frame=1859

Diffusion steps...: 0it [00:00, ?it/s]
Diffusion steps...: 4it [00:00, 30.50it/s]
Diffusion steps...: 8it [00:00, 30.81it/s]
                                          
normal: 1861/2000 frame=1860

Diffusion steps...: 0it [00:00, ?it/s]
Diffusion steps...: 4it [00:00, 30.60it/s]
Diffusion steps...: 8it [00:00, 30.92it/s]
                                          
normal: 1862/2000 frame=1861

Diffusion steps...: 0it [00:00, ?it/s]
Diffusion steps...: 4it [00:00, 30.48it/s]
Diffusion steps...: 8it [00:00, 30.80it/s]
                                          
normal: 1863/2000 frame=1862

Diffusion steps...: 0it [00:00, ?it/s]
Diffusion steps...: 4it [00:00, 30.43it/s]
Diffusion steps...: 8it [00:00, 30.80it/s]
                                          
normal: 1864/2000 frame=1863

Diffusion steps...: 0it [00:00, ?it/s]
Diffusion steps...: 4it [00:00, 30.56it/s]
Diffusion steps...: 8it [00:00, 30.83it/s]
                                          
normal: 1865/2000 frame=1864

Diffusion steps...: 0it [00:00, ?it/s]
Diffusion steps...: 4it [00:00, 30.54it/s]
Diffusion steps...: 8it [00:00, 30.80it/s]
                                          
normal: 1866/2000 frame=1865

Diffusion steps...: 0it [00:00, ?it/s]
Diffusion steps...: 4it [00:00, 30.55it/s]
Diffusion steps...: 8it [00:00, 30.86it/s]
                                          
normal: 1867/2000 frame=1866

Diffusion steps...: 0it [00:00, ?it/s]
Diffusion steps...: 3it [00:00, 29.90it/s]
Diffusion steps...: 7it [00:00, 30.60it/s]
                                          
normal: 1868/2000 frame=1867

Diffusion steps...: 0it [00:00, ?it/s]
Diffusion steps...: 4it [00:00, 30.48it/s]
Diffusion steps...: 8it [00:00, 30.78it/s]
                                          
normal: 1869/2000 frame=1868

Diffusion steps...: 0it [00:00, ?it/s]
Diffusion steps...: 4it [00:00, 30.43it/s]
Diffusion steps...: 8it [00:00, 30.81it/s]
                                          
normal: 1870/2000 frame=1869

Diffusion steps...: 0it [00:00, ?it/s]
Diffusion steps...: 4it [00:00, 30.57it/s]
Diffusion steps...: 8it [00:00, 30.88it/s]
                                          
normal: 1871/2000 frame=1870

Diffusion steps...: 0it [00:00, ?it/s]
Diffusion steps...: 4it [00:00, 30.57it/s]
Diffusion steps...: 8it [00:00, 30.89it/s]
                                          
normal: 1872/2000 frame=1871

Diffusion steps...: 0it [00:00, ?it/s]
Diffusion steps...: 4it [00:00, 30.48it/s]
Diffusion steps...: 8it [00:00, 30.78it/s]
                                          
normal: 1873/2000 frame=1872

Diffusion steps...: 0it [00:00, ?it/s]
Diffusion steps...: 4it [00:00, 30.51it/s]
Diffusion steps...: 8it [00:00, 30.83it/s]
                                          
normal: 1874/2000 frame=1873

Diffusion steps...: 0it [00:00, ?it/s]
Diffusion steps...: 4it [00:00, 30.52it/s]
Diffusion steps...: 8it [00:00, 30.80it/s]
                                          
normal: 1875/2000 frame=1874

Diffusion steps...: 0it [00:00, ?it/s]
Diffusion steps...: 4it [00:00, 30.56it/s]
Diffusion steps...: 8it [00:00, 30.87it/s]
                                          
normal: 1876/2000 frame=1875

Diffusion steps...: 0it [00:00, ?it/s]
Diffusion steps...: 4it [00:00, 30.63it/s]
Diffusion steps...: 8it [00:00, 30.87it/s]
                                          
normal: 1877/2000 frame=1876

Diffusion steps...: 0it [00:00, ?it/s]
Diffusion steps...: 4it [00:00, 30.61it/s]
Diffusion steps...: 8it [00:00, 30.88it/s]
                                          
normal: 1878/2000 frame=1877

Diffusion steps...: 0it [00:00, ?it/s]
Diffusion steps...: 4it [00:00, 30.46it/s]
Diffusion steps...: 8it [00:00, 30.73it/s]
                                          
normal: 1879/2000 frame=1878

Diffusion steps...: 0it [00:00, ?it/s]
Diffusion steps...: 4it [00:00, 30.31it/s]
Diffusion steps...: 8it [00:00, 30.74it/s]
                                          
normal: 1880/2000 frame=1879

Diffusion steps...: 0it [00:00, ?it/s]
Diffusion steps...: 4it [00:00, 30.33it/s]
Diffusion steps...: 8it [00:00, 30.72it/s]
                                          
normal: 1881/2000 frame=1880

Diffusion steps...: 0it [00:00, ?it/s]
Diffusion steps...: 4it [00:00, 30.57it/s]
Diffusion steps...: 8it [00:00, 30.84it/s]
                                          
normal: 1882/2000 frame=1881

Diffusion steps...: 0it [00:00, ?it/s]
Diffusion steps...: 4it [00:00, 30.50it/s]
Diffusion steps...: 8it [00:00, 30.81it/s]
                                          
normal: 1883/2000 frame=1882

Diffusion steps...: 0it [00:00, ?it/s]
Diffusion steps...: 4it [00:00, 30.64it/s]
Diffusion steps...: 8it [00:00, 30.91it/s]
                                          
normal: 1884/2000 frame=1883

Diffusion steps...: 0it [00:00, ?it/s]
Diffusion steps...: 4it [00:00, 30.31it/s]
Diffusion steps...: 8it [00:00, 30.75it/s]
                                          
normal: 1885/2000 frame=1884

Diffusion steps...: 0it [00:00, ?it/s]
Diffusion steps...: 4it [00:00, 30.51it/s]
Diffusion steps...: 8it [00:00, 30.82it/s]
                                          
normal: 1886/2000 frame=1885

Diffusion steps...: 0it [00:00, ?it/s]
Diffusion steps...: 4it [00:00, 30.49it/s]
Diffusion steps...: 8it [00:00, 30.81it/s]
                                          
normal: 1887/2000 frame=1886

Diffusion steps...: 0it [00:00, ?it/s]
Diffusion steps...: 4it [00:00, 30.56it/s]
Diffusion steps...: 8it [00:00, 30.83it/s]
                                          
normal: 1888/2000 frame=1887

Diffusion steps...: 0it [00:00, ?it/s]
Diffusion steps...: 4it [00:00, 30.46it/s]
Diffusion steps...: 8it [00:00, 30.76it/s]
                                          
normal: 1889/2000 frame=1888

Diffusion steps...: 0it [00:00, ?it/s]
Diffusion steps...: 4it [00:00, 30.44it/s]
Diffusion steps...: 8it [00:00, 30.79it/s]
                                          
normal: 1890/2000 frame=1889

Diffusion steps...: 0it [00:00, ?it/s]
Diffusion steps...: 4it [00:00, 30.47it/s]
Diffusion steps...: 8it [00:00, 30.82it/s]
                                          
normal: 1891/2000 frame=1890

Diffusion steps...: 0it [00:00, ?it/s]
Diffusion steps...: 4it [00:00, 30.54it/s]
Diffusion steps...: 8it [00:00, 30.86it/s]
                                          
normal: 1892/2000 frame=1891

Diffusion steps...: 0it [00:00, ?it/s]
Diffusion steps...: 4it [00:00, 30.28it/s]
Diffusion steps...: 8it [00:00, 30.71it/s]
                                          
normal: 1893/2000 frame=1892

Diffusion steps...: 0it [00:00, ?it/s]
Diffusion steps...: 4it [00:00, 30.41it/s]
Diffusion steps...: 8it [00:00, 30.79it/s]
                                          
normal: 1894/2000 frame=1893

Diffusion steps...: 0it [00:00, ?it/s]
Diffusion steps...: 4it [00:00, 30.50it/s]
Diffusion steps...: 8it [00:00, 30.74it/s]
                                          
normal: 1895/2000 frame=1894

Diffusion steps...: 0it [00:00, ?it/s]
Diffusion steps...: 4it [00:00, 30.54it/s]
Diffusion steps...: 8it [00:00, 30.83it/s]
                                          
normal: 1896/2000 frame=1895

Diffusion steps...: 0it [00:00, ?it/s]
Diffusion steps...: 4it [00:00, 30.53it/s]
Diffusion steps...: 8it [00:00, 30.83it/s]
                                          
normal: 1897/2000 frame=1896

Diffusion steps...: 0it [00:00, ?it/s]
Diffusion steps...: 4it [00:00, 30.60it/s]
Diffusion steps...: 8it [00:00, 30.88it/s]
                                          
normal: 1898/2000 frame=1897

Diffusion steps...: 0it [00:00, ?it/s]
Diffusion steps...: 4it [00:00, 30.54it/s]
Diffusion steps...: 8it [00:00, 30.82it/s]
                                          
normal: 1899/2000 frame=1898

Diffusion steps...: 0it [00:00, ?it/s]
Diffusion steps...: 4it [00:00, 30.36it/s]
Diffusion steps...: 8it [00:00, 30.77it/s]
                                          
normal: 1900/2000 frame=1899

Diffusion steps...: 0it [00:00, ?it/s]
Diffusion steps...: 4it [00:00, 30.49it/s]
Diffusion steps...: 8it [00:00, 30.86it/s]
                                          
normal: 1901/2000 frame=1900

Diffusion steps...: 0it [00:00, ?it/s]
Diffusion steps...: 4it [00:00, 30.42it/s]
Diffusion steps...: 8it [00:00, 30.84it/s]
                                          
normal: 1902/2000 frame=1901

Diffusion steps...: 0it [00:00, ?it/s]
Diffusion steps...: 4it [00:00, 30.34it/s]
Diffusion steps...: 8it [00:00, 30.68it/s]
                                          
normal: 1903/2000 frame=1902

Diffusion steps...: 0it [00:00, ?it/s]
Diffusion steps...: 4it [00:00, 30.50it/s]
Diffusion steps...: 8it [00:00, 30.81it/s]
                                          
normal: 1904/2000 frame=1903

Diffusion steps...: 0it [00:00, ?it/s]
Diffusion steps...: 3it [00:00, 29.47it/s]
Diffusion steps...: 7it [00:00, 30.37it/s]
                                          
normal: 1905/2000 frame=1904

Diffusion steps...: 0it [00:00, ?it/s]
Diffusion steps...: 3it [00:00, 29.35it/s]
Diffusion steps...: 7it [00:00, 30.34it/s]
                                          
normal: 1906/2000 frame=1905

Diffusion steps...: 0it [00:00, ?it/s]
Diffusion steps...: 4it [00:00, 30.45it/s]
Diffusion steps...: 8it [00:00, 30.73it/s]
                                          
normal: 1907/2000 frame=1906

Diffusion steps...: 0it [00:00, ?it/s]
Diffusion steps...: 3it [00:00, 29.92it/s]
Diffusion steps...: 7it [00:00, 30.33it/s]
                                          
normal: 1908/2000 frame=1907

Diffusion steps...: 0it [00:00, ?it/s]
Diffusion steps...: 4it [00:00, 30.40it/s]
Diffusion steps...: 8it [00:00, 30.73it/s]
                                          
normal: 1909/2000 frame=1908

Diffusion steps...: 0it [00:00, ?it/s]
Diffusion steps...: 4it [00:00, 30.42it/s]
Diffusion steps...: 8it [00:00, 30.81it/s]
                                          
normal: 1910/2000 frame=1909

Diffusion steps...: 0it [00:00, ?it/s]
Diffusion steps...: 4it [00:00, 30.38it/s]
Diffusion steps...: 8it [00:00, 30.76it/s]
                                          
normal: 1911/2000 frame=1910

Diffusion steps...: 0it [00:00, ?it/s]
Diffusion steps...: 4it [00:00, 30.37it/s]
Diffusion steps...: 8it [00:00, 30.75it/s]
                                          
normal: 1912/2000 frame=1911

Diffusion steps...: 0it [00:00, ?it/s]
Diffusion steps...: 4it [00:00, 30.33it/s]
Diffusion steps...: 8it [00:00, 30.69it/s]
                                          
normal: 1913/2000 frame=1912

Diffusion steps...: 0it [00:00, ?it/s]
Diffusion steps...: 4it [00:00, 30.56it/s]
Diffusion steps...: 8it [00:00, 30.82it/s]
                                          
normal: 1914/2000 frame=1913

Diffusion steps...: 0it [00:00, ?it/s]
Diffusion steps...: 4it [00:00, 30.36it/s]
Diffusion steps...: 8it [00:00, 30.72it/s]
                                          
normal: 1915/2000 frame=1914

Diffusion steps...: 0it [00:00, ?it/s]
Diffusion steps...: 4it [00:00, 30.49it/s]
Diffusion steps...: 8it [00:00, 30.75it/s]
                                          
normal: 1916/2000 frame=1915

Diffusion steps...: 0it [00:00, ?it/s]
Diffusion steps...: 4it [00:00, 30.45it/s]
Diffusion steps...: 8it [00:00, 30.73it/s]
                                          
normal: 1917/2000 frame=1916

Diffusion steps...: 0it [00:00, ?it/s]
Diffusion steps...: 4it [00:00, 30.40it/s]
Diffusion steps...: 8it [00:00, 30.75it/s]
                                          
normal: 1918/2000 frame=1917

Diffusion steps...: 0it [00:00, ?it/s]
Diffusion steps...: 4it [00:00, 30.32it/s]
Diffusion steps...: 8it [00:00, 30.63it/s]
                                          
normal: 1919/2000 frame=1918

Diffusion steps...: 0it [00:00, ?it/s]
Diffusion steps...: 4it [00:00, 30.43it/s]
Diffusion steps...: 8it [00:00, 30.72it/s]
                                          
normal: 1920/2000 frame=1919

Diffusion steps...: 0it [00:00, ?it/s]
Diffusion steps...: 4it [00:00, 30.42it/s]
Diffusion steps...: 8it [00:00, 30.73it/s]
                                          
normal: 1921/2000 frame=1920

Diffusion steps...: 0it [00:00, ?it/s]
Diffusion steps...: 4it [00:00, 30.45it/s]
Diffusion steps...: 8it [00:00, 30.74it/s]
                                          
normal: 1922/2000 frame=1921

Diffusion steps...: 0it [00:00, ?it/s]
Diffusion steps...: 4it [00:00, 30.37it/s]
Diffusion steps...: 8it [00:00, 30.74it/s]
                                          
normal: 1923/2000 frame=1922

Diffusion steps...: 0it [00:00, ?it/s]
Diffusion steps...: 4it [00:00, 30.34it/s]
Diffusion steps...: 8it [00:00, 30.74it/s]
                                          
normal: 1924/2000 frame=1923

Diffusion steps...: 0it [00:00, ?it/s]
Diffusion steps...: 4it [00:00, 30.42it/s]
Diffusion steps...: 8it [00:00, 30.71it/s]
                                          
normal: 1925/2000 frame=1924

Diffusion steps...: 0it [00:00, ?it/s]
Diffusion steps...: 4it [00:00, 30.52it/s]
Diffusion steps...: 8it [00:00, 30.76it/s]
                                          
normal: 1926/2000 frame=1925

Diffusion steps...: 0it [00:00, ?it/s]
Diffusion steps...: 4it [00:00, 30.46it/s]
Diffusion steps...: 8it [00:00, 30.73it/s]
                                          
normal: 1927/2000 frame=1926

Diffusion steps...: 0it [00:00, ?it/s]
Diffusion steps...: 4it [00:00, 30.36it/s]
Diffusion steps...: 8it [00:00, 30.73it/s]
                                          
normal: 1928/2000 frame=1927

Diffusion steps...: 0it [00:00, ?it/s]
Diffusion steps...: 4it [00:00, 30.39it/s]
Diffusion steps...: 8it [00:00, 30.67it/s]
                                          
normal: 1929/2000 frame=1928

Diffusion steps...: 0it [00:00, ?it/s]
Diffusion steps...: 4it [00:00, 30.50it/s]
Diffusion steps...: 8it [00:00, 30.82it/s]
                                          
normal: 1930/2000 frame=1929

Diffusion steps...: 0it [00:00, ?it/s]
Diffusion steps...: 4it [00:00, 30.37it/s]
Diffusion steps...: 8it [00:00, 30.72it/s]
                                          
normal: 1931/2000 frame=1930

Diffusion steps...: 0it [00:00, ?it/s]
Diffusion steps...: 4it [00:00, 30.40it/s]
Diffusion steps...: 8it [00:00, 30.75it/s]
                                          
normal: 1932/2000 frame=1931

Diffusion steps...: 0it [00:00, ?it/s]
Diffusion steps...: 4it [00:00, 30.41it/s]
Diffusion steps...: 8it [00:00, 30.76it/s]
                                          
normal: 1933/2000 frame=1932

Diffusion steps...: 0it [00:00, ?it/s]
Diffusion steps...: 4it [00:00, 30.42it/s]
Diffusion steps...: 8it [00:00, 30.77it/s]
                                          
normal: 1934/2000 frame=1933

Diffusion steps...: 0it [00:00, ?it/s]
Diffusion steps...: 4it [00:00, 30.44it/s]
Diffusion steps...: 8it [00:00, 30.74it/s]
                                          
normal: 1935/2000 frame=1934

Diffusion steps...: 0it [00:00, ?it/s]
Diffusion steps...: 4it [00:00, 30.34it/s]
Diffusion steps...: 8it [00:00, 30.65it/s]
                                          
normal: 1936/2000 frame=1935

Diffusion steps...: 0it [00:00, ?it/s]
Diffusion steps...: 4it [00:00, 30.34it/s]
Diffusion steps...: 8it [00:00, 30.68it/s]
                                          
normal: 1937/2000 frame=1936

Diffusion steps...: 0it [00:00, ?it/s]
Diffusion steps...: 4it [00:00, 30.53it/s]
Diffusion steps...: 8it [00:00, 30.82it/s]
                                          
normal: 1938/2000 frame=1937

Diffusion steps...: 0it [00:00, ?it/s]
Diffusion steps...: 4it [00:00, 30.48it/s]
Diffusion steps...: 8it [00:00, 30.72it/s]
                                          
normal: 1939/2000 frame=1938

Diffusion steps...: 0it [00:00, ?it/s]
Diffusion steps...: 4it [00:00, 30.43it/s]
Diffusion steps...: 8it [00:00, 30.75it/s]
                                          
normal: 1940/2000 frame=1939

Diffusion steps...: 0it [00:00, ?it/s]
Diffusion steps...: 4it [00:00, 30.45it/s]
Diffusion steps...: 8it [00:00, 30.77it/s]
                                          
normal: 1941/2000 frame=1940

Diffusion steps...: 0it [00:00, ?it/s]
Diffusion steps...: 4it [00:00, 30.48it/s]
Diffusion steps...: 8it [00:00, 30.79it/s]
                                          
normal: 1942/2000 frame=1941

Diffusion steps...: 0it [00:00, ?it/s]
Diffusion steps...: 4it [00:00, 30.40it/s]
Diffusion steps...: 8it [00:00, 30.71it/s]
                                          
normal: 1943/2000 frame=1942

Diffusion steps...: 0it [00:00, ?it/s]
Diffusion steps...: 4it [00:00, 30.49it/s]
Diffusion steps...: 8it [00:00, 30.83it/s]
                                          
normal: 1944/2000 frame=1943

Diffusion steps...: 0it [00:00, ?it/s]
Diffusion steps...: 4it [00:00, 30.38it/s]
Diffusion steps...: 8it [00:00, 30.73it/s]
                                          
normal: 1945/2000 frame=1944

Diffusion steps...: 0it [00:00, ?it/s]
Diffusion steps...: 4it [00:00, 30.52it/s]
Diffusion steps...: 8it [00:00, 30.75it/s]
                                          
normal: 1946/2000 frame=1945

Diffusion steps...: 0it [00:00, ?it/s]
Diffusion steps...: 4it [00:00, 30.32it/s]
Diffusion steps...: 8it [00:00, 30.68it/s]
                                          
normal: 1947/2000 frame=1946

Diffusion steps...: 0it [00:00, ?it/s]
Diffusion steps...: 4it [00:00, 30.47it/s]
Diffusion steps...: 8it [00:00, 30.80it/s]
                                          
normal: 1948/2000 frame=1947

Diffusion steps...: 0it [00:00, ?it/s]
Diffusion steps...: 4it [00:00, 30.28it/s]
Diffusion steps...: 8it [00:00, 30.63it/s]
                                          
normal: 1949/2000 frame=1948

Diffusion steps...: 0it [00:00, ?it/s]
Diffusion steps...: 4it [00:00, 30.50it/s]
Diffusion steps...: 8it [00:00, 30.81it/s]
                                          
normal: 1950/2000 frame=1949

Diffusion steps...: 0it [00:00, ?it/s]
Diffusion steps...: 4it [00:00, 30.27it/s]
Diffusion steps...: 8it [00:00, 30.66it/s]
                                          
normal: 1951/2000 frame=1950

Diffusion steps...: 0it [00:00, ?it/s]
Diffusion steps...: 4it [00:00, 30.46it/s]
Diffusion steps...: 8it [00:00, 30.81it/s]
                                          
normal: 1952/2000 frame=1951

Diffusion steps...: 0it [00:00, ?it/s]
Diffusion steps...: 4it [00:00, 30.40it/s]
Diffusion steps...: 8it [00:00, 30.73it/s]
                                          
normal: 1953/2000 frame=1952

Diffusion steps...: 0it [00:00, ?it/s]
Diffusion steps...: 4it [00:00, 30.39it/s]
Diffusion steps...: 8it [00:00, 30.69it/s]
                                          
normal: 1954/2000 frame=1953

Diffusion steps...: 0it [00:00, ?it/s]
Diffusion steps...: 4it [00:00, 30.41it/s]
Diffusion steps...: 8it [00:00, 30.73it/s]
                                          
normal: 1955/2000 frame=1954

Diffusion steps...: 0it [00:00, ?it/s]
Diffusion steps...: 4it [00:00, 30.55it/s]
Diffusion steps...: 8it [00:00, 30.85it/s]
                                          
normal: 1956/2000 frame=1955

Diffusion steps...: 0it [00:00, ?it/s]
Diffusion steps...: 4it [00:00, 30.39it/s]
Diffusion steps...: 8it [00:00, 30.76it/s]
                                          
normal: 1957/2000 frame=1956

Diffusion steps...: 0it [00:00, ?it/s]
Diffusion steps...: 4it [00:00, 30.45it/s]
Diffusion steps...: 8it [00:00, 30.84it/s]
                                          
normal: 1958/2000 frame=1957

Diffusion steps...: 0it [00:00, ?it/s]
Diffusion steps...: 3it [00:00, 29.67it/s]
Diffusion steps...: 7it [00:00, 30.39it/s]
                                          
normal: 1959/2000 frame=1958

Diffusion steps...: 0it [00:00, ?it/s]
Diffusion steps...: 4it [00:00, 30.42it/s]
Diffusion steps...: 8it [00:00, 30.60it/s]
                                          
normal: 1960/2000 frame=1959

Diffusion steps...: 0it [00:00, ?it/s]
Diffusion steps...: 4it [00:00, 30.42it/s]
Diffusion steps...: 8it [00:00, 30.73it/s]
                                          
normal: 1961/2000 frame=1960

Diffusion steps...: 0it [00:00, ?it/s]
Diffusion steps...: 4it [00:00, 30.49it/s]
Diffusion steps...: 8it [00:00, 30.79it/s]
                                          
normal: 1962/2000 frame=1961

Diffusion steps...: 0it [00:00, ?it/s]
Diffusion steps...: 4it [00:00, 30.52it/s]
Diffusion steps...: 8it [00:00, 30.82it/s]
                                          
normal: 1963/2000 frame=1962

Diffusion steps...: 0it [00:00, ?it/s]
Diffusion steps...: 4it [00:00, 30.38it/s]
Diffusion steps...: 8it [00:00, 30.73it/s]
                                          
normal: 1964/2000 frame=1963

Diffusion steps...: 0it [00:00, ?it/s]
Diffusion steps...: 4it [00:00, 30.31it/s]
Diffusion steps...: 8it [00:00, 30.70it/s]
                                          
normal: 1965/2000 frame=1964

Diffusion steps...: 0it [00:00, ?it/s]
Diffusion steps...: 4it [00:00, 30.42it/s]
Diffusion steps...: 8it [00:00, 30.79it/s]
                                          
normal: 1966/2000 frame=1965

Diffusion steps...: 0it [00:00, ?it/s]
Diffusion steps...: 4it [00:00, 30.32it/s]
Diffusion steps...: 8it [00:00, 30.67it/s]
                                          
normal: 1967/2000 frame=1966

Diffusion steps...: 0it [00:00, ?it/s]
Diffusion steps...: 4it [00:00, 30.45it/s]
Diffusion steps...: 8it [00:00, 30.77it/s]
                                          
normal: 1968/2000 frame=1967

Diffusion steps...: 0it [00:00, ?it/s]
Diffusion steps...: 4it [00:00, 30.41it/s]
Diffusion steps...: 8it [00:00, 30.75it/s]
                                          
normal: 1969/2000 frame=1968

Diffusion steps...: 0it [00:00, ?it/s]
Diffusion steps...: 4it [00:00, 30.45it/s]
Diffusion steps...: 8it [00:00, 30.77it/s]
                                          
normal: 1970/2000 frame=1969

Diffusion steps...: 0it [00:00, ?it/s]
Diffusion steps...: 4it [00:00, 30.41it/s]
Diffusion steps...: 8it [00:00, 30.73it/s]
                                          
normal: 1971/2000 frame=1970

Diffusion steps...: 0it [00:00, ?it/s]
Diffusion steps...: 4it [00:00, 30.33it/s]
Diffusion steps...: 8it [00:00, 30.75it/s]
                                          
normal: 1972/2000 frame=1971

Diffusion steps...: 0it [00:00, ?it/s]
Diffusion steps...: 4it [00:00, 30.42it/s]
Diffusion steps...: 8it [00:00, 30.72it/s]
                                          
normal: 1973/2000 frame=1972

Diffusion steps...: 0it [00:00, ?it/s]
Diffusion steps...: 4it [00:00, 30.59it/s]
Diffusion steps...: 8it [00:00, 30.84it/s]
                                          
normal: 1974/2000 frame=1973

Diffusion steps...: 0it [00:00, ?it/s]
Diffusion steps...: 4it [00:00, 30.32it/s]
Diffusion steps...: 8it [00:00, 30.69it/s]
                                          
normal: 1975/2000 frame=1974

Diffusion steps...: 0it [00:00, ?it/s]
Diffusion steps...: 4it [00:00, 30.52it/s]
Diffusion steps...: 8it [00:00, 30.82it/s]
                                          
normal: 1976/2000 frame=1975

Diffusion steps...: 0it [00:00, ?it/s]
Diffusion steps...: 4it [00:00, 30.40it/s]
Diffusion steps...: 8it [00:00, 30.74it/s]
                                          
normal: 1977/2000 frame=1976

Diffusion steps...: 0it [00:00, ?it/s]
Diffusion steps...: 4it [00:00, 30.49it/s]
Diffusion steps...: 8it [00:00, 30.75it/s]
                                          
normal: 1978/2000 frame=1977

Diffusion steps...: 0it [00:00, ?it/s]
Diffusion steps...: 4it [00:00, 30.23it/s]
Diffusion steps...: 8it [00:00, 30.62it/s]
                                          
normal: 1979/2000 frame=1978

Diffusion steps...: 0it [00:00, ?it/s]
Diffusion steps...: 4it [00:00, 30.55it/s]
Diffusion steps...: 8it [00:00, 30.83it/s]
                                          
normal: 1980/2000 frame=1979

Diffusion steps...: 0it [00:00, ?it/s]
Diffusion steps...: 4it [00:00, 30.41it/s]
Diffusion steps...: 8it [00:00, 30.77it/s]
                                          
normal: 1981/2000 frame=1980

Diffusion steps...: 0it [00:00, ?it/s]
Diffusion steps...: 4it [00:00, 30.43it/s]
Diffusion steps...: 8it [00:00, 30.74it/s]
                                          
normal: 1982/2000 frame=1981

Diffusion steps...: 0it [00:00, ?it/s]
Diffusion steps...: 4it [00:00, 30.31it/s]
Diffusion steps...: 8it [00:00, 30.68it/s]
                                          
normal: 1983/2000 frame=1982

Diffusion steps...: 0it [00:00, ?it/s]
Diffusion steps...: 4it [00:00, 30.61it/s]
Diffusion steps...: 8it [00:00, 30.88it/s]
                                          
normal: 1984/2000 frame=1983

Diffusion steps...: 0it [00:00, ?it/s]
Diffusion steps...: 4it [00:00, 30.45it/s]
Diffusion steps...: 8it [00:00, 30.74it/s]
                                          
normal: 1985/2000 frame=1984

Diffusion steps...: 0it [00:00, ?it/s]
Diffusion steps...: 4it [00:00, 30.54it/s]
Diffusion steps...: 8it [00:00, 30.81it/s]
                                          
normal: 1986/2000 frame=1985

Diffusion steps...: 0it [00:00, ?it/s]
Diffusion steps...: 4it [00:00, 30.35it/s]
Diffusion steps...: 8it [00:00, 30.74it/s]
                                          
normal: 1987/2000 frame=1986

Diffusion steps...: 0it [00:00, ?it/s]
Diffusion steps...: 4it [00:00, 30.49it/s]
Diffusion steps...: 8it [00:00, 30.78it/s]
                                          
normal: 1988/2000 frame=1987

Diffusion steps...: 0it [00:00, ?it/s]
Diffusion steps...: 4it [00:00, 30.28it/s]
Diffusion steps...: 8it [00:00, 30.70it/s]
                                          
normal: 1989/2000 frame=1988

Diffusion steps...: 0it [00:00, ?it/s]
Diffusion steps...: 4it [00:00, 30.40it/s]
Diffusion steps...: 8it [00:00, 30.77it/s]
                                          
normal: 1990/2000 frame=1989

Diffusion steps...: 0it [00:00, ?it/s]
Diffusion steps...: 4it [00:00, 30.47it/s]
Diffusion steps...: 8it [00:00, 30.73it/s]
                                          
normal: 1991/2000 frame=1990

Diffusion steps...: 0it [00:00, ?it/s]
Diffusion steps...: 4it [00:00, 30.56it/s]
Diffusion steps...: 8it [00:00, 30.82it/s]
                                          
normal: 1992/2000 frame=1991

Diffusion steps...: 0it [00:00, ?it/s]
Diffusion steps...: 4it [00:00, 30.37it/s]
Diffusion steps...: 8it [00:00, 30.70it/s]
                                          
normal: 1993/2000 frame=1992

Diffusion steps...: 0it [00:00, ?it/s]
Diffusion steps...: 4it [00:00, 30.37it/s]
Diffusion steps...: 8it [00:00, 30.73it/s]
                                          
normal: 1994/2000 frame=1993

Diffusion steps...: 0it [00:00, ?it/s]
Diffusion steps...: 3it [00:00, 29.74it/s]
Diffusion steps...: 7it [00:00, 30.50it/s]
                                          
normal: 1995/2000 frame=1994

Diffusion steps...: 0it [00:00, ?it/s]
Diffusion steps...: 4it [00:00, 30.53it/s]
Diffusion steps...: 8it [00:00, 30.86it/s]
                                          
normal: 1996/2000 frame=1995

Diffusion steps...: 0it [00:00, ?it/s]
Diffusion steps...: 4it [00:00, 30.50it/s]
Diffusion steps...: 8it [00:00, 30.79it/s]
                                          
normal: 1997/2000 frame=1996

Diffusion steps...: 0it [00:00, ?it/s]
Diffusion steps...: 4it [00:00, 30.46it/s]
Diffusion steps...: 8it [00:00, 30.80it/s]
                                          
normal: 1998/2000 frame=1997

Diffusion steps...: 0it [00:00, ?it/s]
Diffusion steps...: 4it [00:00, 30.44it/s]
Diffusion steps...: 8it [00:00, 30.80it/s]
                                          
normal: 1999/2000 frame=1998

Diffusion steps...: 0it [00:00, ?it/s]
Diffusion steps...: 4it [00:00, 30.51it/s]
Diffusion steps...: 8it [00:00, 30.79it/s]
                                          
normal: 2000/2000 frame=1999
/workspace/ubuntu2004_cuda12_1/projects/3dgs_relighting/PORT-GS/runs/refactored_six_scene_20261001/dependencies/surface_priors/Synthetic_GS3/AnisoMetal/normal.pt
