[97m[INFO ] using MLP layer as FFN[0m
Loading weights from local directory
[97m[INFO ] Processed Images Done taking 0.01620030403137207 seconds. Shape:  torch.Size([1, 3, 518, 518])[0m
[97m[INFO ] Model Forward Pass Done. Time: 0.6516635417938232 seconds[0m
[97m[INFO ] Conversion to Prediction Done. Time: 0.0010809898376464844 seconds[0m
depth: 1/2000 frame=0
[97m[INFO ] Processed Images Done taking 0.008629083633422852 seconds. Shape:  torch.Size([1, 3, 518, 518])[0m
[97m[INFO ] Model Forward Pass Done. Time: 0.13611984252929688 seconds[0m
[97m[INFO ] Conversion to Prediction Done. Time: 0.00034737586975097656 seconds[0m
depth: 2/2000 frame=1
[97m[INFO ] Processed Images Done taking 0.009235858917236328 seconds. Shape:  torch.Size([1, 3, 518, 518])[0m
[97m[INFO ] Model Forward Pass Done. Time: 0.041345834732055664 seconds[0m
[97m[INFO ] Conversion to Prediction Done. Time: 0.0003552436828613281 seconds[0m
depth: 3/2000 frame=2
[97m[INFO ] Processed Images Done taking 0.009159564971923828 seconds. Shape:  torch.Size([1, 3, 518, 518])[0m
[97m[INFO ] Model Forward Pass Done. Time: 0.04118967056274414 seconds[0m
[97m[INFO ] Conversion to Prediction Done. Time: 0.0003249645233154297 seconds[0m
depth: 4/2000 frame=3
[97m[INFO ] Processed Images Done taking 0.00922083854675293 seconds. Shape:  torch.Size([1, 3, 518, 518])[0m
[97m[INFO ] Model Forward Pass Done. Time: 0.04276752471923828 seconds[0m
[97m[INFO ] Conversion to Prediction Done. Time: 0.00034427642822265625 seconds[0m
depth: 5/2000 frame=4
[97m[INFO ] Processed Images Done taking 0.008950233459472656 seconds. Shape:  torch.Size([1, 3, 518, 518])[0m
[97m[INFO ] Model Forward Pass Done. Time: 0.04257321357727051 seconds[0m
[97m[INFO ] Conversion to Prediction Done. Time: 0.0003209114074707031 seconds[0m
depth: 6/2000 frame=5
[97m[INFO ] Processed Images Done taking 0.007371664047241211 seconds. Shape:  torch.Size([1, 3, 518, 518])[0m
[97m[INFO ] Model Forward Pass Done. Time: 0.04278278350830078 seconds[0m
[97m[INFO ] Conversion to Prediction Done. Time: 0.00033354759216308594 seconds[0m
depth: 7/2000 frame=6
[97m[INFO ] Processed Images Done taking 0.009235620498657227 seconds. Shape:  torch.Size([1, 3, 518, 518])[0m
[97m[INFO ] Model Forward Pass Done. Time: 0.0435023307800293 seconds[0m
[97m[INFO ] Conversion to Prediction Done. Time: 0.00036144256591796875 seconds[0m
depth: 8/2000 frame=7
[97m[INFO ] Processed Images Done taking 0.006445169448852539 seconds. Shape:  torch.Size([1, 3, 518, 518])[0m
[97m[INFO ] Model Forward Pass Done. Time: 0.04271745681762695 seconds[0m
[97m[INFO ] Conversion to Prediction Done. Time: 0.0003120899200439453 seconds[0m
depth: 9/2000 frame=8
[97m[INFO ] Processed Images Done taking 0.009892702102661133 seconds. Shape:  torch.Size([1, 3, 518, 518])[0m
[97m[INFO ] Model Forward Pass Done. Time: 0.04117727279663086 seconds[0m
[97m[INFO ] Conversion to Prediction Done. Time: 0.0003197193145751953 seconds[0m
depth: 10/2000 frame=9
[97m[INFO ] Processed Images Done taking 0.00867009162902832 seconds. Shape:  torch.Size([1, 3, 518, 518])[0m
[97m[INFO ] Model Forward Pass Done. Time: 0.04230523109436035 seconds[0m
[97m[INFO ] Conversion to Prediction Done. Time: 0.0003533363342285156 seconds[0m
depth: 11/2000 frame=10
[97m[INFO ] Processed Images Done taking 0.006354093551635742 seconds. Shape:  torch.Size([1, 3, 518, 518])[0m
[97m[INFO ] Model Forward Pass Done. Time: 0.044355154037475586 seconds[0m
[97m[INFO ] Conversion to Prediction Done. Time: 0.0003523826599121094 seconds[0m
depth: 12/2000 frame=11
[97m[INFO ] Processed Images Done taking 0.009835004806518555 seconds. Shape:  torch.Size([1, 3, 518, 518])[0m
[97m[INFO ] Model Forward Pass Done. Time: 0.04085421562194824 seconds[0m
[97m[INFO ] Conversion to Prediction Done. Time: 0.00031495094299316406 seconds[0m
depth: 13/2000 frame=12
[97m[INFO ] Processed Images Done taking 0.00651097297668457 seconds. Shape:  torch.Size([1, 3, 518, 518])[0m
[97m[INFO ] Model Forward Pass Done. Time: 0.04184913635253906 seconds[0m
[97m[INFO ] Conversion to Prediction Done. Time: 0.00035953521728515625 seconds[0m
depth: 14/2000 frame=13
[97m[INFO ] Processed Images Done taking 0.0065081119537353516 seconds. Shape:  torch.Size([1, 3, 518, 518])[0m
[97m[INFO ] Model Forward Pass Done. Time: 0.04244184494018555 seconds[0m
[97m[INFO ] Conversion to Prediction Done. Time: 0.0003178119659423828 seconds[0m
depth: 15/2000 frame=14
[97m[INFO ] Processed Images Done taking 0.01005101203918457 seconds. Shape:  torch.Size([1, 3, 518, 518])[0m
[97m[INFO ] Model Forward Pass Done. Time: 0.04465150833129883 seconds[0m
[97m[INFO ] Conversion to Prediction Done. Time: 0.0003292560577392578 seconds[0m
depth: 16/2000 frame=15
[97m[INFO ] Processed Images Done taking 0.007221698760986328 seconds. Shape:  torch.Size([1, 3, 518, 518])[0m
[97m[INFO ] Model Forward Pass Done. Time: 0.04154801368713379 seconds[0m
[97m[INFO ] Conversion to Prediction Done. Time: 0.00035762786865234375 seconds[0m
depth: 17/2000 frame=16
[97m[INFO ] Processed Images Done taking 0.0068378448486328125 seconds. Shape:  torch.Size([1, 3, 518, 518])[0m
[97m[INFO ] Model Forward Pass Done. Time: 0.04368901252746582 seconds[0m
[97m[INFO ] Conversion to Prediction Done. Time: 0.0003161430358886719 seconds[0m
depth: 18/2000 frame=17
[97m[INFO ] Processed Images Done taking 0.007256031036376953 seconds. Shape:  torch.Size([1, 3, 518, 518])[0m
[97m[INFO ] Model Forward Pass Done. Time: 0.04100632667541504 seconds[0m
[97m[INFO ] Conversion to Prediction Done. Time: 0.0003173351287841797 seconds[0m
depth: 19/2000 frame=18
[97m[INFO ] Processed Images Done taking 0.008772611618041992 seconds. Shape:  torch.Size([1, 3, 518, 518])[0m
[97m[INFO ] Model Forward Pass Done. Time: 0.04226517677307129 seconds[0m
[97m[INFO ] Conversion to Prediction Done. Time: 0.0003490447998046875 seconds[0m
depth: 20/2000 frame=19
[97m[INFO ] Processed Images Done taking 0.0074193477630615234 seconds. Shape:  torch.Size([1, 3, 518, 518])[0m
[97m[INFO ] Model Forward Pass Done. Time: 0.04122352600097656 seconds[0m
[97m[INFO ] Conversion to Prediction Done. Time: 0.0003135204315185547 seconds[0m
depth: 21/2000 frame=20
[97m[INFO ] Processed Images Done taking 0.007931232452392578 seconds. Shape:  torch.Size([1, 3, 518, 518])[0m
[97m[INFO ] Model Forward Pass Done. Time: 0.04149317741394043 seconds[0m
[97m[INFO ] Conversion to Prediction Done. Time: 0.00032806396484375 seconds[0m
depth: 22/2000 frame=21
[97m[INFO ] Processed Images Done taking 0.007578611373901367 seconds. Shape:  torch.Size([1, 3, 518, 518])[0m
[97m[INFO ] Model Forward Pass Done. Time: 0.04137468338012695 seconds[0m
[97m[INFO ] Conversion to Prediction Done. Time: 0.00036454200744628906 seconds[0m
depth: 23/2000 frame=22
[97m[INFO ] Processed Images Done taking 0.006372213363647461 seconds. Shape:  torch.Size([1, 3, 518, 518])[0m
[97m[INFO ] Model Forward Pass Done. Time: 0.0408635139465332 seconds[0m
[97m[INFO ] Conversion to Prediction Done. Time: 0.00032806396484375 seconds[0m
depth: 24/2000 frame=23
[97m[INFO ] Processed Images Done taking 0.006881237030029297 seconds. Shape:  torch.Size([1, 3, 518, 518])[0m
[97m[INFO ] Model Forward Pass Done. Time: 0.04197096824645996 seconds[0m
[97m[INFO ] Conversion to Prediction Done. Time: 0.0003135204315185547 seconds[0m
depth: 25/2000 frame=24
[97m[INFO ] Processed Images Done taking 0.00654292106628418 seconds. Shape:  torch.Size([1, 3, 518, 518])[0m
[97m[INFO ] Model Forward Pass Done. Time: 0.042435646057128906 seconds[0m
[97m[INFO ] Conversion to Prediction Done. Time: 0.0003516674041748047 seconds[0m
depth: 26/2000 frame=25
[97m[INFO ] Processed Images Done taking 0.006903648376464844 seconds. Shape:  torch.Size([1, 3, 518, 518])[0m
[97m[INFO ] Model Forward Pass Done. Time: 0.03986668586730957 seconds[0m
[97m[INFO ] Conversion to Prediction Done. Time: 0.00032806396484375 seconds[0m
depth: 27/2000 frame=26
[97m[INFO ] Processed Images Done taking 0.00717926025390625 seconds. Shape:  torch.Size([1, 3, 518, 518])[0m
[97m[INFO ] Model Forward Pass Done. Time: 0.04232931137084961 seconds[0m
[97m[INFO ] Conversion to Prediction Done. Time: 0.00031566619873046875 seconds[0m
depth: 28/2000 frame=27
[97m[INFO ] Processed Images Done taking 0.006092071533203125 seconds. Shape:  torch.Size([1, 3, 518, 518])[0m
[97m[INFO ] Model Forward Pass Done. Time: 0.041085004806518555 seconds[0m
[97m[INFO ] Conversion to Prediction Done. Time: 0.0003724098205566406 seconds[0m
depth: 29/2000 frame=28
[97m[INFO ] Processed Images Done taking 0.0067522525787353516 seconds. Shape:  torch.Size([1, 3, 518, 518])[0m
[97m[INFO ] Model Forward Pass Done. Time: 0.040801286697387695 seconds[0m
[97m[INFO ] Conversion to Prediction Done. Time: 0.0003266334533691406 seconds[0m
depth: 30/2000 frame=29
[97m[INFO ] Processed Images Done taking 0.007555961608886719 seconds. Shape:  torch.Size([1, 3, 518, 518])[0m
[97m[INFO ] Model Forward Pass Done. Time: 0.04371380805969238 seconds[0m
[97m[INFO ] Conversion to Prediction Done. Time: 0.0003094673156738281 seconds[0m
depth: 31/2000 frame=30
[97m[INFO ] Processed Images Done taking 0.007389545440673828 seconds. Shape:  torch.Size([1, 3, 518, 518])[0m
[97m[INFO ] Model Forward Pass Done. Time: 0.04074263572692871 seconds[0m
[97m[INFO ] Conversion to Prediction Done. Time: 0.00036787986755371094 seconds[0m
depth: 32/2000 frame=31
[97m[INFO ] Processed Images Done taking 0.006125450134277344 seconds. Shape:  torch.Size([1, 3, 518, 518])[0m
[97m[INFO ] Model Forward Pass Done. Time: 0.04229140281677246 seconds[0m
[97m[INFO ] Conversion to Prediction Done. Time: 0.0003292560577392578 seconds[0m
depth: 33/2000 frame=32
[97m[INFO ] Processed Images Done taking 0.0067522525787353516 seconds. Shape:  torch.Size([1, 3, 518, 518])[0m
[97m[INFO ] Model Forward Pass Done. Time: 0.041574954986572266 seconds[0m
[97m[INFO ] Conversion to Prediction Done. Time: 0.0003161430358886719 seconds[0m
depth: 34/2000 frame=33
[97m[INFO ] Processed Images Done taking 0.006003618240356445 seconds. Shape:  torch.Size([1, 3, 518, 518])[0m
[97m[INFO ] Model Forward Pass Done. Time: 0.04230141639709473 seconds[0m
[97m[INFO ] Conversion to Prediction Done. Time: 0.00035452842712402344 seconds[0m
depth: 35/2000 frame=34
[97m[INFO ] Processed Images Done taking 0.006291627883911133 seconds. Shape:  torch.Size([1, 3, 518, 518])[0m
[97m[INFO ] Model Forward Pass Done. Time: 0.04076027870178223 seconds[0m
[97m[INFO ] Conversion to Prediction Done. Time: 0.00032830238342285156 seconds[0m
depth: 36/2000 frame=35
[97m[INFO ] Processed Images Done taking 0.007508993148803711 seconds. Shape:  torch.Size([1, 3, 518, 518])[0m
[97m[INFO ] Model Forward Pass Done. Time: 0.04212331771850586 seconds[0m
[97m[INFO ] Conversion to Prediction Done. Time: 0.0003237724304199219 seconds[0m
depth: 37/2000 frame=36
[97m[INFO ] Processed Images Done taking 0.005776405334472656 seconds. Shape:  torch.Size([1, 3, 518, 518])[0m
[97m[INFO ] Model Forward Pass Done. Time: 0.04003500938415527 seconds[0m
[97m[INFO ] Conversion to Prediction Done. Time: 0.0003650188446044922 seconds[0m
depth: 38/2000 frame=37
[97m[INFO ] Processed Images Done taking 0.006610393524169922 seconds. Shape:  torch.Size([1, 3, 518, 518])[0m
[97m[INFO ] Model Forward Pass Done. Time: 0.04083895683288574 seconds[0m
[97m[INFO ] Conversion to Prediction Done. Time: 0.0003306865692138672 seconds[0m
depth: 39/2000 frame=38
[97m[INFO ] Processed Images Done taking 0.0066509246826171875 seconds. Shape:  torch.Size([1, 3, 518, 518])[0m
[97m[INFO ] Model Forward Pass Done. Time: 0.04097390174865723 seconds[0m
[97m[INFO ] Conversion to Prediction Done. Time: 0.0003085136413574219 seconds[0m
depth: 40/2000 frame=39
[97m[INFO ] Processed Images Done taking 0.006223440170288086 seconds. Shape:  torch.Size([1, 3, 518, 518])[0m
[97m[INFO ] Model Forward Pass Done. Time: 0.041083574295043945 seconds[0m
[97m[INFO ] Conversion to Prediction Done. Time: 0.00039076805114746094 seconds[0m
depth: 41/2000 frame=40
[97m[INFO ] Processed Images Done taking 0.006243228912353516 seconds. Shape:  torch.Size([1, 3, 518, 518])[0m
[97m[INFO ] Model Forward Pass Done. Time: 0.040943145751953125 seconds[0m
[97m[INFO ] Conversion to Prediction Done. Time: 0.00035119056701660156 seconds[0m
depth: 42/2000 frame=41
[97m[INFO ] Processed Images Done taking 0.00660252571105957 seconds. Shape:  torch.Size([1, 3, 518, 518])[0m
[97m[INFO ] Model Forward Pass Done. Time: 0.04126381874084473 seconds[0m
[97m[INFO ] Conversion to Prediction Done. Time: 0.0003273487091064453 seconds[0m
depth: 43/2000 frame=42
[97m[INFO ] Processed Images Done taking 0.006662130355834961 seconds. Shape:  torch.Size([1, 3, 518, 518])[0m
[97m[INFO ] Model Forward Pass Done. Time: 0.042479753494262695 seconds[0m
[97m[INFO ] Conversion to Prediction Done. Time: 0.000331878662109375 seconds[0m
depth: 44/2000 frame=43
[97m[INFO ] Processed Images Done taking 0.007222890853881836 seconds. Shape:  torch.Size([1, 3, 518, 518])[0m
[97m[INFO ] Model Forward Pass Done. Time: 0.04010343551635742 seconds[0m
[97m[INFO ] Conversion to Prediction Done. Time: 0.00032639503479003906 seconds[0m
depth: 45/2000 frame=44
[97m[INFO ] Processed Images Done taking 0.006826162338256836 seconds. Shape:  torch.Size([1, 3, 518, 518])[0m
[97m[INFO ] Model Forward Pass Done. Time: 0.04111123085021973 seconds[0m
[97m[INFO ] Conversion to Prediction Done. Time: 0.0003647804260253906 seconds[0m
depth: 46/2000 frame=45
[97m[INFO ] Processed Images Done taking 0.006537675857543945 seconds. Shape:  torch.Size([1, 3, 518, 518])[0m
[97m[INFO ] Model Forward Pass Done. Time: 0.03994107246398926 seconds[0m
[97m[INFO ] Conversion to Prediction Done. Time: 0.00033473968505859375 seconds[0m
depth: 47/2000 frame=46
[97m[INFO ] Processed Images Done taking 0.0078008174896240234 seconds. Shape:  torch.Size([1, 3, 518, 518])[0m
[97m[INFO ] Model Forward Pass Done. Time: 0.04248237609863281 seconds[0m
[97m[INFO ] Conversion to Prediction Done. Time: 0.0003306865692138672 seconds[0m
depth: 48/2000 frame=47
[97m[INFO ] Processed Images Done taking 0.006367921829223633 seconds. Shape:  torch.Size([1, 3, 518, 518])[0m
[97m[INFO ] Model Forward Pass Done. Time: 0.04104351997375488 seconds[0m
[97m[INFO ] Conversion to Prediction Done. Time: 0.00035071372985839844 seconds[0m
depth: 49/2000 frame=48
[97m[INFO ] Processed Images Done taking 0.007543087005615234 seconds. Shape:  torch.Size([1, 3, 518, 518])[0m
[97m[INFO ] Model Forward Pass Done. Time: 0.04097294807434082 seconds[0m
[97m[INFO ] Conversion to Prediction Done. Time: 0.00032830238342285156 seconds[0m
depth: 50/2000 frame=49
[97m[INFO ] Processed Images Done taking 0.006417036056518555 seconds. Shape:  torch.Size([1, 3, 518, 518])[0m
[97m[INFO ] Model Forward Pass Done. Time: 0.040659189224243164 seconds[0m
[97m[INFO ] Conversion to Prediction Done. Time: 0.000316619873046875 seconds[0m
depth: 51/2000 frame=50
[97m[INFO ] Processed Images Done taking 0.00741887092590332 seconds. Shape:  torch.Size([1, 3, 518, 518])[0m
[97m[INFO ] Model Forward Pass Done. Time: 0.04033827781677246 seconds[0m
[97m[INFO ] Conversion to Prediction Done. Time: 0.00036215782165527344 seconds[0m
depth: 52/2000 frame=51
[97m[INFO ] Processed Images Done taking 0.005613803863525391 seconds. Shape:  torch.Size([1, 3, 518, 518])[0m
[97m[INFO ] Model Forward Pass Done. Time: 0.0397493839263916 seconds[0m
[97m[INFO ] Conversion to Prediction Done. Time: 0.0003266334533691406 seconds[0m
depth: 53/2000 frame=52
[97m[INFO ] Processed Images Done taking 0.007684946060180664 seconds. Shape:  torch.Size([1, 3, 518, 518])[0m
[97m[INFO ] Model Forward Pass Done. Time: 0.04267764091491699 seconds[0m
[97m[INFO ] Conversion to Prediction Done. Time: 0.00033020973205566406 seconds[0m
depth: 54/2000 frame=53
[97m[INFO ] Processed Images Done taking 0.006860971450805664 seconds. Shape:  torch.Size([1, 3, 518, 518])[0m
[97m[INFO ] Model Forward Pass Done. Time: 0.04114961624145508 seconds[0m
[97m[INFO ] Conversion to Prediction Done. Time: 0.0003654956817626953 seconds[0m
depth: 55/2000 frame=54
[97m[INFO ] Processed Images Done taking 0.006604909896850586 seconds. Shape:  torch.Size([1, 3, 518, 518])[0m
[97m[INFO ] Model Forward Pass Done. Time: 0.04082632064819336 seconds[0m
[97m[INFO ] Conversion to Prediction Done. Time: 0.0003311634063720703 seconds[0m
depth: 56/2000 frame=55
[97m[INFO ] Processed Images Done taking 0.007606983184814453 seconds. Shape:  torch.Size([1, 3, 518, 518])[0m
[97m[INFO ] Model Forward Pass Done. Time: 0.03976082801818848 seconds[0m
[97m[INFO ] Conversion to Prediction Done. Time: 0.00031948089599609375 seconds[0m
depth: 57/2000 frame=56
[97m[INFO ] Processed Images Done taking 0.0062847137451171875 seconds. Shape:  torch.Size([1, 3, 518, 518])[0m
[97m[INFO ] Model Forward Pass Done. Time: 0.040496110916137695 seconds[0m
[97m[INFO ] Conversion to Prediction Done. Time: 0.0003604888916015625 seconds[0m
depth: 58/2000 frame=57
[97m[INFO ] Processed Images Done taking 0.006050825119018555 seconds. Shape:  torch.Size([1, 3, 518, 518])[0m
[97m[INFO ] Model Forward Pass Done. Time: 0.04420971870422363 seconds[0m
[97m[INFO ] Conversion to Prediction Done. Time: 0.0003514289855957031 seconds[0m
depth: 59/2000 frame=58
[97m[INFO ] Processed Images Done taking 0.0070438385009765625 seconds. Shape:  torch.Size([1, 3, 518, 518])[0m
[97m[INFO ] Model Forward Pass Done. Time: 0.04088997840881348 seconds[0m
[97m[INFO ] Conversion to Prediction Done. Time: 0.0003323554992675781 seconds[0m
depth: 60/2000 frame=59
[97m[INFO ] Processed Images Done taking 0.006392955780029297 seconds. Shape:  torch.Size([1, 3, 518, 518])[0m
[97m[INFO ] Model Forward Pass Done. Time: 0.04420280456542969 seconds[0m
[97m[INFO ] Conversion to Prediction Done. Time: 0.0003535747528076172 seconds[0m
depth: 61/2000 frame=60
[97m[INFO ] Processed Images Done taking 0.005980968475341797 seconds. Shape:  torch.Size([1, 3, 518, 518])[0m
[97m[INFO ] Model Forward Pass Done. Time: 0.04058408737182617 seconds[0m
[97m[INFO ] Conversion to Prediction Done. Time: 0.0003325939178466797 seconds[0m
depth: 62/2000 frame=61
[97m[INFO ] Processed Images Done taking 0.007740497589111328 seconds. Shape:  torch.Size([1, 3, 518, 518])[0m
[97m[INFO ] Model Forward Pass Done. Time: 0.04236626625061035 seconds[0m
[97m[INFO ] Conversion to Prediction Done. Time: 0.00032782554626464844 seconds[0m
depth: 63/2000 frame=62
[97m[INFO ] Processed Images Done taking 0.006653547286987305 seconds. Shape:  torch.Size([1, 3, 518, 518])[0m
[97m[INFO ] Model Forward Pass Done. Time: 0.04109907150268555 seconds[0m
[97m[INFO ] Conversion to Prediction Done. Time: 0.0003542900085449219 seconds[0m
depth: 64/2000 frame=63
[97m[INFO ] Processed Images Done taking 0.0059015750885009766 seconds. Shape:  torch.Size([1, 3, 518, 518])[0m
[97m[INFO ] Model Forward Pass Done. Time: 0.040685176849365234 seconds[0m
[97m[INFO ] Conversion to Prediction Done. Time: 0.00033402442932128906 seconds[0m
depth: 65/2000 frame=64
[97m[INFO ] Processed Images Done taking 0.006735563278198242 seconds. Shape:  torch.Size([1, 3, 518, 518])[0m
[97m[INFO ] Model Forward Pass Done. Time: 0.04004478454589844 seconds[0m
[97m[INFO ] Conversion to Prediction Done. Time: 0.0003349781036376953 seconds[0m
depth: 66/2000 frame=65
[97m[INFO ] Processed Images Done taking 0.0062007904052734375 seconds. Shape:  torch.Size([1, 3, 518, 518])[0m
[97m[INFO ] Model Forward Pass Done. Time: 0.04254746437072754 seconds[0m
[97m[INFO ] Conversion to Prediction Done. Time: 0.000362396240234375 seconds[0m
depth: 67/2000 frame=66
[97m[INFO ] Processed Images Done taking 0.006897687911987305 seconds. Shape:  torch.Size([1, 3, 518, 518])[0m
[97m[INFO ] Model Forward Pass Done. Time: 0.04111027717590332 seconds[0m
[97m[INFO ] Conversion to Prediction Done. Time: 0.0003261566162109375 seconds[0m
depth: 68/2000 frame=67
[97m[INFO ] Processed Images Done taking 0.007424116134643555 seconds. Shape:  torch.Size([1, 3, 518, 518])[0m
[97m[INFO ] Model Forward Pass Done. Time: 0.04130101203918457 seconds[0m
[97m[INFO ] Conversion to Prediction Done. Time: 0.0003323554992675781 seconds[0m
depth: 69/2000 frame=68
[97m[INFO ] Processed Images Done taking 0.007014274597167969 seconds. Shape:  torch.Size([1, 3, 518, 518])[0m
[97m[INFO ] Model Forward Pass Done. Time: 0.041495323181152344 seconds[0m
[97m[INFO ] Conversion to Prediction Done. Time: 0.0003581047058105469 seconds[0m
depth: 70/2000 frame=69
[97m[INFO ] Processed Images Done taking 0.005881786346435547 seconds. Shape:  torch.Size([1, 3, 518, 518])[0m
[97m[INFO ] Model Forward Pass Done. Time: 0.042549848556518555 seconds[0m
[97m[INFO ] Conversion to Prediction Done. Time: 0.00032258033752441406 seconds[0m
depth: 71/2000 frame=70
[97m[INFO ] Processed Images Done taking 0.006070613861083984 seconds. Shape:  torch.Size([1, 3, 518, 518])[0m
[97m[INFO ] Model Forward Pass Done. Time: 0.04095101356506348 seconds[0m
[97m[INFO ] Conversion to Prediction Done. Time: 0.0003428459167480469 seconds[0m
depth: 72/2000 frame=71
[97m[INFO ] Processed Images Done taking 0.0060710906982421875 seconds. Shape:  torch.Size([1, 3, 518, 518])[0m
[97m[INFO ] Model Forward Pass Done. Time: 0.04047989845275879 seconds[0m
[97m[INFO ] Conversion to Prediction Done. Time: 0.0003616809844970703 seconds[0m
depth: 73/2000 frame=72
[97m[INFO ] Processed Images Done taking 0.006812334060668945 seconds. Shape:  torch.Size([1, 3, 518, 518])[0m
[97m[INFO ] Model Forward Pass Done. Time: 0.04245734214782715 seconds[0m
[97m[INFO ] Conversion to Prediction Done. Time: 0.0003333091735839844 seconds[0m
depth: 74/2000 frame=73
[97m[INFO ] Processed Images Done taking 0.00711512565612793 seconds. Shape:  torch.Size([1, 3, 518, 518])[0m
[97m[INFO ] Model Forward Pass Done. Time: 0.04091358184814453 seconds[0m
[97m[INFO ] Conversion to Prediction Done. Time: 0.00033283233642578125 seconds[0m
depth: 75/2000 frame=74
[97m[INFO ] Processed Images Done taking 0.006735801696777344 seconds. Shape:  torch.Size([1, 3, 518, 518])[0m
[97m[INFO ] Model Forward Pass Done. Time: 0.04210162162780762 seconds[0m
[97m[INFO ] Conversion to Prediction Done. Time: 0.0003428459167480469 seconds[0m
depth: 76/2000 frame=75
[97m[INFO ] Processed Images Done taking 0.006541013717651367 seconds. Shape:  torch.Size([1, 3, 518, 518])[0m
[97m[INFO ] Model Forward Pass Done. Time: 0.04073691368103027 seconds[0m
[97m[INFO ] Conversion to Prediction Done. Time: 0.0003151893615722656 seconds[0m
depth: 77/2000 frame=76
[97m[INFO ] Processed Images Done taking 0.006871461868286133 seconds. Shape:  torch.Size([1, 3, 518, 518])[0m
[97m[INFO ] Model Forward Pass Done. Time: 0.04090237617492676 seconds[0m
[97m[INFO ] Conversion to Prediction Done. Time: 0.0003299713134765625 seconds[0m
depth: 78/2000 frame=77
[97m[INFO ] Processed Images Done taking 0.006323337554931641 seconds. Shape:  torch.Size([1, 3, 518, 518])[0m
[97m[INFO ] Model Forward Pass Done. Time: 0.04264116287231445 seconds[0m
[97m[INFO ] Conversion to Prediction Done. Time: 0.0003714561462402344 seconds[0m
depth: 79/2000 frame=78
[97m[INFO ] Processed Images Done taking 0.006415843963623047 seconds. Shape:  torch.Size([1, 3, 518, 518])[0m
[97m[INFO ] Model Forward Pass Done. Time: 0.04242730140686035 seconds[0m
[97m[INFO ] Conversion to Prediction Done. Time: 0.00034046173095703125 seconds[0m
depth: 80/2000 frame=79
[97m[INFO ] Processed Images Done taking 0.006550312042236328 seconds. Shape:  torch.Size([1, 3, 518, 518])[0m
[97m[INFO ] Model Forward Pass Done. Time: 0.04314827919006348 seconds[0m
[97m[INFO ] Conversion to Prediction Done. Time: 0.0003287792205810547 seconds[0m
depth: 81/2000 frame=80
[97m[INFO ] Processed Images Done taking 0.007280826568603516 seconds. Shape:  torch.Size([1, 3, 518, 518])[0m
[97m[INFO ] Model Forward Pass Done. Time: 0.04138922691345215 seconds[0m
[97m[INFO ] Conversion to Prediction Done. Time: 0.0003504753112792969 seconds[0m
depth: 82/2000 frame=81
[97m[INFO ] Processed Images Done taking 0.005995750427246094 seconds. Shape:  torch.Size([1, 3, 518, 518])[0m
[97m[INFO ] Model Forward Pass Done. Time: 0.04098081588745117 seconds[0m
[97m[INFO ] Conversion to Prediction Done. Time: 0.0003361701965332031 seconds[0m
depth: 83/2000 frame=82
[97m[INFO ] Processed Images Done taking 0.006788969039916992 seconds. Shape:  torch.Size([1, 3, 518, 518])[0m
[97m[INFO ] Model Forward Pass Done. Time: 0.03804945945739746 seconds[0m
[97m[INFO ] Conversion to Prediction Done. Time: 0.00034236907958984375 seconds[0m
depth: 84/2000 frame=83
[97m[INFO ] Processed Images Done taking 0.007596015930175781 seconds. Shape:  torch.Size([1, 3, 518, 518])[0m
[97m[INFO ] Model Forward Pass Done. Time: 0.04146575927734375 seconds[0m
[97m[INFO ] Conversion to Prediction Done. Time: 0.00036716461181640625 seconds[0m
depth: 85/2000 frame=84
[97m[INFO ] Processed Images Done taking 0.0062100887298583984 seconds. Shape:  torch.Size([1, 3, 518, 518])[0m
[97m[INFO ] Model Forward Pass Done. Time: 0.042124271392822266 seconds[0m
[97m[INFO ] Conversion to Prediction Done. Time: 0.00032448768615722656 seconds[0m
depth: 86/2000 frame=85
[97m[INFO ] Processed Images Done taking 0.007238864898681641 seconds. Shape:  torch.Size([1, 3, 518, 518])[0m
[97m[INFO ] Model Forward Pass Done. Time: 0.040804147720336914 seconds[0m
[97m[INFO ] Conversion to Prediction Done. Time: 0.0003228187561035156 seconds[0m
depth: 87/2000 frame=86
[97m[INFO ] Processed Images Done taking 0.006757259368896484 seconds. Shape:  torch.Size([1, 3, 518, 518])[0m
[97m[INFO ] Model Forward Pass Done. Time: 0.04505658149719238 seconds[0m
[97m[INFO ] Conversion to Prediction Done. Time: 0.0003693103790283203 seconds[0m
depth: 88/2000 frame=87
[97m[INFO ] Processed Images Done taking 0.008187294006347656 seconds. Shape:  torch.Size([1, 3, 518, 518])[0m
[97m[INFO ] Model Forward Pass Done. Time: 0.042057037353515625 seconds[0m
[97m[INFO ] Conversion to Prediction Done. Time: 0.0003437995910644531 seconds[0m
depth: 89/2000 frame=88
[97m[INFO ] Processed Images Done taking 0.006673336029052734 seconds. Shape:  torch.Size([1, 3, 518, 518])[0m
[97m[INFO ] Model Forward Pass Done. Time: 0.04254889488220215 seconds[0m
[97m[INFO ] Conversion to Prediction Done. Time: 0.0003223419189453125 seconds[0m
depth: 90/2000 frame=89
[97m[INFO ] Processed Images Done taking 0.006217479705810547 seconds. Shape:  torch.Size([1, 3, 518, 518])[0m
[97m[INFO ] Model Forward Pass Done. Time: 0.040860652923583984 seconds[0m
[97m[INFO ] Conversion to Prediction Done. Time: 0.000347137451171875 seconds[0m
depth: 91/2000 frame=90
[97m[INFO ] Processed Images Done taking 0.0067195892333984375 seconds. Shape:  torch.Size([1, 3, 518, 518])[0m
[97m[INFO ] Model Forward Pass Done. Time: 0.044516563415527344 seconds[0m
[97m[INFO ] Conversion to Prediction Done. Time: 0.00033020973205566406 seconds[0m
depth: 92/2000 frame=91
[97m[INFO ] Processed Images Done taking 0.007790803909301758 seconds. Shape:  torch.Size([1, 3, 518, 518])[0m
[97m[INFO ] Model Forward Pass Done. Time: 0.041226863861083984 seconds[0m
[97m[INFO ] Conversion to Prediction Done. Time: 0.0003502368927001953 seconds[0m
depth: 93/2000 frame=92
[97m[INFO ] Processed Images Done taking 0.00607609748840332 seconds. Shape:  torch.Size([1, 3, 518, 518])[0m
[97m[INFO ] Model Forward Pass Done. Time: 0.04146742820739746 seconds[0m
[97m[INFO ] Conversion to Prediction Done. Time: 0.0003628730773925781 seconds[0m
depth: 94/2000 frame=93
[97m[INFO ] Processed Images Done taking 0.0071163177490234375 seconds. Shape:  torch.Size([1, 3, 518, 518])[0m
[97m[INFO ] Model Forward Pass Done. Time: 0.04231429100036621 seconds[0m
[97m[INFO ] Conversion to Prediction Done. Time: 0.00032019615173339844 seconds[0m
depth: 95/2000 frame=94
[97m[INFO ] Processed Images Done taking 0.00718998908996582 seconds. Shape:  torch.Size([1, 3, 518, 518])[0m
[97m[INFO ] Model Forward Pass Done. Time: 0.040866851806640625 seconds[0m
[97m[INFO ] Conversion to Prediction Done. Time: 0.0003380775451660156 seconds[0m
depth: 96/2000 frame=95
[97m[INFO ] Processed Images Done taking 0.006831645965576172 seconds. Shape:  torch.Size([1, 3, 518, 518])[0m
[97m[INFO ] Model Forward Pass Done. Time: 0.041596412658691406 seconds[0m
[97m[INFO ] Conversion to Prediction Done. Time: 0.0003657341003417969 seconds[0m
depth: 97/2000 frame=96
[97m[INFO ] Processed Images Done taking 0.006651878356933594 seconds. Shape:  torch.Size([1, 3, 518, 518])[0m
[97m[INFO ] Model Forward Pass Done. Time: 0.040309906005859375 seconds[0m
[97m[INFO ] Conversion to Prediction Done. Time: 0.00032830238342285156 seconds[0m
depth: 98/2000 frame=97
[97m[INFO ] Processed Images Done taking 0.006531238555908203 seconds. Shape:  torch.Size([1, 3, 518, 518])[0m
[97m[INFO ] Model Forward Pass Done. Time: 0.04269075393676758 seconds[0m
[97m[INFO ] Conversion to Prediction Done. Time: 0.0003323554992675781 seconds[0m
depth: 99/2000 frame=98
[97m[INFO ] Processed Images Done taking 0.006457805633544922 seconds. Shape:  torch.Size([1, 3, 518, 518])[0m
[97m[INFO ] Model Forward Pass Done. Time: 0.0425112247467041 seconds[0m
[97m[INFO ] Conversion to Prediction Done. Time: 0.0003654956817626953 seconds[0m
depth: 100/2000 frame=99
[97m[INFO ] Processed Images Done taking 0.006508350372314453 seconds. Shape:  torch.Size([1, 3, 518, 518])[0m
[97m[INFO ] Model Forward Pass Done. Time: 0.042173147201538086 seconds[0m
[97m[INFO ] Conversion to Prediction Done. Time: 0.00035452842712402344 seconds[0m
depth: 101/2000 frame=100
[97m[INFO ] Processed Images Done taking 0.0068721771240234375 seconds. Shape:  torch.Size([1, 3, 518, 518])[0m
[97m[INFO ] Model Forward Pass Done. Time: 0.04127311706542969 seconds[0m
[97m[INFO ] Conversion to Prediction Done. Time: 0.0003294944763183594 seconds[0m
depth: 102/2000 frame=101
[97m[INFO ] Processed Images Done taking 0.005704164505004883 seconds. Shape:  torch.Size([1, 3, 518, 518])[0m
[97m[INFO ] Model Forward Pass Done. Time: 0.04281473159790039 seconds[0m
[97m[INFO ] Conversion to Prediction Done. Time: 0.00036644935607910156 seconds[0m
depth: 103/2000 frame=102
[97m[INFO ] Processed Images Done taking 0.006307125091552734 seconds. Shape:  torch.Size([1, 3, 518, 518])[0m
[97m[INFO ] Model Forward Pass Done. Time: 0.04266715049743652 seconds[0m
[97m[INFO ] Conversion to Prediction Done. Time: 0.0003323554992675781 seconds[0m
depth: 104/2000 frame=103
[97m[INFO ] Processed Images Done taking 0.006608724594116211 seconds. Shape:  torch.Size([1, 3, 518, 518])[0m
[97m[INFO ] Model Forward Pass Done. Time: 0.04113030433654785 seconds[0m
[97m[INFO ] Conversion to Prediction Done. Time: 0.0003376007080078125 seconds[0m
depth: 105/2000 frame=104
[97m[INFO ] Processed Images Done taking 0.006733894348144531 seconds. Shape:  torch.Size([1, 3, 518, 518])[0m
[97m[INFO ] Model Forward Pass Done. Time: 0.04129171371459961 seconds[0m
[97m[INFO ] Conversion to Prediction Done. Time: 0.00037217140197753906 seconds[0m
depth: 106/2000 frame=105
[97m[INFO ] Processed Images Done taking 0.006501913070678711 seconds. Shape:  torch.Size([1, 3, 518, 518])[0m
[97m[INFO ] Model Forward Pass Done. Time: 0.04013967514038086 seconds[0m
[97m[INFO ] Conversion to Prediction Done. Time: 0.00032639503479003906 seconds[0m
depth: 107/2000 frame=106
[97m[INFO ] Processed Images Done taking 0.0062291622161865234 seconds. Shape:  torch.Size([1, 3, 518, 518])[0m
[97m[INFO ] Model Forward Pass Done. Time: 0.04279494285583496 seconds[0m
[97m[INFO ] Conversion to Prediction Done. Time: 0.0003275871276855469 seconds[0m
depth: 108/2000 frame=107
[97m[INFO ] Processed Images Done taking 0.0064105987548828125 seconds. Shape:  torch.Size([1, 3, 518, 518])[0m
[97m[INFO ] Model Forward Pass Done. Time: 0.040576934814453125 seconds[0m
[97m[INFO ] Conversion to Prediction Done. Time: 0.00035643577575683594 seconds[0m
depth: 109/2000 frame=108
[97m[INFO ] Processed Images Done taking 0.006221294403076172 seconds. Shape:  torch.Size([1, 3, 518, 518])[0m
[97m[INFO ] Model Forward Pass Done. Time: 0.04283452033996582 seconds[0m
[97m[INFO ] Conversion to Prediction Done. Time: 0.00032901763916015625 seconds[0m
depth: 110/2000 frame=109
[97m[INFO ] Processed Images Done taking 0.0063440799713134766 seconds. Shape:  torch.Size([1, 3, 518, 518])[0m
[97m[INFO ] Model Forward Pass Done. Time: 0.04089164733886719 seconds[0m
[97m[INFO ] Conversion to Prediction Done. Time: 0.00033092498779296875 seconds[0m
depth: 111/2000 frame=110
[97m[INFO ] Processed Images Done taking 0.0062830448150634766 seconds. Shape:  torch.Size([1, 3, 518, 518])[0m
[97m[INFO ] Model Forward Pass Done. Time: 0.04049825668334961 seconds[0m
[97m[INFO ] Conversion to Prediction Done. Time: 0.0003573894500732422 seconds[0m
depth: 112/2000 frame=111
[97m[INFO ] Processed Images Done taking 0.006541252136230469 seconds. Shape:  torch.Size([1, 3, 518, 518])[0m
[97m[INFO ] Model Forward Pass Done. Time: 0.041275739669799805 seconds[0m
[97m[INFO ] Conversion to Prediction Done. Time: 0.0003349781036376953 seconds[0m
depth: 113/2000 frame=112
[97m[INFO ] Processed Images Done taking 0.0056896209716796875 seconds. Shape:  torch.Size([1, 3, 518, 518])[0m
[97m[INFO ] Model Forward Pass Done. Time: 0.040848493576049805 seconds[0m
[97m[INFO ] Conversion to Prediction Done. Time: 0.0003342628479003906 seconds[0m
depth: 114/2000 frame=113
[97m[INFO ] Processed Images Done taking 0.0061740875244140625 seconds. Shape:  torch.Size([1, 3, 518, 518])[0m
[97m[INFO ] Model Forward Pass Done. Time: 0.04109454154968262 seconds[0m
[97m[INFO ] Conversion to Prediction Done. Time: 0.00036525726318359375 seconds[0m
depth: 115/2000 frame=114
[97m[INFO ] Processed Images Done taking 0.006582498550415039 seconds. Shape:  torch.Size([1, 3, 518, 518])[0m
[97m[INFO ] Model Forward Pass Done. Time: 0.041068315505981445 seconds[0m
[97m[INFO ] Conversion to Prediction Done. Time: 0.000324249267578125 seconds[0m
depth: 116/2000 frame=115
[97m[INFO ] Processed Images Done taking 0.006636142730712891 seconds. Shape:  torch.Size([1, 3, 518, 518])[0m
[97m[INFO ] Model Forward Pass Done. Time: 0.04098200798034668 seconds[0m
[97m[INFO ] Conversion to Prediction Done. Time: 0.0003380775451660156 seconds[0m
depth: 117/2000 frame=116
[97m[INFO ] Processed Images Done taking 0.0064029693603515625 seconds. Shape:  torch.Size([1, 3, 518, 518])[0m
[97m[INFO ] Model Forward Pass Done. Time: 0.0411524772644043 seconds[0m
[97m[INFO ] Conversion to Prediction Done. Time: 0.0003573894500732422 seconds[0m
depth: 118/2000 frame=117
[97m[INFO ] Processed Images Done taking 0.0058977603912353516 seconds. Shape:  torch.Size([1, 3, 518, 518])[0m
[97m[INFO ] Model Forward Pass Done. Time: 0.04048800468444824 seconds[0m
[97m[INFO ] Conversion to Prediction Done. Time: 0.0003333091735839844 seconds[0m
depth: 119/2000 frame=118
[97m[INFO ] Processed Images Done taking 0.0066585540771484375 seconds. Shape:  torch.Size([1, 3, 518, 518])[0m
[97m[INFO ] Model Forward Pass Done. Time: 0.042411088943481445 seconds[0m
[97m[INFO ] Conversion to Prediction Done. Time: 0.00034332275390625 seconds[0m
depth: 120/2000 frame=119
[97m[INFO ] Processed Images Done taking 0.006655454635620117 seconds. Shape:  torch.Size([1, 3, 518, 518])[0m
[97m[INFO ] Model Forward Pass Done. Time: 0.04141688346862793 seconds[0m
[97m[INFO ] Conversion to Prediction Done. Time: 0.0003676414489746094 seconds[0m
depth: 121/2000 frame=120
[97m[INFO ] Processed Images Done taking 0.009046077728271484 seconds. Shape:  torch.Size([1, 3, 518, 518])[0m
[97m[INFO ] Model Forward Pass Done. Time: 0.04087328910827637 seconds[0m
[97m[INFO ] Conversion to Prediction Done. Time: 0.0003123283386230469 seconds[0m
depth: 122/2000 frame=121
[97m[INFO ] Processed Images Done taking 0.006598234176635742 seconds. Shape:  torch.Size([1, 3, 518, 518])[0m
[97m[INFO ] Model Forward Pass Done. Time: 0.04455208778381348 seconds[0m
[97m[INFO ] Conversion to Prediction Done. Time: 0.0003509521484375 seconds[0m
depth: 123/2000 frame=122
[97m[INFO ] Processed Images Done taking 0.006319284439086914 seconds. Shape:  torch.Size([1, 3, 518, 518])[0m
[97m[INFO ] Model Forward Pass Done. Time: 0.04062366485595703 seconds[0m
[97m[INFO ] Conversion to Prediction Done. Time: 0.0003581047058105469 seconds[0m
depth: 124/2000 frame=123
[97m[INFO ] Processed Images Done taking 0.0056726932525634766 seconds. Shape:  torch.Size([1, 3, 518, 518])[0m
[97m[INFO ] Model Forward Pass Done. Time: 0.04071235656738281 seconds[0m
[97m[INFO ] Conversion to Prediction Done. Time: 0.00032806396484375 seconds[0m
depth: 125/2000 frame=124
[97m[INFO ] Processed Images Done taking 0.006752729415893555 seconds. Shape:  torch.Size([1, 3, 518, 518])[0m
[97m[INFO ] Model Forward Pass Done. Time: 0.040843963623046875 seconds[0m
[97m[INFO ] Conversion to Prediction Done. Time: 0.0003285408020019531 seconds[0m
depth: 126/2000 frame=125
[97m[INFO ] Processed Images Done taking 0.006629228591918945 seconds. Shape:  torch.Size([1, 3, 518, 518])[0m
[97m[INFO ] Model Forward Pass Done. Time: 0.041552066802978516 seconds[0m
[97m[INFO ] Conversion to Prediction Done. Time: 0.00035858154296875 seconds[0m
depth: 127/2000 frame=126
[97m[INFO ] Processed Images Done taking 0.007506847381591797 seconds. Shape:  torch.Size([1, 3, 518, 518])[0m
[97m[INFO ] Model Forward Pass Done. Time: 0.04114866256713867 seconds[0m
[97m[INFO ] Conversion to Prediction Done. Time: 0.0003390312194824219 seconds[0m
depth: 128/2000 frame=127
[97m[INFO ] Processed Images Done taking 0.006255626678466797 seconds. Shape:  torch.Size([1, 3, 518, 518])[0m
[97m[INFO ] Model Forward Pass Done. Time: 0.04269528388977051 seconds[0m
[97m[INFO ] Conversion to Prediction Done. Time: 0.00032901763916015625 seconds[0m
depth: 129/2000 frame=128
[97m[INFO ] Processed Images Done taking 0.006697654724121094 seconds. Shape:  torch.Size([1, 3, 518, 518])[0m
[97m[INFO ] Model Forward Pass Done. Time: 0.04055166244506836 seconds[0m
[97m[INFO ] Conversion to Prediction Done. Time: 0.00037288665771484375 seconds[0m
depth: 130/2000 frame=129
[97m[INFO ] Processed Images Done taking 0.005277156829833984 seconds. Shape:  torch.Size([1, 3, 518, 518])[0m
[97m[INFO ] Model Forward Pass Done. Time: 0.042815446853637695 seconds[0m
[97m[INFO ] Conversion to Prediction Done. Time: 0.00033211708068847656 seconds[0m
depth: 131/2000 frame=130
[97m[INFO ] Processed Images Done taking 0.0062520503997802734 seconds. Shape:  torch.Size([1, 3, 518, 518])[0m
[97m[INFO ] Model Forward Pass Done. Time: 0.04148268699645996 seconds[0m
[97m[INFO ] Conversion to Prediction Done. Time: 0.0003688335418701172 seconds[0m
depth: 132/2000 frame=131
[97m[INFO ] Processed Images Done taking 0.0075910091400146484 seconds. Shape:  torch.Size([1, 3, 518, 518])[0m
[97m[INFO ] Model Forward Pass Done. Time: 0.04099440574645996 seconds[0m
[97m[INFO ] Conversion to Prediction Done. Time: 0.00032210350036621094 seconds[0m
depth: 133/2000 frame=132
[97m[INFO ] Processed Images Done taking 0.00672459602355957 seconds. Shape:  torch.Size([1, 3, 518, 518])[0m
[97m[INFO ] Model Forward Pass Done. Time: 0.03813052177429199 seconds[0m
[97m[INFO ] Conversion to Prediction Done. Time: 0.00033402442932128906 seconds[0m
depth: 134/2000 frame=133
[97m[INFO ] Processed Images Done taking 0.006207704544067383 seconds. Shape:  torch.Size([1, 3, 518, 518])[0m
[97m[INFO ] Model Forward Pass Done. Time: 0.04250979423522949 seconds[0m
[97m[INFO ] Conversion to Prediction Done. Time: 0.0003666877746582031 seconds[0m
depth: 135/2000 frame=134
[97m[INFO ] Processed Images Done taking 0.007234811782836914 seconds. Shape:  torch.Size([1, 3, 518, 518])[0m
[97m[INFO ] Model Forward Pass Done. Time: 0.04155755043029785 seconds[0m
[97m[INFO ] Conversion to Prediction Done. Time: 0.0003299713134765625 seconds[0m
depth: 136/2000 frame=135
[97m[INFO ] Processed Images Done taking 0.006414651870727539 seconds. Shape:  torch.Size([1, 3, 518, 518])[0m
[97m[INFO ] Model Forward Pass Done. Time: 0.041108131408691406 seconds[0m
[97m[INFO ] Conversion to Prediction Done. Time: 0.0003342628479003906 seconds[0m
depth: 137/2000 frame=136
[97m[INFO ] Processed Images Done taking 0.005615949630737305 seconds. Shape:  torch.Size([1, 3, 518, 518])[0m
[97m[INFO ] Model Forward Pass Done. Time: 0.0414576530456543 seconds[0m
[97m[INFO ] Conversion to Prediction Done. Time: 0.00035881996154785156 seconds[0m
depth: 138/2000 frame=137
[97m[INFO ] Processed Images Done taking 0.007597923278808594 seconds. Shape:  torch.Size([1, 3, 518, 518])[0m
[97m[INFO ] Model Forward Pass Done. Time: 0.04211783409118652 seconds[0m
[97m[INFO ] Conversion to Prediction Done. Time: 0.0003311634063720703 seconds[0m
depth: 139/2000 frame=138
[97m[INFO ] Processed Images Done taking 0.006880044937133789 seconds. Shape:  torch.Size([1, 3, 518, 518])[0m
[97m[INFO ] Model Forward Pass Done. Time: 0.040667057037353516 seconds[0m
[97m[INFO ] Conversion to Prediction Done. Time: 0.0003261566162109375 seconds[0m
depth: 140/2000 frame=139
[97m[INFO ] Processed Images Done taking 0.006403446197509766 seconds. Shape:  torch.Size([1, 3, 518, 518])[0m
[97m[INFO ] Model Forward Pass Done. Time: 0.04034781455993652 seconds[0m
[97m[INFO ] Conversion to Prediction Done. Time: 0.0003783702850341797 seconds[0m
depth: 141/2000 frame=140
[97m[INFO ] Processed Images Done taking 0.006335020065307617 seconds. Shape:  torch.Size([1, 3, 518, 518])[0m
[97m[INFO ] Model Forward Pass Done. Time: 0.04112648963928223 seconds[0m
[97m[INFO ] Conversion to Prediction Done. Time: 0.0003275871276855469 seconds[0m
depth: 142/2000 frame=141
[97m[INFO ] Processed Images Done taking 0.006285190582275391 seconds. Shape:  torch.Size([1, 3, 518, 518])[0m
[97m[INFO ] Model Forward Pass Done. Time: 0.038222312927246094 seconds[0m
[97m[INFO ] Conversion to Prediction Done. Time: 0.0003383159637451172 seconds[0m
depth: 143/2000 frame=142
[97m[INFO ] Processed Images Done taking 0.006280660629272461 seconds. Shape:  torch.Size([1, 3, 518, 518])[0m
[97m[INFO ] Model Forward Pass Done. Time: 0.04285597801208496 seconds[0m
[97m[INFO ] Conversion to Prediction Done. Time: 0.00035500526428222656 seconds[0m
depth: 144/2000 frame=143
[97m[INFO ] Processed Images Done taking 0.006056308746337891 seconds. Shape:  torch.Size([1, 3, 518, 518])[0m
[97m[INFO ] Model Forward Pass Done. Time: 0.04133892059326172 seconds[0m
[97m[INFO ] Conversion to Prediction Done. Time: 0.0003237724304199219 seconds[0m
depth: 145/2000 frame=144
[97m[INFO ] Processed Images Done taking 0.006425619125366211 seconds. Shape:  torch.Size([1, 3, 518, 518])[0m
[97m[INFO ] Model Forward Pass Done. Time: 0.041396379470825195 seconds[0m
[97m[INFO ] Conversion to Prediction Done. Time: 0.0003631114959716797 seconds[0m
depth: 146/2000 frame=145
[97m[INFO ] Processed Images Done taking 0.006016254425048828 seconds. Shape:  torch.Size([1, 3, 518, 518])[0m
[97m[INFO ] Model Forward Pass Done. Time: 0.04109644889831543 seconds[0m
[97m[INFO ] Conversion to Prediction Done. Time: 0.0003275871276855469 seconds[0m
depth: 147/2000 frame=146
[97m[INFO ] Processed Images Done taking 0.006148815155029297 seconds. Shape:  torch.Size([1, 3, 518, 518])[0m
[97m[INFO ] Model Forward Pass Done. Time: 0.04160046577453613 seconds[0m
[97m[INFO ] Conversion to Prediction Done. Time: 0.0003521442413330078 seconds[0m
depth: 148/2000 frame=147
[97m[INFO ] Processed Images Done taking 0.006409645080566406 seconds. Shape:  torch.Size([1, 3, 518, 518])[0m
[97m[INFO ] Model Forward Pass Done. Time: 0.042505741119384766 seconds[0m
[97m[INFO ] Conversion to Prediction Done. Time: 0.00032138824462890625 seconds[0m
depth: 149/2000 frame=148
[97m[INFO ] Processed Images Done taking 0.007534503936767578 seconds. Shape:  torch.Size([1, 3, 518, 518])[0m
[97m[INFO ] Model Forward Pass Done. Time: 0.041231632232666016 seconds[0m
[97m[INFO ] Conversion to Prediction Done. Time: 0.0003285408020019531 seconds[0m
depth: 150/2000 frame=149
[97m[INFO ] Processed Images Done taking 0.006165742874145508 seconds. Shape:  torch.Size([1, 3, 518, 518])[0m
[97m[INFO ] Model Forward Pass Done. Time: 0.04294276237487793 seconds[0m
[97m[INFO ] Conversion to Prediction Done. Time: 0.0003275871276855469 seconds[0m
depth: 151/2000 frame=150
[97m[INFO ] Processed Images Done taking 0.005913496017456055 seconds. Shape:  torch.Size([1, 3, 518, 518])[0m
[97m[INFO ] Model Forward Pass Done. Time: 0.041031837463378906 seconds[0m
[97m[INFO ] Conversion to Prediction Done. Time: 0.00033283233642578125 seconds[0m
depth: 152/2000 frame=151
[97m[INFO ] Processed Images Done taking 0.0061228275299072266 seconds. Shape:  torch.Size([1, 3, 518, 518])[0m
[97m[INFO ] Model Forward Pass Done. Time: 0.04066205024719238 seconds[0m
[97m[INFO ] Conversion to Prediction Done. Time: 0.0003294944763183594 seconds[0m
depth: 153/2000 frame=152
[97m[INFO ] Processed Images Done taking 0.0062465667724609375 seconds. Shape:  torch.Size([1, 3, 518, 518])[0m
[97m[INFO ] Model Forward Pass Done. Time: 0.04058504104614258 seconds[0m
[97m[INFO ] Conversion to Prediction Done. Time: 0.0003294944763183594 seconds[0m
depth: 154/2000 frame=153
[97m[INFO ] Processed Images Done taking 0.006166219711303711 seconds. Shape:  torch.Size([1, 3, 518, 518])[0m
[97m[INFO ] Model Forward Pass Done. Time: 0.03816938400268555 seconds[0m
[97m[INFO ] Conversion to Prediction Done. Time: 0.00033664703369140625 seconds[0m
depth: 155/2000 frame=154
[97m[INFO ] Processed Images Done taking 0.006443500518798828 seconds. Shape:  torch.Size([1, 3, 518, 518])[0m
[97m[INFO ] Model Forward Pass Done. Time: 0.041469573974609375 seconds[0m
[97m[INFO ] Conversion to Prediction Done. Time: 0.0003333091735839844 seconds[0m
depth: 156/2000 frame=155
[97m[INFO ] Processed Images Done taking 0.006635427474975586 seconds. Shape:  torch.Size([1, 3, 518, 518])[0m
[97m[INFO ] Model Forward Pass Done. Time: 0.04189467430114746 seconds[0m
[97m[INFO ] Conversion to Prediction Done. Time: 0.00033473968505859375 seconds[0m
depth: 157/2000 frame=156
[97m[INFO ] Processed Images Done taking 0.0059070587158203125 seconds. Shape:  torch.Size([1, 3, 518, 518])[0m
[97m[INFO ] Model Forward Pass Done. Time: 0.04130864143371582 seconds[0m
[97m[INFO ] Conversion to Prediction Done. Time: 0.0003285408020019531 seconds[0m
depth: 158/2000 frame=157
[97m[INFO ] Processed Images Done taking 0.005951642990112305 seconds. Shape:  torch.Size([1, 3, 518, 518])[0m
[97m[INFO ] Model Forward Pass Done. Time: 0.04058432579040527 seconds[0m
[97m[INFO ] Conversion to Prediction Done. Time: 0.0003325939178466797 seconds[0m
depth: 159/2000 frame=158
[97m[INFO ] Processed Images Done taking 0.006111621856689453 seconds. Shape:  torch.Size([1, 3, 518, 518])[0m
[97m[INFO ] Model Forward Pass Done. Time: 0.04262733459472656 seconds[0m
[97m[INFO ] Conversion to Prediction Done. Time: 0.0003371238708496094 seconds[0m
depth: 160/2000 frame=159
[97m[INFO ] Processed Images Done taking 0.005293130874633789 seconds. Shape:  torch.Size([1, 3, 518, 518])[0m
[97m[INFO ] Model Forward Pass Done. Time: 0.04113268852233887 seconds[0m
[97m[INFO ] Conversion to Prediction Done. Time: 0.00031638145446777344 seconds[0m
depth: 161/2000 frame=160
[97m[INFO ] Processed Images Done taking 0.006356000900268555 seconds. Shape:  torch.Size([1, 3, 518, 518])[0m
[97m[INFO ] Model Forward Pass Done. Time: 0.04105401039123535 seconds[0m
[97m[INFO ] Conversion to Prediction Done. Time: 0.0003228187561035156 seconds[0m
depth: 162/2000 frame=161
[97m[INFO ] Processed Images Done taking 0.008687734603881836 seconds. Shape:  torch.Size([1, 3, 518, 518])[0m
[97m[INFO ] Model Forward Pass Done. Time: 0.041487932205200195 seconds[0m
[97m[INFO ] Conversion to Prediction Done. Time: 0.0003218650817871094 seconds[0m
depth: 163/2000 frame=162
[97m[INFO ] Processed Images Done taking 0.00664830207824707 seconds. Shape:  torch.Size([1, 3, 518, 518])[0m
[97m[INFO ] Model Forward Pass Done. Time: 0.042166709899902344 seconds[0m
[97m[INFO ] Conversion to Prediction Done. Time: 0.00037217140197753906 seconds[0m
depth: 164/2000 frame=163
[97m[INFO ] Processed Images Done taking 0.006731271743774414 seconds. Shape:  torch.Size([1, 3, 518, 518])[0m
[97m[INFO ] Model Forward Pass Done. Time: 0.04172348976135254 seconds[0m
[97m[INFO ] Conversion to Prediction Done. Time: 0.0003459453582763672 seconds[0m
depth: 165/2000 frame=164
[97m[INFO ] Processed Images Done taking 0.006692409515380859 seconds. Shape:  torch.Size([1, 3, 518, 518])[0m
[97m[INFO ] Model Forward Pass Done. Time: 0.0430757999420166 seconds[0m
[97m[INFO ] Conversion to Prediction Done. Time: 0.00035119056701660156 seconds[0m
depth: 166/2000 frame=165
[97m[INFO ] Processed Images Done taking 0.005576610565185547 seconds. Shape:  torch.Size([1, 3, 518, 518])[0m
[97m[INFO ] Model Forward Pass Done. Time: 0.041170358657836914 seconds[0m
[97m[INFO ] Conversion to Prediction Done. Time: 0.0003368854522705078 seconds[0m
depth: 167/2000 frame=166
[97m[INFO ] Processed Images Done taking 0.006388187408447266 seconds. Shape:  torch.Size([1, 3, 518, 518])[0m
[97m[INFO ] Model Forward Pass Done. Time: 0.04114365577697754 seconds[0m
[97m[INFO ] Conversion to Prediction Done. Time: 0.0003380775451660156 seconds[0m
depth: 168/2000 frame=167
[97m[INFO ] Processed Images Done taking 0.006345033645629883 seconds. Shape:  torch.Size([1, 3, 518, 518])[0m
[97m[INFO ] Model Forward Pass Done. Time: 0.040813446044921875 seconds[0m
[97m[INFO ] Conversion to Prediction Done. Time: 0.00037741661071777344 seconds[0m
depth: 169/2000 frame=168
[97m[INFO ] Processed Images Done taking 0.006329536437988281 seconds. Shape:  torch.Size([1, 3, 518, 518])[0m
[97m[INFO ] Model Forward Pass Done. Time: 0.042406320571899414 seconds[0m
[97m[INFO ] Conversion to Prediction Done. Time: 0.0003426074981689453 seconds[0m
depth: 170/2000 frame=169
[97m[INFO ] Processed Images Done taking 0.006568431854248047 seconds. Shape:  torch.Size([1, 3, 518, 518])[0m
[97m[INFO ] Model Forward Pass Done. Time: 0.04093503952026367 seconds[0m
[97m[INFO ] Conversion to Prediction Done. Time: 0.0003306865692138672 seconds[0m
depth: 171/2000 frame=170
[97m[INFO ] Processed Images Done taking 0.005393266677856445 seconds. Shape:  torch.Size([1, 3, 518, 518])[0m
[97m[INFO ] Model Forward Pass Done. Time: 0.041097402572631836 seconds[0m
[97m[INFO ] Conversion to Prediction Done. Time: 0.0003554821014404297 seconds[0m
depth: 172/2000 frame=171
[97m[INFO ] Processed Images Done taking 0.0061838626861572266 seconds. Shape:  torch.Size([1, 3, 518, 518])[0m
[97m[INFO ] Model Forward Pass Done. Time: 0.04124903678894043 seconds[0m
[97m[INFO ] Conversion to Prediction Done. Time: 0.0003383159637451172 seconds[0m
depth: 173/2000 frame=172
[97m[INFO ] Processed Images Done taking 0.006175041198730469 seconds. Shape:  torch.Size([1, 3, 518, 518])[0m
[97m[INFO ] Model Forward Pass Done. Time: 0.04229569435119629 seconds[0m
[97m[INFO ] Conversion to Prediction Done. Time: 0.00036454200744628906 seconds[0m
depth: 174/2000 frame=173
[97m[INFO ] Processed Images Done taking 0.006567955017089844 seconds. Shape:  torch.Size([1, 3, 518, 518])[0m
[97m[INFO ] Model Forward Pass Done. Time: 0.04111838340759277 seconds[0m
[97m[INFO ] Conversion to Prediction Done. Time: 0.0003387928009033203 seconds[0m
depth: 175/2000 frame=174
[97m[INFO ] Processed Images Done taking 0.00637054443359375 seconds. Shape:  torch.Size([1, 3, 518, 518])[0m
[97m[INFO ] Model Forward Pass Done. Time: 0.04222869873046875 seconds[0m
[97m[INFO ] Conversion to Prediction Done. Time: 0.00034046173095703125 seconds[0m
depth: 176/2000 frame=175
[97m[INFO ] Processed Images Done taking 0.006120204925537109 seconds. Shape:  torch.Size([1, 3, 518, 518])[0m
[97m[INFO ] Model Forward Pass Done. Time: 0.040886878967285156 seconds[0m
[97m[INFO ] Conversion to Prediction Done. Time: 0.0003724098205566406 seconds[0m
depth: 177/2000 frame=176
[97m[INFO ] Processed Images Done taking 0.0070934295654296875 seconds. Shape:  torch.Size([1, 3, 518, 518])[0m
[97m[INFO ] Model Forward Pass Done. Time: 0.042334794998168945 seconds[0m
[97m[INFO ] Conversion to Prediction Done. Time: 0.0003387928009033203 seconds[0m
depth: 178/2000 frame=177
[97m[INFO ] Processed Images Done taking 0.006165504455566406 seconds. Shape:  torch.Size([1, 3, 518, 518])[0m
[97m[INFO ] Model Forward Pass Done. Time: 0.04021048545837402 seconds[0m
[97m[INFO ] Conversion to Prediction Done. Time: 0.00033473968505859375 seconds[0m
depth: 179/2000 frame=178
[97m[INFO ] Processed Images Done taking 0.006075620651245117 seconds. Shape:  torch.Size([1, 3, 518, 518])[0m
[97m[INFO ] Model Forward Pass Done. Time: 0.03824591636657715 seconds[0m
[97m[INFO ] Conversion to Prediction Done. Time: 0.0003788471221923828 seconds[0m
depth: 180/2000 frame=179
[97m[INFO ] Processed Images Done taking 0.005894184112548828 seconds. Shape:  torch.Size([1, 3, 518, 518])[0m
[97m[INFO ] Model Forward Pass Done. Time: 0.04114055633544922 seconds[0m
[97m[INFO ] Conversion to Prediction Done. Time: 0.00032639503479003906 seconds[0m
depth: 181/2000 frame=180
[97m[INFO ] Processed Images Done taking 0.006811618804931641 seconds. Shape:  torch.Size([1, 3, 518, 518])[0m
[97m[INFO ] Model Forward Pass Done. Time: 0.04112100601196289 seconds[0m
[97m[INFO ] Conversion to Prediction Done. Time: 0.00033974647521972656 seconds[0m
depth: 182/2000 frame=181
[97m[INFO ] Processed Images Done taking 0.00591588020324707 seconds. Shape:  torch.Size([1, 3, 518, 518])[0m
[97m[INFO ] Model Forward Pass Done. Time: 0.04130840301513672 seconds[0m
[97m[INFO ] Conversion to Prediction Done. Time: 0.00034165382385253906 seconds[0m
depth: 183/2000 frame=182
[97m[INFO ] Processed Images Done taking 0.0074770450592041016 seconds. Shape:  torch.Size([1, 3, 518, 518])[0m
[97m[INFO ] Model Forward Pass Done. Time: 0.04029440879821777 seconds[0m
[97m[INFO ] Conversion to Prediction Done. Time: 0.0003247261047363281 seconds[0m
depth: 184/2000 frame=183
[97m[INFO ] Processed Images Done taking 0.006646871566772461 seconds. Shape:  torch.Size([1, 3, 518, 518])[0m
[97m[INFO ] Model Forward Pass Done. Time: 0.04269576072692871 seconds[0m
[97m[INFO ] Conversion to Prediction Done. Time: 0.0003287792205810547 seconds[0m
depth: 185/2000 frame=184
[97m[INFO ] Processed Images Done taking 0.006276369094848633 seconds. Shape:  torch.Size([1, 3, 518, 518])[0m
[97m[INFO ] Model Forward Pass Done. Time: 0.04135537147521973 seconds[0m
[97m[INFO ] Conversion to Prediction Done. Time: 0.0003628730773925781 seconds[0m
depth: 186/2000 frame=185
[97m[INFO ] Processed Images Done taking 0.005751371383666992 seconds. Shape:  torch.Size([1, 3, 518, 518])[0m
[97m[INFO ] Model Forward Pass Done. Time: 0.037841081619262695 seconds[0m
[97m[INFO ] Conversion to Prediction Done. Time: 0.00033211708068847656 seconds[0m
depth: 187/2000 frame=186
[97m[INFO ] Processed Images Done taking 0.006371736526489258 seconds. Shape:  torch.Size([1, 3, 518, 518])[0m
[97m[INFO ] Model Forward Pass Done. Time: 0.043059587478637695 seconds[0m
[97m[INFO ] Conversion to Prediction Done. Time: 0.00032711029052734375 seconds[0m
depth: 188/2000 frame=187
[97m[INFO ] Processed Images Done taking 0.0060558319091796875 seconds. Shape:  torch.Size([1, 3, 518, 518])[0m
[97m[INFO ] Model Forward Pass Done. Time: 0.04115891456604004 seconds[0m
[97m[INFO ] Conversion to Prediction Done. Time: 0.0003600120544433594 seconds[0m
depth: 189/2000 frame=188
[97m[INFO ] Processed Images Done taking 0.006074428558349609 seconds. Shape:  torch.Size([1, 3, 518, 518])[0m
[97m[INFO ] Model Forward Pass Done. Time: 0.04125833511352539 seconds[0m
[97m[INFO ] Conversion to Prediction Done. Time: 0.0003345012664794922 seconds[0m
depth: 190/2000 frame=189
[97m[INFO ] Processed Images Done taking 0.0066754817962646484 seconds. Shape:  torch.Size([1, 3, 518, 518])[0m
[97m[INFO ] Model Forward Pass Done. Time: 0.040643930435180664 seconds[0m
[97m[INFO ] Conversion to Prediction Done. Time: 0.00033855438232421875 seconds[0m
depth: 191/2000 frame=190
[97m[INFO ] Processed Images Done taking 0.009339570999145508 seconds. Shape:  torch.Size([1, 3, 518, 518])[0m
[97m[INFO ] Model Forward Pass Done. Time: 0.04044604301452637 seconds[0m
[97m[INFO ] Conversion to Prediction Done. Time: 0.0003635883331298828 seconds[0m
depth: 192/2000 frame=191
[97m[INFO ] Processed Images Done taking 0.004789829254150391 seconds. Shape:  torch.Size([1, 3, 518, 518])[0m
[97m[INFO ] Model Forward Pass Done. Time: 0.042472124099731445 seconds[0m
[97m[INFO ] Conversion to Prediction Done. Time: 0.0003376007080078125 seconds[0m
depth: 193/2000 frame=192
[97m[INFO ] Processed Images Done taking 0.007152080535888672 seconds. Shape:  torch.Size([1, 3, 518, 518])[0m
[97m[INFO ] Model Forward Pass Done. Time: 0.042803287506103516 seconds[0m
[97m[INFO ] Conversion to Prediction Done. Time: 0.0003256797790527344 seconds[0m
depth: 194/2000 frame=193
[97m[INFO ] Processed Images Done taking 0.005723476409912109 seconds. Shape:  torch.Size([1, 3, 518, 518])[0m
[97m[INFO ] Model Forward Pass Done. Time: 0.04129195213317871 seconds[0m
[97m[INFO ] Conversion to Prediction Done. Time: 0.00036644935607910156 seconds[0m
depth: 195/2000 frame=194
[97m[INFO ] Processed Images Done taking 0.005947589874267578 seconds. Shape:  torch.Size([1, 3, 518, 518])[0m
[97m[INFO ] Model Forward Pass Done. Time: 0.041249990463256836 seconds[0m
[97m[INFO ] Conversion to Prediction Done. Time: 0.00033473968505859375 seconds[0m
depth: 196/2000 frame=195
[97m[INFO ] Processed Images Done taking 0.00634002685546875 seconds. Shape:  torch.Size([1, 3, 518, 518])[0m
[97m[INFO ] Model Forward Pass Done. Time: 0.04271578788757324 seconds[0m
[97m[INFO ] Conversion to Prediction Done. Time: 0.00033020973205566406 seconds[0m
depth: 197/2000 frame=196
[97m[INFO ] Processed Images Done taking 0.006415128707885742 seconds. Shape:  torch.Size([1, 3, 518, 518])[0m
[97m[INFO ] Model Forward Pass Done. Time: 0.04051399230957031 seconds[0m
[97m[INFO ] Conversion to Prediction Done. Time: 0.00036263465881347656 seconds[0m
depth: 198/2000 frame=197
[97m[INFO ] Processed Images Done taking 0.00585174560546875 seconds. Shape:  torch.Size([1, 3, 518, 518])[0m
[97m[INFO ] Model Forward Pass Done. Time: 0.04227137565612793 seconds[0m
[97m[INFO ] Conversion to Prediction Done. Time: 0.0003132820129394531 seconds[0m
depth: 199/2000 frame=198
[97m[INFO ] Processed Images Done taking 0.006196498870849609 seconds. Shape:  torch.Size([1, 3, 518, 518])[0m
[97m[INFO ] Model Forward Pass Done. Time: 0.04123544692993164 seconds[0m
[97m[INFO ] Conversion to Prediction Done. Time: 0.0003368854522705078 seconds[0m
depth: 200/2000 frame=199
[97m[INFO ] Processed Images Done taking 0.0065195560455322266 seconds. Shape:  torch.Size([1, 3, 518, 518])[0m
[97m[INFO ] Model Forward Pass Done. Time: 0.042867422103881836 seconds[0m
[97m[INFO ] Conversion to Prediction Done. Time: 0.00034618377685546875 seconds[0m
depth: 201/2000 frame=200
[97m[INFO ] Processed Images Done taking 0.00635981559753418 seconds. Shape:  torch.Size([1, 3, 518, 518])[0m
[97m[INFO ] Model Forward Pass Done. Time: 0.04095315933227539 seconds[0m
[97m[INFO ] Conversion to Prediction Done. Time: 0.00032901763916015625 seconds[0m
depth: 202/2000 frame=201
[97m[INFO ] Processed Images Done taking 0.006241559982299805 seconds. Shape:  torch.Size([1, 3, 518, 518])[0m
[97m[INFO ] Model Forward Pass Done. Time: 0.04084420204162598 seconds[0m
[97m[INFO ] Conversion to Prediction Done. Time: 0.00032901763916015625 seconds[0m
depth: 203/2000 frame=202
[97m[INFO ] Processed Images Done taking 0.006349086761474609 seconds. Shape:  torch.Size([1, 3, 518, 518])[0m
[97m[INFO ] Model Forward Pass Done. Time: 0.04299664497375488 seconds[0m
[97m[INFO ] Conversion to Prediction Done. Time: 0.00037598609924316406 seconds[0m
depth: 204/2000 frame=203
[97m[INFO ] Processed Images Done taking 0.006067752838134766 seconds. Shape:  torch.Size([1, 3, 518, 518])[0m
[97m[INFO ] Model Forward Pass Done. Time: 0.041106224060058594 seconds[0m
[97m[INFO ] Conversion to Prediction Done. Time: 0.00033926963806152344 seconds[0m
depth: 205/2000 frame=204
[97m[INFO ] Processed Images Done taking 0.0070302486419677734 seconds. Shape:  torch.Size([1, 3, 518, 518])[0m
[97m[INFO ] Model Forward Pass Done. Time: 0.0413057804107666 seconds[0m
[97m[INFO ] Conversion to Prediction Done. Time: 0.0003330707550048828 seconds[0m
depth: 206/2000 frame=205
[97m[INFO ] Processed Images Done taking 0.007177591323852539 seconds. Shape:  torch.Size([1, 3, 518, 518])[0m
[97m[INFO ] Model Forward Pass Done. Time: 0.04288077354431152 seconds[0m
[97m[INFO ] Conversion to Prediction Done. Time: 0.0003581047058105469 seconds[0m
depth: 207/2000 frame=206
[97m[INFO ] Processed Images Done taking 0.005687713623046875 seconds. Shape:  torch.Size([1, 3, 518, 518])[0m
[97m[INFO ] Model Forward Pass Done. Time: 0.04240703582763672 seconds[0m
[97m[INFO ] Conversion to Prediction Done. Time: 0.00032448768615722656 seconds[0m
depth: 208/2000 frame=207
[97m[INFO ] Processed Images Done taking 0.007055044174194336 seconds. Shape:  torch.Size([1, 3, 518, 518])[0m
[97m[INFO ] Model Forward Pass Done. Time: 0.04122161865234375 seconds[0m
[97m[INFO ] Conversion to Prediction Done. Time: 0.0003342628479003906 seconds[0m
depth: 209/2000 frame=208
[97m[INFO ] Processed Images Done taking 0.0061931610107421875 seconds. Shape:  torch.Size([1, 3, 518, 518])[0m
[97m[INFO ] Model Forward Pass Done. Time: 0.041262149810791016 seconds[0m
[97m[INFO ] Conversion to Prediction Done. Time: 0.00037097930908203125 seconds[0m
depth: 210/2000 frame=209
[97m[INFO ] Processed Images Done taking 0.006183147430419922 seconds. Shape:  torch.Size([1, 3, 518, 518])[0m
[97m[INFO ] Model Forward Pass Done. Time: 0.04113340377807617 seconds[0m
[97m[INFO ] Conversion to Prediction Done. Time: 0.0003285408020019531 seconds[0m
depth: 211/2000 frame=210
[97m[INFO ] Processed Images Done taking 0.009742498397827148 seconds. Shape:  torch.Size([1, 3, 518, 518])[0m
[97m[INFO ] Model Forward Pass Done. Time: 0.04207801818847656 seconds[0m
[97m[INFO ] Conversion to Prediction Done. Time: 0.0003402233123779297 seconds[0m
depth: 212/2000 frame=211
[97m[INFO ] Processed Images Done taking 0.007271766662597656 seconds. Shape:  torch.Size([1, 3, 518, 518])[0m
[97m[INFO ] Model Forward Pass Done. Time: 0.04316544532775879 seconds[0m
[97m[INFO ] Conversion to Prediction Done. Time: 0.0003724098205566406 seconds[0m
depth: 213/2000 frame=212
[97m[INFO ] Processed Images Done taking 0.006666898727416992 seconds. Shape:  torch.Size([1, 3, 518, 518])[0m
[97m[INFO ] Model Forward Pass Done. Time: 0.0426182746887207 seconds[0m
[97m[INFO ] Conversion to Prediction Done. Time: 0.0003147125244140625 seconds[0m
depth: 214/2000 frame=213
[97m[INFO ] Processed Images Done taking 0.0069887638092041016 seconds. Shape:  torch.Size([1, 3, 518, 518])[0m
[97m[INFO ] Model Forward Pass Done. Time: 0.0405118465423584 seconds[0m
[97m[INFO ] Conversion to Prediction Done. Time: 0.0003445148468017578 seconds[0m
depth: 215/2000 frame=214
[97m[INFO ] Processed Images Done taking 0.006346464157104492 seconds. Shape:  torch.Size([1, 3, 518, 518])[0m
[97m[INFO ] Model Forward Pass Done. Time: 0.04312849044799805 seconds[0m
[97m[INFO ] Conversion to Prediction Done. Time: 0.00035500526428222656 seconds[0m
depth: 216/2000 frame=215
[97m[INFO ] Processed Images Done taking 0.0065767765045166016 seconds. Shape:  torch.Size([1, 3, 518, 518])[0m
[97m[INFO ] Model Forward Pass Done. Time: 0.042731523513793945 seconds[0m
[97m[INFO ] Conversion to Prediction Done. Time: 0.00034165382385253906 seconds[0m
depth: 217/2000 frame=216
[97m[INFO ] Processed Images Done taking 0.006457805633544922 seconds. Shape:  torch.Size([1, 3, 518, 518])[0m
[97m[INFO ] Model Forward Pass Done. Time: 0.04131484031677246 seconds[0m
[97m[INFO ] Conversion to Prediction Done. Time: 0.00033473968505859375 seconds[0m
depth: 218/2000 frame=217
[97m[INFO ] Processed Images Done taking 0.005959510803222656 seconds. Shape:  torch.Size([1, 3, 518, 518])[0m
[97m[INFO ] Model Forward Pass Done. Time: 0.042987823486328125 seconds[0m
[97m[INFO ] Conversion to Prediction Done. Time: 0.0003829002380371094 seconds[0m
depth: 219/2000 frame=218
[97m[INFO ] Processed Images Done taking 0.005980491638183594 seconds. Shape:  torch.Size([1, 3, 518, 518])[0m
[97m[INFO ] Model Forward Pass Done. Time: 0.04132890701293945 seconds[0m
[97m[INFO ] Conversion to Prediction Done. Time: 0.0003199577331542969 seconds[0m
depth: 220/2000 frame=219
[97m[INFO ] Processed Images Done taking 0.006529808044433594 seconds. Shape:  torch.Size([1, 3, 518, 518])[0m
[97m[INFO ] Model Forward Pass Done. Time: 0.04277825355529785 seconds[0m
[97m[INFO ] Conversion to Prediction Done. Time: 0.00032448768615722656 seconds[0m
depth: 221/2000 frame=220
[97m[INFO ] Processed Images Done taking 0.006226778030395508 seconds. Shape:  torch.Size([1, 3, 518, 518])[0m
[97m[INFO ] Model Forward Pass Done. Time: 0.04157209396362305 seconds[0m
[97m[INFO ] Conversion to Prediction Done. Time: 0.0003745555877685547 seconds[0m
depth: 222/2000 frame=221
[97m[INFO ] Processed Images Done taking 0.006556034088134766 seconds. Shape:  torch.Size([1, 3, 518, 518])[0m
[97m[INFO ] Model Forward Pass Done. Time: 0.04138827323913574 seconds[0m
[97m[INFO ] Conversion to Prediction Done. Time: 0.00033211708068847656 seconds[0m
depth: 223/2000 frame=222
[97m[INFO ] Processed Images Done taking 0.006519317626953125 seconds. Shape:  torch.Size([1, 3, 518, 518])[0m
[97m[INFO ] Model Forward Pass Done. Time: 0.042510271072387695 seconds[0m
[97m[INFO ] Conversion to Prediction Done. Time: 0.000339508056640625 seconds[0m
depth: 224/2000 frame=223
[97m[INFO ] Processed Images Done taking 0.007158041000366211 seconds. Shape:  torch.Size([1, 3, 518, 518])[0m
[97m[INFO ] Model Forward Pass Done. Time: 0.04232478141784668 seconds[0m
[97m[INFO ] Conversion to Prediction Done. Time: 0.0003504753112792969 seconds[0m
depth: 225/2000 frame=224
[97m[INFO ] Processed Images Done taking 0.007239341735839844 seconds. Shape:  torch.Size([1, 3, 518, 518])[0m
[97m[INFO ] Model Forward Pass Done. Time: 0.04505109786987305 seconds[0m
[97m[INFO ] Conversion to Prediction Done. Time: 0.00033020973205566406 seconds[0m
depth: 226/2000 frame=225
[97m[INFO ] Processed Images Done taking 0.005917787551879883 seconds. Shape:  torch.Size([1, 3, 518, 518])[0m
[97m[INFO ] Model Forward Pass Done. Time: 0.04098629951477051 seconds[0m
[97m[INFO ] Conversion to Prediction Done. Time: 0.0003209114074707031 seconds[0m
depth: 227/2000 frame=226
[97m[INFO ] Processed Images Done taking 0.00695490837097168 seconds. Shape:  torch.Size([1, 3, 518, 518])[0m
[97m[INFO ] Model Forward Pass Done. Time: 0.04113268852233887 seconds[0m
[97m[INFO ] Conversion to Prediction Done. Time: 0.00035309791564941406 seconds[0m
depth: 228/2000 frame=227
[97m[INFO ] Processed Images Done taking 0.006645917892456055 seconds. Shape:  torch.Size([1, 3, 518, 518])[0m
[97m[INFO ] Model Forward Pass Done. Time: 0.042792320251464844 seconds[0m
[97m[INFO ] Conversion to Prediction Done. Time: 0.0003161430358886719 seconds[0m
depth: 229/2000 frame=228
[97m[INFO ] Processed Images Done taking 0.006768226623535156 seconds. Shape:  torch.Size([1, 3, 518, 518])[0m
[97m[INFO ] Model Forward Pass Done. Time: 0.04232192039489746 seconds[0m
[97m[INFO ] Conversion to Prediction Done. Time: 0.0003113746643066406 seconds[0m
depth: 230/2000 frame=229
[97m[INFO ] Processed Images Done taking 0.006036520004272461 seconds. Shape:  torch.Size([1, 3, 518, 518])[0m
[97m[INFO ] Model Forward Pass Done. Time: 0.041265010833740234 seconds[0m
[97m[INFO ] Conversion to Prediction Done. Time: 0.0003304481506347656 seconds[0m
depth: 231/2000 frame=230
[97m[INFO ] Processed Images Done taking 0.0059814453125 seconds. Shape:  torch.Size([1, 3, 518, 518])[0m
[97m[INFO ] Model Forward Pass Done. Time: 0.040602684020996094 seconds[0m
[97m[INFO ] Conversion to Prediction Done. Time: 0.0003223419189453125 seconds[0m
depth: 232/2000 frame=231
[97m[INFO ] Processed Images Done taking 0.0057604312896728516 seconds. Shape:  torch.Size([1, 3, 518, 518])[0m
[97m[INFO ] Model Forward Pass Done. Time: 0.04068803787231445 seconds[0m
[97m[INFO ] Conversion to Prediction Done. Time: 0.000339508056640625 seconds[0m
depth: 233/2000 frame=232
[97m[INFO ] Processed Images Done taking 0.0066721439361572266 seconds. Shape:  torch.Size([1, 3, 518, 518])[0m
[97m[INFO ] Model Forward Pass Done. Time: 0.04232907295227051 seconds[0m
[97m[INFO ] Conversion to Prediction Done. Time: 0.00031638145446777344 seconds[0m
depth: 234/2000 frame=233
[97m[INFO ] Processed Images Done taking 0.005605220794677734 seconds. Shape:  torch.Size([1, 3, 518, 518])[0m
[97m[INFO ] Model Forward Pass Done. Time: 0.041016340255737305 seconds[0m
[97m[INFO ] Conversion to Prediction Done. Time: 0.0003170967102050781 seconds[0m
depth: 235/2000 frame=234
[97m[INFO ] Processed Images Done taking 0.0063953399658203125 seconds. Shape:  torch.Size([1, 3, 518, 518])[0m
[97m[INFO ] Model Forward Pass Done. Time: 0.04117846488952637 seconds[0m
[97m[INFO ] Conversion to Prediction Done. Time: 0.0003211498260498047 seconds[0m
depth: 236/2000 frame=235
[97m[INFO ] Processed Images Done taking 0.005992889404296875 seconds. Shape:  torch.Size([1, 3, 518, 518])[0m
[97m[INFO ] Model Forward Pass Done. Time: 0.04127311706542969 seconds[0m
[97m[INFO ] Conversion to Prediction Done. Time: 0.00031876564025878906 seconds[0m
depth: 237/2000 frame=236
[97m[INFO ] Processed Images Done taking 0.006037712097167969 seconds. Shape:  torch.Size([1, 3, 518, 518])[0m
[97m[INFO ] Model Forward Pass Done. Time: 0.04013848304748535 seconds[0m
[97m[INFO ] Conversion to Prediction Done. Time: 0.0003333091735839844 seconds[0m
depth: 238/2000 frame=237
[97m[INFO ] Processed Images Done taking 0.006075382232666016 seconds. Shape:  torch.Size([1, 3, 518, 518])[0m
[97m[INFO ] Model Forward Pass Done. Time: 0.044785499572753906 seconds[0m
[97m[INFO ] Conversion to Prediction Done. Time: 0.00032019615173339844 seconds[0m
depth: 239/2000 frame=238
[97m[INFO ] Processed Images Done taking 0.0063440799713134766 seconds. Shape:  torch.Size([1, 3, 518, 518])[0m
[97m[INFO ] Model Forward Pass Done. Time: 0.040997982025146484 seconds[0m
[97m[INFO ] Conversion to Prediction Done. Time: 0.00031638145446777344 seconds[0m
depth: 240/2000 frame=239
[97m[INFO ] Processed Images Done taking 0.00608515739440918 seconds. Shape:  torch.Size([1, 3, 518, 518])[0m
[97m[INFO ] Model Forward Pass Done. Time: 0.040862321853637695 seconds[0m
[97m[INFO ] Conversion to Prediction Done. Time: 0.0003616809844970703 seconds[0m
depth: 241/2000 frame=240
[97m[INFO ] Processed Images Done taking 0.006306171417236328 seconds. Shape:  torch.Size([1, 3, 518, 518])[0m
[97m[INFO ] Model Forward Pass Done. Time: 0.040325164794921875 seconds[0m
[97m[INFO ] Conversion to Prediction Done. Time: 0.0003135204315185547 seconds[0m
depth: 242/2000 frame=241
[97m[INFO ] Processed Images Done taking 0.00667119026184082 seconds. Shape:  torch.Size([1, 3, 518, 518])[0m
[97m[INFO ] Model Forward Pass Done. Time: 0.04262566566467285 seconds[0m
[97m[INFO ] Conversion to Prediction Done. Time: 0.0003151893615722656 seconds[0m
depth: 243/2000 frame=242
[97m[INFO ] Processed Images Done taking 0.005586147308349609 seconds. Shape:  torch.Size([1, 3, 518, 518])[0m
[97m[INFO ] Model Forward Pass Done. Time: 0.04094505310058594 seconds[0m
[97m[INFO ] Conversion to Prediction Done. Time: 0.0003209114074707031 seconds[0m
depth: 244/2000 frame=243
[97m[INFO ] Processed Images Done taking 0.00601649284362793 seconds. Shape:  torch.Size([1, 3, 518, 518])[0m
[97m[INFO ] Model Forward Pass Done. Time: 0.04233884811401367 seconds[0m
[97m[INFO ] Conversion to Prediction Done. Time: 0.0003223419189453125 seconds[0m
depth: 245/2000 frame=244
[97m[INFO ] Processed Images Done taking 0.0067920684814453125 seconds. Shape:  torch.Size([1, 3, 518, 518])[0m
[97m[INFO ] Model Forward Pass Done. Time: 0.04275965690612793 seconds[0m
[97m[INFO ] Conversion to Prediction Done. Time: 0.0003352165222167969 seconds[0m
depth: 246/2000 frame=245
[97m[INFO ] Processed Images Done taking 0.0061571598052978516 seconds. Shape:  torch.Size([1, 3, 518, 518])[0m
[97m[INFO ] Model Forward Pass Done. Time: 0.04102516174316406 seconds[0m
[97m[INFO ] Conversion to Prediction Done. Time: 0.0003745555877685547 seconds[0m
depth: 247/2000 frame=246
[97m[INFO ] Processed Images Done taking 0.006145000457763672 seconds. Shape:  torch.Size([1, 3, 518, 518])[0m
[97m[INFO ] Model Forward Pass Done. Time: 0.041109323501586914 seconds[0m
[97m[INFO ] Conversion to Prediction Done. Time: 0.0003230571746826172 seconds[0m
depth: 248/2000 frame=247
[97m[INFO ] Processed Images Done taking 0.006382465362548828 seconds. Shape:  torch.Size([1, 3, 518, 518])[0m
[97m[INFO ] Model Forward Pass Done. Time: 0.042856454849243164 seconds[0m
[97m[INFO ] Conversion to Prediction Done. Time: 0.00036644935607910156 seconds[0m
depth: 249/2000 frame=248
[97m[INFO ] Processed Images Done taking 0.006152153015136719 seconds. Shape:  torch.Size([1, 3, 518, 518])[0m
[97m[INFO ] Model Forward Pass Done. Time: 0.040227413177490234 seconds[0m
[97m[INFO ] Conversion to Prediction Done. Time: 0.00031828880310058594 seconds[0m
depth: 250/2000 frame=249
[97m[INFO ] Processed Images Done taking 0.0062181949615478516 seconds. Shape:  torch.Size([1, 3, 518, 518])[0m
[97m[INFO ] Model Forward Pass Done. Time: 0.03997063636779785 seconds[0m
[97m[INFO ] Conversion to Prediction Done. Time: 0.00031828880310058594 seconds[0m
depth: 251/2000 frame=250
[97m[INFO ] Processed Images Done taking 0.006156444549560547 seconds. Shape:  torch.Size([1, 3, 518, 518])[0m
[97m[INFO ] Model Forward Pass Done. Time: 0.03831672668457031 seconds[0m
[97m[INFO ] Conversion to Prediction Done. Time: 0.0003814697265625 seconds[0m
depth: 252/2000 frame=251
[97m[INFO ] Processed Images Done taking 0.006245613098144531 seconds. Shape:  torch.Size([1, 3, 518, 518])[0m
[97m[INFO ] Model Forward Pass Done. Time: 0.040482521057128906 seconds[0m
[97m[INFO ] Conversion to Prediction Done. Time: 0.0003204345703125 seconds[0m
depth: 253/2000 frame=252
[97m[INFO ] Processed Images Done taking 0.006094932556152344 seconds. Shape:  torch.Size([1, 3, 518, 518])[0m
[97m[INFO ] Model Forward Pass Done. Time: 0.0428617000579834 seconds[0m
[97m[INFO ] Conversion to Prediction Done. Time: 0.00032448768615722656 seconds[0m
depth: 254/2000 frame=253
[97m[INFO ] Processed Images Done taking 0.0063686370849609375 seconds. Shape:  torch.Size([1, 3, 518, 518])[0m
[97m[INFO ] Model Forward Pass Done. Time: 0.0412447452545166 seconds[0m
[97m[INFO ] Conversion to Prediction Done. Time: 0.00036454200744628906 seconds[0m
depth: 255/2000 frame=254
[97m[INFO ] Processed Images Done taking 0.006259441375732422 seconds. Shape:  torch.Size([1, 3, 518, 518])[0m
[97m[INFO ] Model Forward Pass Done. Time: 0.04007267951965332 seconds[0m
[97m[INFO ] Conversion to Prediction Done. Time: 0.0003223419189453125 seconds[0m
depth: 256/2000 frame=255
[97m[INFO ] Processed Images Done taking 0.006543397903442383 seconds. Shape:  torch.Size([1, 3, 518, 518])[0m
[97m[INFO ] Model Forward Pass Done. Time: 0.03782820701599121 seconds[0m
[97m[INFO ] Conversion to Prediction Done. Time: 0.0003368854522705078 seconds[0m
depth: 257/2000 frame=256
[97m[INFO ] Processed Images Done taking 0.005624055862426758 seconds. Shape:  torch.Size([1, 3, 518, 518])[0m
[97m[INFO ] Model Forward Pass Done. Time: 0.04129433631896973 seconds[0m
[97m[INFO ] Conversion to Prediction Done. Time: 0.00036716461181640625 seconds[0m
depth: 258/2000 frame=257
[97m[INFO ] Processed Images Done taking 0.0060880184173583984 seconds. Shape:  torch.Size([1, 3, 518, 518])[0m
[97m[INFO ] Model Forward Pass Done. Time: 0.04246163368225098 seconds[0m
[97m[INFO ] Conversion to Prediction Done. Time: 0.0003185272216796875 seconds[0m
depth: 259/2000 frame=258
[97m[INFO ] Processed Images Done taking 0.0066606998443603516 seconds. Shape:  torch.Size([1, 3, 518, 518])[0m
[97m[INFO ] Model Forward Pass Done. Time: 0.04048895835876465 seconds[0m
[97m[INFO ] Conversion to Prediction Done. Time: 0.00032258033752441406 seconds[0m
depth: 260/2000 frame=259
[97m[INFO ] Processed Images Done taking 0.00624394416809082 seconds. Shape:  torch.Size([1, 3, 518, 518])[0m
[97m[INFO ] Model Forward Pass Done. Time: 0.040517568588256836 seconds[0m
[97m[INFO ] Conversion to Prediction Done. Time: 0.00035572052001953125 seconds[0m
depth: 261/2000 frame=260
[97m[INFO ] Processed Images Done taking 0.0067141056060791016 seconds. Shape:  torch.Size([1, 3, 518, 518])[0m
[97m[INFO ] Model Forward Pass Done. Time: 0.04283571243286133 seconds[0m
[97m[INFO ] Conversion to Prediction Done. Time: 0.000335693359375 seconds[0m
depth: 262/2000 frame=261
[97m[INFO ] Processed Images Done taking 0.0065653324127197266 seconds. Shape:  torch.Size([1, 3, 518, 518])[0m
[97m[INFO ] Model Forward Pass Done. Time: 0.04160165786743164 seconds[0m
[97m[INFO ] Conversion to Prediction Done. Time: 0.00031447410583496094 seconds[0m
depth: 263/2000 frame=262
[97m[INFO ] Processed Images Done taking 0.005802154541015625 seconds. Shape:  torch.Size([1, 3, 518, 518])[0m
[97m[INFO ] Model Forward Pass Done. Time: 0.041822195053100586 seconds[0m
[97m[INFO ] Conversion to Prediction Done. Time: 0.00036215782165527344 seconds[0m
depth: 264/2000 frame=263
[97m[INFO ] Processed Images Done taking 0.007170200347900391 seconds. Shape:  torch.Size([1, 3, 518, 518])[0m
[97m[INFO ] Model Forward Pass Done. Time: 0.042714595794677734 seconds[0m
[97m[INFO ] Conversion to Prediction Done. Time: 0.00032973289489746094 seconds[0m
depth: 265/2000 frame=264
[97m[INFO ] Processed Images Done taking 0.007995128631591797 seconds. Shape:  torch.Size([1, 3, 518, 518])[0m
[97m[INFO ] Model Forward Pass Done. Time: 0.04439115524291992 seconds[0m
[97m[INFO ] Conversion to Prediction Done. Time: 0.00032591819763183594 seconds[0m
depth: 266/2000 frame=265
[97m[INFO ] Processed Images Done taking 0.005934953689575195 seconds. Shape:  torch.Size([1, 3, 518, 518])[0m
[97m[INFO ] Model Forward Pass Done. Time: 0.0412595272064209 seconds[0m
[97m[INFO ] Conversion to Prediction Done. Time: 0.00035262107849121094 seconds[0m
depth: 267/2000 frame=266
[97m[INFO ] Processed Images Done taking 0.006258726119995117 seconds. Shape:  torch.Size([1, 3, 518, 518])[0m
[97m[INFO ] Model Forward Pass Done. Time: 0.041412353515625 seconds[0m
[97m[INFO ] Conversion to Prediction Done. Time: 0.00032830238342285156 seconds[0m
depth: 268/2000 frame=267
[97m[INFO ] Processed Images Done taking 0.007413387298583984 seconds. Shape:  torch.Size([1, 3, 518, 518])[0m
[97m[INFO ] Model Forward Pass Done. Time: 0.0420072078704834 seconds[0m
[97m[INFO ] Conversion to Prediction Done. Time: 0.0003268718719482422 seconds[0m
depth: 269/2000 frame=268
[97m[INFO ] Processed Images Done taking 0.00596928596496582 seconds. Shape:  torch.Size([1, 3, 518, 518])[0m
[97m[INFO ] Model Forward Pass Done. Time: 0.04140281677246094 seconds[0m
[97m[INFO ] Conversion to Prediction Done. Time: 0.0003528594970703125 seconds[0m
depth: 270/2000 frame=269
[97m[INFO ] Processed Images Done taking 0.006174325942993164 seconds. Shape:  torch.Size([1, 3, 518, 518])[0m
[97m[INFO ] Model Forward Pass Done. Time: 0.04030466079711914 seconds[0m
[97m[INFO ] Conversion to Prediction Done. Time: 0.0003249645233154297 seconds[0m
depth: 271/2000 frame=270
[97m[INFO ] Processed Images Done taking 0.007212400436401367 seconds. Shape:  torch.Size([1, 3, 518, 518])[0m
[97m[INFO ] Model Forward Pass Done. Time: 0.04277515411376953 seconds[0m
[97m[INFO ] Conversion to Prediction Done. Time: 0.00032019615173339844 seconds[0m
depth: 272/2000 frame=271
[97m[INFO ] Processed Images Done taking 0.0061223506927490234 seconds. Shape:  torch.Size([1, 3, 518, 518])[0m
[97m[INFO ] Model Forward Pass Done. Time: 0.04039621353149414 seconds[0m
[97m[INFO ] Conversion to Prediction Done. Time: 0.0003478527069091797 seconds[0m
depth: 273/2000 frame=272
[97m[INFO ] Processed Images Done taking 0.0060577392578125 seconds. Shape:  torch.Size([1, 3, 518, 518])[0m
[97m[INFO ] Model Forward Pass Done. Time: 0.03817486763000488 seconds[0m
[97m[INFO ] Conversion to Prediction Done. Time: 0.0003330707550048828 seconds[0m
depth: 274/2000 frame=273
[97m[INFO ] Processed Images Done taking 0.005810976028442383 seconds. Shape:  torch.Size([1, 3, 518, 518])[0m
[97m[INFO ] Model Forward Pass Done. Time: 0.04143857955932617 seconds[0m
[97m[INFO ] Conversion to Prediction Done. Time: 0.00033593177795410156 seconds[0m
depth: 275/2000 frame=274
[97m[INFO ] Processed Images Done taking 0.006155490875244141 seconds. Shape:  torch.Size([1, 3, 518, 518])[0m
[97m[INFO ] Model Forward Pass Done. Time: 0.04140353202819824 seconds[0m
[97m[INFO ] Conversion to Prediction Done. Time: 0.00035119056701660156 seconds[0m
depth: 276/2000 frame=275
[97m[INFO ] Processed Images Done taking 0.005745887756347656 seconds. Shape:  torch.Size([1, 3, 518, 518])[0m
[97m[INFO ] Model Forward Pass Done. Time: 0.04102635383605957 seconds[0m
[97m[INFO ] Conversion to Prediction Done. Time: 0.0003256797790527344 seconds[0m
depth: 277/2000 frame=276
[97m[INFO ] Processed Images Done taking 0.006558418273925781 seconds. Shape:  torch.Size([1, 3, 518, 518])[0m
[97m[INFO ] Model Forward Pass Done. Time: 0.04066967964172363 seconds[0m
[97m[INFO ] Conversion to Prediction Done. Time: 0.0003304481506347656 seconds[0m
depth: 278/2000 frame=277
[97m[INFO ] Processed Images Done taking 0.005676984786987305 seconds. Shape:  torch.Size([1, 3, 518, 518])[0m
[97m[INFO ] Model Forward Pass Done. Time: 0.04029679298400879 seconds[0m
[97m[INFO ] Conversion to Prediction Done. Time: 0.0003514289855957031 seconds[0m
depth: 279/2000 frame=278
[97m[INFO ] Processed Images Done taking 0.005745410919189453 seconds. Shape:  torch.Size([1, 3, 518, 518])[0m
[97m[INFO ] Model Forward Pass Done. Time: 0.042859554290771484 seconds[0m
[97m[INFO ] Conversion to Prediction Done. Time: 0.0003285408020019531 seconds[0m
depth: 280/2000 frame=279
[97m[INFO ] Processed Images Done taking 0.006168365478515625 seconds. Shape:  torch.Size([1, 3, 518, 518])[0m
[97m[INFO ] Model Forward Pass Done. Time: 0.04111623764038086 seconds[0m
[97m[INFO ] Conversion to Prediction Done. Time: 0.00032591819763183594 seconds[0m
depth: 281/2000 frame=280
[97m[INFO ] Processed Images Done taking 0.006328105926513672 seconds. Shape:  torch.Size([1, 3, 518, 518])[0m
[97m[INFO ] Model Forward Pass Done. Time: 0.0414581298828125 seconds[0m
[97m[INFO ] Conversion to Prediction Done. Time: 0.0003616809844970703 seconds[0m
depth: 282/2000 frame=281
[97m[INFO ] Processed Images Done taking 0.006150007247924805 seconds. Shape:  torch.Size([1, 3, 518, 518])[0m
[97m[INFO ] Model Forward Pass Done. Time: 0.04044795036315918 seconds[0m
[97m[INFO ] Conversion to Prediction Done. Time: 0.00032901763916015625 seconds[0m
depth: 283/2000 frame=282
[97m[INFO ] Processed Images Done taking 0.007177591323852539 seconds. Shape:  torch.Size([1, 3, 518, 518])[0m
[97m[INFO ] Model Forward Pass Done. Time: 0.040210723876953125 seconds[0m
[97m[INFO ] Conversion to Prediction Done. Time: 0.00031566619873046875 seconds[0m
depth: 284/2000 frame=283
[97m[INFO ] Processed Images Done taking 0.0053195953369140625 seconds. Shape:  torch.Size([1, 3, 518, 518])[0m
[97m[INFO ] Model Forward Pass Done. Time: 0.03820681571960449 seconds[0m
[97m[INFO ] Conversion to Prediction Done. Time: 0.0003485679626464844 seconds[0m
depth: 285/2000 frame=284
[97m[INFO ] Processed Images Done taking 0.006590843200683594 seconds. Shape:  torch.Size([1, 3, 518, 518])[0m
[97m[INFO ] Model Forward Pass Done. Time: 0.04164457321166992 seconds[0m
[97m[INFO ] Conversion to Prediction Done. Time: 0.0003211498260498047 seconds[0m
depth: 286/2000 frame=285
[97m[INFO ] Processed Images Done taking 0.007832050323486328 seconds. Shape:  torch.Size([1, 3, 518, 518])[0m
[97m[INFO ] Model Forward Pass Done. Time: 0.04436349868774414 seconds[0m
[97m[INFO ] Conversion to Prediction Done. Time: 0.0003256797790527344 seconds[0m
depth: 287/2000 frame=286
[97m[INFO ] Processed Images Done taking 0.006087064743041992 seconds. Shape:  torch.Size([1, 3, 518, 518])[0m
[97m[INFO ] Model Forward Pass Done. Time: 0.04139518737792969 seconds[0m
[97m[INFO ] Conversion to Prediction Done. Time: 0.0003540515899658203 seconds[0m
depth: 288/2000 frame=287
[97m[INFO ] Processed Images Done taking 0.006118059158325195 seconds. Shape:  torch.Size([1, 3, 518, 518])[0m
[97m[INFO ] Model Forward Pass Done. Time: 0.03982877731323242 seconds[0m
[97m[INFO ] Conversion to Prediction Done. Time: 0.0003113746643066406 seconds[0m
depth: 289/2000 frame=288
[97m[INFO ] Processed Images Done taking 0.006566762924194336 seconds. Shape:  torch.Size([1, 3, 518, 518])[0m
[97m[INFO ] Model Forward Pass Done. Time: 0.042882442474365234 seconds[0m
[97m[INFO ] Conversion to Prediction Done. Time: 0.00032401084899902344 seconds[0m
depth: 290/2000 frame=289
[97m[INFO ] Processed Images Done taking 0.006055116653442383 seconds. Shape:  torch.Size([1, 3, 518, 518])[0m
[97m[INFO ] Model Forward Pass Done. Time: 0.041049957275390625 seconds[0m
[97m[INFO ] Conversion to Prediction Done. Time: 0.0003554821014404297 seconds[0m
depth: 291/2000 frame=290
[97m[INFO ] Processed Images Done taking 0.0057795047760009766 seconds. Shape:  torch.Size([1, 3, 518, 518])[0m
[97m[INFO ] Model Forward Pass Done. Time: 0.04010629653930664 seconds[0m
[97m[INFO ] Conversion to Prediction Done. Time: 0.0003123283386230469 seconds[0m
depth: 292/2000 frame=291
[97m[INFO ] Processed Images Done taking 0.0059893131256103516 seconds. Shape:  torch.Size([1, 3, 518, 518])[0m
[97m[INFO ] Model Forward Pass Done. Time: 0.037896156311035156 seconds[0m
[97m[INFO ] Conversion to Prediction Done. Time: 0.00031375885009765625 seconds[0m
depth: 293/2000 frame=292
[97m[INFO ] Processed Images Done taking 0.005820035934448242 seconds. Shape:  torch.Size([1, 3, 518, 518])[0m
[97m[INFO ] Model Forward Pass Done. Time: 0.041094303131103516 seconds[0m
[97m[INFO ] Conversion to Prediction Done. Time: 0.00035309791564941406 seconds[0m
depth: 294/2000 frame=293
[97m[INFO ] Processed Images Done taking 0.0074574947357177734 seconds. Shape:  torch.Size([1, 3, 518, 518])[0m
[97m[INFO ] Model Forward Pass Done. Time: 0.04456615447998047 seconds[0m
[97m[INFO ] Conversion to Prediction Done. Time: 0.00032329559326171875 seconds[0m
depth: 295/2000 frame=294
[97m[INFO ] Processed Images Done taking 0.007537364959716797 seconds. Shape:  torch.Size([1, 3, 518, 518])[0m
[97m[INFO ] Model Forward Pass Done. Time: 0.04152083396911621 seconds[0m
[97m[INFO ] Conversion to Prediction Done. Time: 0.0003254413604736328 seconds[0m
depth: 296/2000 frame=295
[97m[INFO ] Processed Images Done taking 0.006429195404052734 seconds. Shape:  torch.Size([1, 3, 518, 518])[0m
[97m[INFO ] Model Forward Pass Done. Time: 0.04126882553100586 seconds[0m
[97m[INFO ] Conversion to Prediction Done. Time: 0.0003483295440673828 seconds[0m
depth: 297/2000 frame=296
[97m[INFO ] Processed Images Done taking 0.006314992904663086 seconds. Shape:  torch.Size([1, 3, 518, 518])[0m
[97m[INFO ] Model Forward Pass Done. Time: 0.04217696189880371 seconds[0m
[97m[INFO ] Conversion to Prediction Done. Time: 0.00032138824462890625 seconds[0m
depth: 298/2000 frame=297
[97m[INFO ] Processed Images Done taking 0.006220340728759766 seconds. Shape:  torch.Size([1, 3, 518, 518])[0m
[97m[INFO ] Model Forward Pass Done. Time: 0.04129815101623535 seconds[0m
[97m[INFO ] Conversion to Prediction Done. Time: 0.0003581047058105469 seconds[0m
depth: 299/2000 frame=298
[97m[INFO ] Processed Images Done taking 0.0064733028411865234 seconds. Shape:  torch.Size([1, 3, 518, 518])[0m
[97m[INFO ] Model Forward Pass Done. Time: 0.0409390926361084 seconds[0m
[97m[INFO ] Conversion to Prediction Done. Time: 0.0003204345703125 seconds[0m
depth: 300/2000 frame=299
[97m[INFO ] Processed Images Done taking 0.006125688552856445 seconds. Shape:  torch.Size([1, 3, 518, 518])[0m
[97m[INFO ] Model Forward Pass Done. Time: 0.041283369064331055 seconds[0m
[97m[INFO ] Conversion to Prediction Done. Time: 0.0003342628479003906 seconds[0m
depth: 301/2000 frame=300
[97m[INFO ] Processed Images Done taking 0.005746364593505859 seconds. Shape:  torch.Size([1, 3, 518, 518])[0m
[97m[INFO ] Model Forward Pass Done. Time: 0.04094743728637695 seconds[0m
[97m[INFO ] Conversion to Prediction Done. Time: 0.0003180503845214844 seconds[0m
depth: 302/2000 frame=301
[97m[INFO ] Processed Images Done taking 0.006551027297973633 seconds. Shape:  torch.Size([1, 3, 518, 518])[0m
[97m[INFO ] Model Forward Pass Done. Time: 0.04179120063781738 seconds[0m
[97m[INFO ] Conversion to Prediction Done. Time: 0.00031375885009765625 seconds[0m
depth: 303/2000 frame=302
[97m[INFO ] Processed Images Done taking 0.005872249603271484 seconds. Shape:  torch.Size([1, 3, 518, 518])[0m
[97m[INFO ] Model Forward Pass Done. Time: 0.04126453399658203 seconds[0m
[97m[INFO ] Conversion to Prediction Done. Time: 0.0003306865692138672 seconds[0m
depth: 304/2000 frame=303
[97m[INFO ] Processed Images Done taking 0.006129741668701172 seconds. Shape:  torch.Size([1, 3, 518, 518])[0m
[97m[INFO ] Model Forward Pass Done. Time: 0.041066884994506836 seconds[0m
[97m[INFO ] Conversion to Prediction Done. Time: 0.00031447410583496094 seconds[0m
depth: 305/2000 frame=304
[97m[INFO ] Processed Images Done taking 0.006084442138671875 seconds. Shape:  torch.Size([1, 3, 518, 518])[0m
[97m[INFO ] Model Forward Pass Done. Time: 0.04096388816833496 seconds[0m
[97m[INFO ] Conversion to Prediction Done. Time: 0.0003147125244140625 seconds[0m
depth: 306/2000 frame=305
[97m[INFO ] Processed Images Done taking 0.0059964656829833984 seconds. Shape:  torch.Size([1, 3, 518, 518])[0m
[97m[INFO ] Model Forward Pass Done. Time: 0.0414581298828125 seconds[0m
[97m[INFO ] Conversion to Prediction Done. Time: 0.0004267692565917969 seconds[0m
depth: 307/2000 frame=306
[97m[INFO ] Processed Images Done taking 0.0061647891998291016 seconds. Shape:  torch.Size([1, 3, 518, 518])[0m
[97m[INFO ] Model Forward Pass Done. Time: 0.0402827262878418 seconds[0m
[97m[INFO ] Conversion to Prediction Done. Time: 0.00032520294189453125 seconds[0m
depth: 308/2000 frame=307
[97m[INFO ] Processed Images Done taking 0.0063860416412353516 seconds. Shape:  torch.Size([1, 3, 518, 518])[0m
[97m[INFO ] Model Forward Pass Done. Time: 0.04240226745605469 seconds[0m
[97m[INFO ] Conversion to Prediction Done. Time: 0.0003209114074707031 seconds[0m
depth: 309/2000 frame=308
[97m[INFO ] Processed Images Done taking 0.0059506893157958984 seconds. Shape:  torch.Size([1, 3, 518, 518])[0m
[97m[INFO ] Model Forward Pass Done. Time: 0.04269075393676758 seconds[0m
[97m[INFO ] Conversion to Prediction Done. Time: 0.0003254413604736328 seconds[0m
depth: 310/2000 frame=309
[97m[INFO ] Processed Images Done taking 0.006181955337524414 seconds. Shape:  torch.Size([1, 3, 518, 518])[0m
[97m[INFO ] Model Forward Pass Done. Time: 0.04055666923522949 seconds[0m
[97m[INFO ] Conversion to Prediction Done. Time: 0.0003185272216796875 seconds[0m
depth: 311/2000 frame=310
[97m[INFO ] Processed Images Done taking 0.006790876388549805 seconds. Shape:  torch.Size([1, 3, 518, 518])[0m
[97m[INFO ] Model Forward Pass Done. Time: 0.04038572311401367 seconds[0m
[97m[INFO ] Conversion to Prediction Done. Time: 0.0003139972686767578 seconds[0m
depth: 312/2000 frame=311
[97m[INFO ] Processed Images Done taking 0.006226301193237305 seconds. Shape:  torch.Size([1, 3, 518, 518])[0m
[97m[INFO ] Model Forward Pass Done. Time: 0.0403594970703125 seconds[0m
[97m[INFO ] Conversion to Prediction Done. Time: 0.0003218650817871094 seconds[0m
depth: 313/2000 frame=312
[97m[INFO ] Processed Images Done taking 0.006502628326416016 seconds. Shape:  torch.Size([1, 3, 518, 518])[0m
[97m[INFO ] Model Forward Pass Done. Time: 0.04291963577270508 seconds[0m
[97m[INFO ] Conversion to Prediction Done. Time: 0.00033283233642578125 seconds[0m
depth: 314/2000 frame=313
[97m[INFO ] Processed Images Done taking 0.0070400238037109375 seconds. Shape:  torch.Size([1, 3, 518, 518])[0m
[97m[INFO ] Model Forward Pass Done. Time: 0.04172945022583008 seconds[0m
[97m[INFO ] Conversion to Prediction Done. Time: 0.0003345012664794922 seconds[0m
depth: 315/2000 frame=314
[97m[INFO ] Processed Images Done taking 0.0065460205078125 seconds. Shape:  torch.Size([1, 3, 518, 518])[0m
[97m[INFO ] Model Forward Pass Done. Time: 0.042404890060424805 seconds[0m
[97m[INFO ] Conversion to Prediction Done. Time: 0.00032138824462890625 seconds[0m
depth: 316/2000 frame=315
[97m[INFO ] Processed Images Done taking 0.005847930908203125 seconds. Shape:  torch.Size([1, 3, 518, 518])[0m
[97m[INFO ] Model Forward Pass Done. Time: 0.041121482849121094 seconds[0m
[97m[INFO ] Conversion to Prediction Done. Time: 0.0003211498260498047 seconds[0m
depth: 317/2000 frame=316
[97m[INFO ] Processed Images Done taking 0.006067991256713867 seconds. Shape:  torch.Size([1, 3, 518, 518])[0m
[97m[INFO ] Model Forward Pass Done. Time: 0.04119467735290527 seconds[0m
[97m[INFO ] Conversion to Prediction Done. Time: 0.0003230571746826172 seconds[0m
depth: 318/2000 frame=317
[97m[INFO ] Processed Images Done taking 0.006262063980102539 seconds. Shape:  torch.Size([1, 3, 518, 518])[0m
[97m[INFO ] Model Forward Pass Done. Time: 0.042600393295288086 seconds[0m
[97m[INFO ] Conversion to Prediction Done. Time: 0.0003306865692138672 seconds[0m
depth: 319/2000 frame=318
[97m[INFO ] Processed Images Done taking 0.0074727535247802734 seconds. Shape:  torch.Size([1, 3, 518, 518])[0m
[97m[INFO ] Model Forward Pass Done. Time: 0.04114413261413574 seconds[0m
[97m[INFO ] Conversion to Prediction Done. Time: 0.00031948089599609375 seconds[0m
depth: 320/2000 frame=319
[97m[INFO ] Processed Images Done taking 0.007318973541259766 seconds. Shape:  torch.Size([1, 3, 518, 518])[0m
[97m[INFO ] Model Forward Pass Done. Time: 0.044274091720581055 seconds[0m
[97m[INFO ] Conversion to Prediction Done. Time: 0.0003261566162109375 seconds[0m
depth: 321/2000 frame=320
[97m[INFO ] Processed Images Done taking 0.00663447380065918 seconds. Shape:  torch.Size([1, 3, 518, 518])[0m
[97m[INFO ] Model Forward Pass Done. Time: 0.040853261947631836 seconds[0m
[97m[INFO ] Conversion to Prediction Done. Time: 0.0003638267517089844 seconds[0m
depth: 322/2000 frame=321
[97m[INFO ] Processed Images Done taking 0.006003618240356445 seconds. Shape:  torch.Size([1, 3, 518, 518])[0m
[97m[INFO ] Model Forward Pass Done. Time: 0.04255938529968262 seconds[0m
[97m[INFO ] Conversion to Prediction Done. Time: 0.00032138824462890625 seconds[0m
depth: 323/2000 frame=322
[97m[INFO ] Processed Images Done taking 0.006715536117553711 seconds. Shape:  torch.Size([1, 3, 518, 518])[0m
[97m[INFO ] Model Forward Pass Done. Time: 0.041136741638183594 seconds[0m
[97m[INFO ] Conversion to Prediction Done. Time: 0.00032520294189453125 seconds[0m
depth: 324/2000 frame=323
[97m[INFO ] Processed Images Done taking 0.006161689758300781 seconds. Shape:  torch.Size([1, 3, 518, 518])[0m
[97m[INFO ] Model Forward Pass Done. Time: 0.042861223220825195 seconds[0m
[97m[INFO ] Conversion to Prediction Done. Time: 0.00032401084899902344 seconds[0m
depth: 325/2000 frame=324
[97m[INFO ] Processed Images Done taking 0.005983114242553711 seconds. Shape:  torch.Size([1, 3, 518, 518])[0m
[97m[INFO ] Model Forward Pass Done. Time: 0.040821075439453125 seconds[0m
[97m[INFO ] Conversion to Prediction Done. Time: 0.00033211708068847656 seconds[0m
depth: 326/2000 frame=325
[97m[INFO ] Processed Images Done taking 0.0061452388763427734 seconds. Shape:  torch.Size([1, 3, 518, 518])[0m
[97m[INFO ] Model Forward Pass Done. Time: 0.040906667709350586 seconds[0m
[97m[INFO ] Conversion to Prediction Done. Time: 0.0003254413604736328 seconds[0m
depth: 327/2000 frame=326
[97m[INFO ] Processed Images Done taking 0.005649089813232422 seconds. Shape:  torch.Size([1, 3, 518, 518])[0m
[97m[INFO ] Model Forward Pass Done. Time: 0.043108224868774414 seconds[0m
[97m[INFO ] Conversion to Prediction Done. Time: 0.00033354759216308594 seconds[0m
depth: 328/2000 frame=327
[97m[INFO ] Processed Images Done taking 0.00604701042175293 seconds. Shape:  torch.Size([1, 3, 518, 518])[0m
[97m[INFO ] Model Forward Pass Done. Time: 0.04128384590148926 seconds[0m
[97m[INFO ] Conversion to Prediction Done. Time: 0.00032138824462890625 seconds[0m
depth: 329/2000 frame=328
[97m[INFO ] Processed Images Done taking 0.006739616394042969 seconds. Shape:  torch.Size([1, 3, 518, 518])[0m
[97m[INFO ] Model Forward Pass Done. Time: 0.044404029846191406 seconds[0m
[97m[INFO ] Conversion to Prediction Done. Time: 0.0003294944763183594 seconds[0m
depth: 330/2000 frame=329
[97m[INFO ] Processed Images Done taking 0.006234645843505859 seconds. Shape:  torch.Size([1, 3, 518, 518])[0m
[97m[INFO ] Model Forward Pass Done. Time: 0.04021263122558594 seconds[0m
[97m[INFO ] Conversion to Prediction Done. Time: 0.0003490447998046875 seconds[0m
depth: 331/2000 frame=330
[97m[INFO ] Processed Images Done taking 0.005959033966064453 seconds. Shape:  torch.Size([1, 3, 518, 518])[0m
[97m[INFO ] Model Forward Pass Done. Time: 0.04131340980529785 seconds[0m
[97m[INFO ] Conversion to Prediction Done. Time: 0.00032782554626464844 seconds[0m
depth: 332/2000 frame=331
[97m[INFO ] Processed Images Done taking 0.007268190383911133 seconds. Shape:  torch.Size([1, 3, 518, 518])[0m
[97m[INFO ] Model Forward Pass Done. Time: 0.0403897762298584 seconds[0m
[97m[INFO ] Conversion to Prediction Done. Time: 0.00034117698669433594 seconds[0m
depth: 333/2000 frame=332
[97m[INFO ] Processed Images Done taking 0.006100177764892578 seconds. Shape:  torch.Size([1, 3, 518, 518])[0m
[97m[INFO ] Model Forward Pass Done. Time: 0.041185617446899414 seconds[0m
[97m[INFO ] Conversion to Prediction Done. Time: 0.00031304359436035156 seconds[0m
depth: 334/2000 frame=333
[97m[INFO ] Processed Images Done taking 0.00779414176940918 seconds. Shape:  torch.Size([1, 3, 518, 518])[0m
[97m[INFO ] Model Forward Pass Done. Time: 0.0410006046295166 seconds[0m
[97m[INFO ] Conversion to Prediction Done. Time: 0.00033283233642578125 seconds[0m
depth: 335/2000 frame=334
[97m[INFO ] Processed Images Done taking 0.005973339080810547 seconds. Shape:  torch.Size([1, 3, 518, 518])[0m
[97m[INFO ] Model Forward Pass Done. Time: 0.04232478141784668 seconds[0m
[97m[INFO ] Conversion to Prediction Done. Time: 0.0003161430358886719 seconds[0m
depth: 336/2000 frame=335
[97m[INFO ] Processed Images Done taking 0.0056726932525634766 seconds. Shape:  torch.Size([1, 3, 518, 518])[0m
[97m[INFO ] Model Forward Pass Done. Time: 0.04126095771789551 seconds[0m
[97m[INFO ] Conversion to Prediction Done. Time: 0.0003204345703125 seconds[0m
depth: 337/2000 frame=336
[97m[INFO ] Processed Images Done taking 0.005854606628417969 seconds. Shape:  torch.Size([1, 3, 518, 518])[0m
[97m[INFO ] Model Forward Pass Done. Time: 0.042677879333496094 seconds[0m
[97m[INFO ] Conversion to Prediction Done. Time: 0.0003178119659423828 seconds[0m
depth: 338/2000 frame=337
[97m[INFO ] Processed Images Done taking 0.005868196487426758 seconds. Shape:  torch.Size([1, 3, 518, 518])[0m
[97m[INFO ] Model Forward Pass Done. Time: 0.04097342491149902 seconds[0m
[97m[INFO ] Conversion to Prediction Done. Time: 0.0003132820129394531 seconds[0m
depth: 339/2000 frame=338
[97m[INFO ] Processed Images Done taking 0.006081104278564453 seconds. Shape:  torch.Size([1, 3, 518, 518])[0m
[97m[INFO ] Model Forward Pass Done. Time: 0.040665626525878906 seconds[0m
[97m[INFO ] Conversion to Prediction Done. Time: 0.00031638145446777344 seconds[0m
depth: 340/2000 frame=339
[97m[INFO ] Processed Images Done taking 0.006397247314453125 seconds. Shape:  torch.Size([1, 3, 518, 518])[0m
[97m[INFO ] Model Forward Pass Done. Time: 0.040953874588012695 seconds[0m
[97m[INFO ] Conversion to Prediction Done. Time: 0.00031948089599609375 seconds[0m
depth: 341/2000 frame=340
[97m[INFO ] Processed Images Done taking 0.0066471099853515625 seconds. Shape:  torch.Size([1, 3, 518, 518])[0m
[97m[INFO ] Model Forward Pass Done. Time: 0.040799856185913086 seconds[0m
[97m[INFO ] Conversion to Prediction Done. Time: 0.0003199577331542969 seconds[0m
depth: 342/2000 frame=341
[97m[INFO ] Processed Images Done taking 0.006044149398803711 seconds. Shape:  torch.Size([1, 3, 518, 518])[0m
[97m[INFO ] Model Forward Pass Done. Time: 0.04010939598083496 seconds[0m
[97m[INFO ] Conversion to Prediction Done. Time: 0.0003654956817626953 seconds[0m
depth: 343/2000 frame=342
[97m[INFO ] Processed Images Done taking 0.006739139556884766 seconds. Shape:  torch.Size([1, 3, 518, 518])[0m
[97m[INFO ] Model Forward Pass Done. Time: 0.042349815368652344 seconds[0m
[97m[INFO ] Conversion to Prediction Done. Time: 0.00033354759216308594 seconds[0m
depth: 344/2000 frame=343
[97m[INFO ] Processed Images Done taking 0.007020473480224609 seconds. Shape:  torch.Size([1, 3, 518, 518])[0m
[97m[INFO ] Model Forward Pass Done. Time: 0.04063105583190918 seconds[0m
[97m[INFO ] Conversion to Prediction Done. Time: 0.0003192424774169922 seconds[0m
depth: 345/2000 frame=344
[97m[INFO ] Processed Images Done taking 0.006422519683837891 seconds. Shape:  torch.Size([1, 3, 518, 518])[0m
[97m[INFO ] Model Forward Pass Done. Time: 0.041312456130981445 seconds[0m
[97m[INFO ] Conversion to Prediction Done. Time: 0.0003452301025390625 seconds[0m
depth: 346/2000 frame=345
[97m[INFO ] Processed Images Done taking 0.005833148956298828 seconds. Shape:  torch.Size([1, 3, 518, 518])[0m
[97m[INFO ] Model Forward Pass Done. Time: 0.04234504699707031 seconds[0m
[97m[INFO ] Conversion to Prediction Done. Time: 0.0003299713134765625 seconds[0m
depth: 347/2000 frame=346
[97m[INFO ] Processed Images Done taking 0.007447242736816406 seconds. Shape:  torch.Size([1, 3, 518, 518])[0m
[97m[INFO ] Model Forward Pass Done. Time: 0.04076719284057617 seconds[0m
[97m[INFO ] Conversion to Prediction Done. Time: 0.00031828880310058594 seconds[0m
depth: 348/2000 frame=347
[97m[INFO ] Processed Images Done taking 0.006759166717529297 seconds. Shape:  torch.Size([1, 3, 518, 518])[0m
[97m[INFO ] Model Forward Pass Done. Time: 0.04271531105041504 seconds[0m
[97m[INFO ] Conversion to Prediction Done. Time: 0.0003428459167480469 seconds[0m
depth: 349/2000 frame=348
[97m[INFO ] Processed Images Done taking 0.006670713424682617 seconds. Shape:  torch.Size([1, 3, 518, 518])[0m
[97m[INFO ] Model Forward Pass Done. Time: 0.04087042808532715 seconds[0m
[97m[INFO ] Conversion to Prediction Done. Time: 0.00033211708068847656 seconds[0m
depth: 350/2000 frame=349
[97m[INFO ] Processed Images Done taking 0.006968975067138672 seconds. Shape:  torch.Size([1, 3, 518, 518])[0m
[97m[INFO ] Model Forward Pass Done. Time: 0.040801048278808594 seconds[0m
[97m[INFO ] Conversion to Prediction Done. Time: 0.00031566619873046875 seconds[0m
depth: 351/2000 frame=350
[97m[INFO ] Processed Images Done taking 0.006745338439941406 seconds. Shape:  torch.Size([1, 3, 518, 518])[0m
[97m[INFO ] Model Forward Pass Done. Time: 0.0412900447845459 seconds[0m
[97m[INFO ] Conversion to Prediction Done. Time: 0.00034689903259277344 seconds[0m
depth: 352/2000 frame=351
[97m[INFO ] Processed Images Done taking 0.006215572357177734 seconds. Shape:  torch.Size([1, 3, 518, 518])[0m
[97m[INFO ] Model Forward Pass Done. Time: 0.04082989692687988 seconds[0m
[97m[INFO ] Conversion to Prediction Done. Time: 0.0003345012664794922 seconds[0m
depth: 353/2000 frame=352
[97m[INFO ] Processed Images Done taking 0.006835460662841797 seconds. Shape:  torch.Size([1, 3, 518, 518])[0m
[97m[INFO ] Model Forward Pass Done. Time: 0.0445098876953125 seconds[0m
[97m[INFO ] Conversion to Prediction Done. Time: 0.00031065940856933594 seconds[0m
depth: 354/2000 frame=353
[97m[INFO ] Processed Images Done taking 0.00611114501953125 seconds. Shape:  torch.Size([1, 3, 518, 518])[0m
[97m[INFO ] Model Forward Pass Done. Time: 0.042612314224243164 seconds[0m
[97m[INFO ] Conversion to Prediction Done. Time: 0.00034809112548828125 seconds[0m
depth: 355/2000 frame=354
[97m[INFO ] Processed Images Done taking 0.0067026615142822266 seconds. Shape:  torch.Size([1, 3, 518, 518])[0m
[97m[INFO ] Model Forward Pass Done. Time: 0.04066824913024902 seconds[0m
[97m[INFO ] Conversion to Prediction Done. Time: 0.0003345012664794922 seconds[0m
depth: 356/2000 frame=355
[97m[INFO ] Processed Images Done taking 0.0068590641021728516 seconds. Shape:  torch.Size([1, 3, 518, 518])[0m
[97m[INFO ] Model Forward Pass Done. Time: 0.040697574615478516 seconds[0m
[97m[INFO ] Conversion to Prediction Done. Time: 0.00033664703369140625 seconds[0m
depth: 357/2000 frame=356
[97m[INFO ] Processed Images Done taking 0.007096052169799805 seconds. Shape:  torch.Size([1, 3, 518, 518])[0m
[97m[INFO ] Model Forward Pass Done. Time: 0.041876792907714844 seconds[0m
[97m[INFO ] Conversion to Prediction Done. Time: 0.00036525726318359375 seconds[0m
depth: 358/2000 frame=357
[97m[INFO ] Processed Images Done taking 0.0072863101959228516 seconds. Shape:  torch.Size([1, 3, 518, 518])[0m
[97m[INFO ] Model Forward Pass Done. Time: 0.041684865951538086 seconds[0m
[97m[INFO ] Conversion to Prediction Done. Time: 0.00033354759216308594 seconds[0m
depth: 359/2000 frame=358
[97m[INFO ] Processed Images Done taking 0.006636381149291992 seconds. Shape:  torch.Size([1, 3, 518, 518])[0m
[97m[INFO ] Model Forward Pass Done. Time: 0.04000735282897949 seconds[0m
[97m[INFO ] Conversion to Prediction Done. Time: 0.0003330707550048828 seconds[0m
depth: 360/2000 frame=359
[97m[INFO ] Processed Images Done taking 0.005606651306152344 seconds. Shape:  torch.Size([1, 3, 518, 518])[0m
[97m[INFO ] Model Forward Pass Done. Time: 0.04104924201965332 seconds[0m
[97m[INFO ] Conversion to Prediction Done. Time: 0.00037026405334472656 seconds[0m
depth: 361/2000 frame=360
[97m[INFO ] Processed Images Done taking 0.005839824676513672 seconds. Shape:  torch.Size([1, 3, 518, 518])[0m
[97m[INFO ] Model Forward Pass Done. Time: 0.042345285415649414 seconds[0m
[97m[INFO ] Conversion to Prediction Done. Time: 0.000316619873046875 seconds[0m
depth: 362/2000 frame=361
[97m[INFO ] Processed Images Done taking 0.0065267086029052734 seconds. Shape:  torch.Size([1, 3, 518, 518])[0m
[97m[INFO ] Model Forward Pass Done. Time: 0.040787696838378906 seconds[0m
[97m[INFO ] Conversion to Prediction Done. Time: 0.0003216266632080078 seconds[0m
depth: 363/2000 frame=362
[97m[INFO ] Processed Images Done taking 0.006591796875 seconds. Shape:  torch.Size([1, 3, 518, 518])[0m
[97m[INFO ] Model Forward Pass Done. Time: 0.04177451133728027 seconds[0m
[97m[INFO ] Conversion to Prediction Done. Time: 0.00035762786865234375 seconds[0m
depth: 364/2000 frame=363
[97m[INFO ] Processed Images Done taking 0.006815433502197266 seconds. Shape:  torch.Size([1, 3, 518, 518])[0m
[97m[INFO ] Model Forward Pass Done. Time: 0.041634559631347656 seconds[0m
[97m[INFO ] Conversion to Prediction Done. Time: 0.00033283233642578125 seconds[0m
depth: 365/2000 frame=364
[97m[INFO ] Processed Images Done taking 0.0064296722412109375 seconds. Shape:  torch.Size([1, 3, 518, 518])[0m
[97m[INFO ] Model Forward Pass Done. Time: 0.04172801971435547 seconds[0m
[97m[INFO ] Conversion to Prediction Done. Time: 0.000324249267578125 seconds[0m
depth: 366/2000 frame=365
[97m[INFO ] Processed Images Done taking 0.005533695220947266 seconds. Shape:  torch.Size([1, 3, 518, 518])[0m
[97m[INFO ] Model Forward Pass Done. Time: 0.04086494445800781 seconds[0m
[97m[INFO ] Conversion to Prediction Done. Time: 0.000362396240234375 seconds[0m
depth: 367/2000 frame=366
[97m[INFO ] Processed Images Done taking 0.006117582321166992 seconds. Shape:  torch.Size([1, 3, 518, 518])[0m
[97m[INFO ] Model Forward Pass Done. Time: 0.04105377197265625 seconds[0m
[97m[INFO ] Conversion to Prediction Done. Time: 0.00032591819763183594 seconds[0m
depth: 368/2000 frame=367
[97m[INFO ] Processed Images Done taking 0.006661415100097656 seconds. Shape:  torch.Size([1, 3, 518, 518])[0m
[97m[INFO ] Model Forward Pass Done. Time: 0.04071474075317383 seconds[0m
[97m[INFO ] Conversion to Prediction Done. Time: 0.00032591819763183594 seconds[0m
depth: 369/2000 frame=368
[97m[INFO ] Processed Images Done taking 0.0063343048095703125 seconds. Shape:  torch.Size([1, 3, 518, 518])[0m
[97m[INFO ] Model Forward Pass Done. Time: 0.04001617431640625 seconds[0m
[97m[INFO ] Conversion to Prediction Done. Time: 0.0003495216369628906 seconds[0m
depth: 370/2000 frame=369
[97m[INFO ] Processed Images Done taking 0.005784511566162109 seconds. Shape:  torch.Size([1, 3, 518, 518])[0m
[97m[INFO ] Model Forward Pass Done. Time: 0.04248476028442383 seconds[0m
[97m[INFO ] Conversion to Prediction Done. Time: 0.0003337860107421875 seconds[0m
depth: 371/2000 frame=370
[97m[INFO ] Processed Images Done taking 0.0066089630126953125 seconds. Shape:  torch.Size([1, 3, 518, 518])[0m
[97m[INFO ] Model Forward Pass Done. Time: 0.04083514213562012 seconds[0m
[97m[INFO ] Conversion to Prediction Done. Time: 0.0003180503845214844 seconds[0m
depth: 372/2000 frame=371
[97m[INFO ] Processed Images Done taking 0.005894184112548828 seconds. Shape:  torch.Size([1, 3, 518, 518])[0m
[97m[INFO ] Model Forward Pass Done. Time: 0.04278969764709473 seconds[0m
[97m[INFO ] Conversion to Prediction Done. Time: 0.00036525726318359375 seconds[0m
depth: 373/2000 frame=372
[97m[INFO ] Processed Images Done taking 0.005894899368286133 seconds. Shape:  torch.Size([1, 3, 518, 518])[0m
[97m[INFO ] Model Forward Pass Done. Time: 0.04025435447692871 seconds[0m
[97m[INFO ] Conversion to Prediction Done. Time: 0.00031447410583496094 seconds[0m
depth: 374/2000 frame=373
[97m[INFO ] Processed Images Done taking 0.00632166862487793 seconds. Shape:  torch.Size([1, 3, 518, 518])[0m
[97m[INFO ] Model Forward Pass Done. Time: 0.04139137268066406 seconds[0m
[97m[INFO ] Conversion to Prediction Done. Time: 0.00034046173095703125 seconds[0m
depth: 375/2000 frame=374
[97m[INFO ] Processed Images Done taking 0.006455421447753906 seconds. Shape:  torch.Size([1, 3, 518, 518])[0m
[97m[INFO ] Model Forward Pass Done. Time: 0.04192066192626953 seconds[0m
[97m[INFO ] Conversion to Prediction Done. Time: 0.0003554821014404297 seconds[0m
depth: 376/2000 frame=375
[97m[INFO ] Processed Images Done taking 0.006039619445800781 seconds. Shape:  torch.Size([1, 3, 518, 518])[0m
[97m[INFO ] Model Forward Pass Done. Time: 0.040564775466918945 seconds[0m
[97m[INFO ] Conversion to Prediction Done. Time: 0.0003159046173095703 seconds[0m
depth: 377/2000 frame=376
[97m[INFO ] Processed Images Done taking 0.006479740142822266 seconds. Shape:  torch.Size([1, 3, 518, 518])[0m
[97m[INFO ] Model Forward Pass Done. Time: 0.042456626892089844 seconds[0m
[97m[INFO ] Conversion to Prediction Done. Time: 0.00031828880310058594 seconds[0m
depth: 378/2000 frame=377
[97m[INFO ] Processed Images Done taking 0.005949497222900391 seconds. Shape:  torch.Size([1, 3, 518, 518])[0m
[97m[INFO ] Model Forward Pass Done. Time: 0.04109072685241699 seconds[0m
[97m[INFO ] Conversion to Prediction Done. Time: 0.00031757354736328125 seconds[0m
depth: 379/2000 frame=378
[97m[INFO ] Processed Images Done taking 0.006346940994262695 seconds. Shape:  torch.Size([1, 3, 518, 518])[0m
[97m[INFO ] Model Forward Pass Done. Time: 0.04189729690551758 seconds[0m
[97m[INFO ] Conversion to Prediction Done. Time: 0.00032138824462890625 seconds[0m
depth: 380/2000 frame=379
[97m[INFO ] Processed Images Done taking 0.006013393402099609 seconds. Shape:  torch.Size([1, 3, 518, 518])[0m
[97m[INFO ] Model Forward Pass Done. Time: 0.040839433670043945 seconds[0m
[97m[INFO ] Conversion to Prediction Done. Time: 0.0003218650817871094 seconds[0m
depth: 381/2000 frame=380
[97m[INFO ] Processed Images Done taking 0.006010770797729492 seconds. Shape:  torch.Size([1, 3, 518, 518])[0m
[97m[INFO ] Model Forward Pass Done. Time: 0.04119539260864258 seconds[0m
[97m[INFO ] Conversion to Prediction Done. Time: 0.00032520294189453125 seconds[0m
depth: 382/2000 frame=381
[97m[INFO ] Processed Images Done taking 0.0060350894927978516 seconds. Shape:  torch.Size([1, 3, 518, 518])[0m
[97m[INFO ] Model Forward Pass Done. Time: 0.042409658432006836 seconds[0m
[97m[INFO ] Conversion to Prediction Done. Time: 0.00032830238342285156 seconds[0m
depth: 383/2000 frame=382
[97m[INFO ] Processed Images Done taking 0.006739139556884766 seconds. Shape:  torch.Size([1, 3, 518, 518])[0m
[97m[INFO ] Model Forward Pass Done. Time: 0.03978681564331055 seconds[0m
[97m[INFO ] Conversion to Prediction Done. Time: 0.0003170967102050781 seconds[0m
depth: 384/2000 frame=383
[97m[INFO ] Processed Images Done taking 0.006026268005371094 seconds. Shape:  torch.Size([1, 3, 518, 518])[0m
[97m[INFO ] Model Forward Pass Done. Time: 0.04019951820373535 seconds[0m
[97m[INFO ] Conversion to Prediction Done. Time: 0.0003306865692138672 seconds[0m
depth: 385/2000 frame=384
[97m[INFO ] Processed Images Done taking 0.005808115005493164 seconds. Shape:  torch.Size([1, 3, 518, 518])[0m
[97m[INFO ] Model Forward Pass Done. Time: 0.03988480567932129 seconds[0m
[97m[INFO ] Conversion to Prediction Done. Time: 0.0003173351287841797 seconds[0m
depth: 386/2000 frame=385
[97m[INFO ] Processed Images Done taking 0.006078004837036133 seconds. Shape:  torch.Size([1, 3, 518, 518])[0m
[97m[INFO ] Model Forward Pass Done. Time: 0.04239296913146973 seconds[0m
[97m[INFO ] Conversion to Prediction Done. Time: 0.00032806396484375 seconds[0m
depth: 387/2000 frame=386
[97m[INFO ] Processed Images Done taking 0.00622105598449707 seconds. Shape:  torch.Size([1, 3, 518, 518])[0m
[97m[INFO ] Model Forward Pass Done. Time: 0.04071378707885742 seconds[0m
[97m[INFO ] Conversion to Prediction Done. Time: 0.0003235340118408203 seconds[0m
depth: 388/2000 frame=387
[97m[INFO ] Processed Images Done taking 0.006194114685058594 seconds. Shape:  torch.Size([1, 3, 518, 518])[0m
[97m[INFO ] Model Forward Pass Done. Time: 0.04186534881591797 seconds[0m
[97m[INFO ] Conversion to Prediction Done. Time: 0.00033545494079589844 seconds[0m
depth: 389/2000 frame=388
[97m[INFO ] Processed Images Done taking 0.0060040950775146484 seconds. Shape:  torch.Size([1, 3, 518, 518])[0m
[97m[INFO ] Model Forward Pass Done. Time: 0.042635202407836914 seconds[0m
[97m[INFO ] Conversion to Prediction Done. Time: 0.00033092498779296875 seconds[0m
depth: 390/2000 frame=389
[97m[INFO ] Processed Images Done taking 0.006394147872924805 seconds. Shape:  torch.Size([1, 3, 518, 518])[0m
[97m[INFO ] Model Forward Pass Done. Time: 0.04130125045776367 seconds[0m
[97m[INFO ] Conversion to Prediction Done. Time: 0.00036454200744628906 seconds[0m
depth: 391/2000 frame=390
[97m[INFO ] Processed Images Done taking 0.006584882736206055 seconds. Shape:  torch.Size([1, 3, 518, 518])[0m
[97m[INFO ] Model Forward Pass Done. Time: 0.0411837100982666 seconds[0m
[97m[INFO ] Conversion to Prediction Done. Time: 0.00033211708068847656 seconds[0m
depth: 392/2000 frame=391
[97m[INFO ] Processed Images Done taking 0.0069425106048583984 seconds. Shape:  torch.Size([1, 3, 518, 518])[0m
[97m[INFO ] Model Forward Pass Done. Time: 0.04211544990539551 seconds[0m
[97m[INFO ] Conversion to Prediction Done. Time: 0.00036025047302246094 seconds[0m
depth: 393/2000 frame=392
[97m[INFO ] Processed Images Done taking 0.00584101676940918 seconds. Shape:  torch.Size([1, 3, 518, 518])[0m
[97m[INFO ] Model Forward Pass Done. Time: 0.04098820686340332 seconds[0m
[97m[INFO ] Conversion to Prediction Done. Time: 0.0003151893615722656 seconds[0m
depth: 394/2000 frame=393
[97m[INFO ] Processed Images Done taking 0.0061495304107666016 seconds. Shape:  torch.Size([1, 3, 518, 518])[0m
[97m[INFO ] Model Forward Pass Done. Time: 0.04263758659362793 seconds[0m
[97m[INFO ] Conversion to Prediction Done. Time: 0.00031375885009765625 seconds[0m
depth: 395/2000 frame=394
[97m[INFO ] Processed Images Done taking 0.006037235260009766 seconds. Shape:  torch.Size([1, 3, 518, 518])[0m
[97m[INFO ] Model Forward Pass Done. Time: 0.04115629196166992 seconds[0m
[97m[INFO ] Conversion to Prediction Done. Time: 0.00035071372985839844 seconds[0m
depth: 396/2000 frame=395
[97m[INFO ] Processed Images Done taking 0.006334066390991211 seconds. Shape:  torch.Size([1, 3, 518, 518])[0m
[97m[INFO ] Model Forward Pass Done. Time: 0.04405927658081055 seconds[0m
[97m[INFO ] Conversion to Prediction Done. Time: 0.0003337860107421875 seconds[0m
depth: 397/2000 frame=396
[97m[INFO ] Processed Images Done taking 0.007752180099487305 seconds. Shape:  torch.Size([1, 3, 518, 518])[0m
[97m[INFO ] Model Forward Pass Done. Time: 0.04275846481323242 seconds[0m
[97m[INFO ] Conversion to Prediction Done. Time: 0.0003330707550048828 seconds[0m
depth: 398/2000 frame=397
[97m[INFO ] Processed Images Done taking 0.0073702335357666016 seconds. Shape:  torch.Size([1, 3, 518, 518])[0m
[97m[INFO ] Model Forward Pass Done. Time: 0.042314767837524414 seconds[0m
[97m[INFO ] Conversion to Prediction Done. Time: 0.0003647804260253906 seconds[0m
depth: 399/2000 frame=398
[97m[INFO ] Processed Images Done taking 0.006197452545166016 seconds. Shape:  torch.Size([1, 3, 518, 518])[0m
[97m[INFO ] Model Forward Pass Done. Time: 0.041060686111450195 seconds[0m
[97m[INFO ] Conversion to Prediction Done. Time: 0.0003292560577392578 seconds[0m
depth: 400/2000 frame=399
[97m[INFO ] Processed Images Done taking 0.006708621978759766 seconds. Shape:  torch.Size([1, 3, 518, 518])[0m
[97m[INFO ] Model Forward Pass Done. Time: 0.04404258728027344 seconds[0m
[97m[INFO ] Conversion to Prediction Done. Time: 0.0003228187561035156 seconds[0m
depth: 401/2000 frame=400
[97m[INFO ] Processed Images Done taking 0.007470369338989258 seconds. Shape:  torch.Size([1, 3, 518, 518])[0m
[97m[INFO ] Model Forward Pass Done. Time: 0.04189443588256836 seconds[0m
[97m[INFO ] Conversion to Prediction Done. Time: 0.00036144256591796875 seconds[0m
depth: 402/2000 frame=401
[97m[INFO ] Processed Images Done taking 0.0060617923736572266 seconds. Shape:  torch.Size([1, 3, 518, 518])[0m
[97m[INFO ] Model Forward Pass Done. Time: 0.04016757011413574 seconds[0m
[97m[INFO ] Conversion to Prediction Done. Time: 0.0003235340118408203 seconds[0m
depth: 403/2000 frame=402
[97m[INFO ] Processed Images Done taking 0.0069959163665771484 seconds. Shape:  torch.Size([1, 3, 518, 518])[0m
[97m[INFO ] Model Forward Pass Done. Time: 0.04116964340209961 seconds[0m
[97m[INFO ] Conversion to Prediction Done. Time: 0.0003204345703125 seconds[0m
depth: 404/2000 frame=403
[97m[INFO ] Processed Images Done taking 0.006028890609741211 seconds. Shape:  torch.Size([1, 3, 518, 518])[0m
[97m[INFO ] Model Forward Pass Done. Time: 0.041184425354003906 seconds[0m
[97m[INFO ] Conversion to Prediction Done. Time: 0.0003561973571777344 seconds[0m
depth: 405/2000 frame=404
[97m[INFO ] Processed Images Done taking 0.0063130855560302734 seconds. Shape:  torch.Size([1, 3, 518, 518])[0m
[97m[INFO ] Model Forward Pass Done. Time: 0.04094243049621582 seconds[0m
[97m[INFO ] Conversion to Prediction Done. Time: 0.0003304481506347656 seconds[0m
depth: 406/2000 frame=405
[97m[INFO ] Processed Images Done taking 0.0061740875244140625 seconds. Shape:  torch.Size([1, 3, 518, 518])[0m
[97m[INFO ] Model Forward Pass Done. Time: 0.04103350639343262 seconds[0m
[97m[INFO ] Conversion to Prediction Done. Time: 0.00032210350036621094 seconds[0m
depth: 407/2000 frame=406
[97m[INFO ] Processed Images Done taking 0.006246328353881836 seconds. Shape:  torch.Size([1, 3, 518, 518])[0m
[97m[INFO ] Model Forward Pass Done. Time: 0.04238700866699219 seconds[0m
[97m[INFO ] Conversion to Prediction Done. Time: 0.0003483295440673828 seconds[0m
depth: 408/2000 frame=407
[97m[INFO ] Processed Images Done taking 0.005957126617431641 seconds. Shape:  torch.Size([1, 3, 518, 518])[0m
[97m[INFO ] Model Forward Pass Done. Time: 0.042349815368652344 seconds[0m
[97m[INFO ] Conversion to Prediction Done. Time: 0.00032329559326171875 seconds[0m
depth: 409/2000 frame=408
[97m[INFO ] Processed Images Done taking 0.0065691471099853516 seconds. Shape:  torch.Size([1, 3, 518, 518])[0m
[97m[INFO ] Model Forward Pass Done. Time: 0.04247641563415527 seconds[0m
[97m[INFO ] Conversion to Prediction Done. Time: 0.00033164024353027344 seconds[0m
depth: 410/2000 frame=409
[97m[INFO ] Processed Images Done taking 0.0062122344970703125 seconds. Shape:  torch.Size([1, 3, 518, 518])[0m
[97m[INFO ] Model Forward Pass Done. Time: 0.042417049407958984 seconds[0m
[97m[INFO ] Conversion to Prediction Done. Time: 0.0003490447998046875 seconds[0m
depth: 411/2000 frame=410
[97m[INFO ] Processed Images Done taking 0.00597381591796875 seconds. Shape:  torch.Size([1, 3, 518, 518])[0m
[97m[INFO ] Model Forward Pass Done. Time: 0.041309356689453125 seconds[0m
[97m[INFO ] Conversion to Prediction Done. Time: 0.00032210350036621094 seconds[0m
depth: 412/2000 frame=411
[97m[INFO ] Processed Images Done taking 0.006224870681762695 seconds. Shape:  torch.Size([1, 3, 518, 518])[0m
[97m[INFO ] Model Forward Pass Done. Time: 0.04132556915283203 seconds[0m
[97m[INFO ] Conversion to Prediction Done. Time: 0.0003185272216796875 seconds[0m
depth: 413/2000 frame=412
[97m[INFO ] Processed Images Done taking 0.006491184234619141 seconds. Shape:  torch.Size([1, 3, 518, 518])[0m
[97m[INFO ] Model Forward Pass Done. Time: 0.040825843811035156 seconds[0m
[97m[INFO ] Conversion to Prediction Done. Time: 0.0003516674041748047 seconds[0m
depth: 414/2000 frame=413
[97m[INFO ] Processed Images Done taking 0.006217479705810547 seconds. Shape:  torch.Size([1, 3, 518, 518])[0m
[97m[INFO ] Model Forward Pass Done. Time: 0.04053902626037598 seconds[0m
[97m[INFO ] Conversion to Prediction Done. Time: 0.0003204345703125 seconds[0m
depth: 415/2000 frame=414
[97m[INFO ] Processed Images Done taking 0.00680851936340332 seconds. Shape:  torch.Size([1, 3, 518, 518])[0m
[97m[INFO ] Model Forward Pass Done. Time: 0.04278707504272461 seconds[0m
[97m[INFO ] Conversion to Prediction Done. Time: 0.00031876564025878906 seconds[0m
depth: 416/2000 frame=415
[97m[INFO ] Processed Images Done taking 0.006231546401977539 seconds. Shape:  torch.Size([1, 3, 518, 518])[0m
[97m[INFO ] Model Forward Pass Done. Time: 0.04097867012023926 seconds[0m
[97m[INFO ] Conversion to Prediction Done. Time: 0.00034737586975097656 seconds[0m
depth: 417/2000 frame=416
[97m[INFO ] Processed Images Done taking 0.00648808479309082 seconds. Shape:  torch.Size([1, 3, 518, 518])[0m
[97m[INFO ] Model Forward Pass Done. Time: 0.042877912521362305 seconds[0m
[97m[INFO ] Conversion to Prediction Done. Time: 0.0003325939178466797 seconds[0m
depth: 418/2000 frame=417
[97m[INFO ] Processed Images Done taking 0.006876468658447266 seconds. Shape:  torch.Size([1, 3, 518, 518])[0m
[97m[INFO ] Model Forward Pass Done. Time: 0.04194140434265137 seconds[0m
[97m[INFO ] Conversion to Prediction Done. Time: 0.0003294944763183594 seconds[0m
depth: 419/2000 frame=418
[97m[INFO ] Processed Images Done taking 0.0063211917877197266 seconds. Shape:  torch.Size([1, 3, 518, 518])[0m
[97m[INFO ] Model Forward Pass Done. Time: 0.03833293914794922 seconds[0m
[97m[INFO ] Conversion to Prediction Done. Time: 0.00035190582275390625 seconds[0m
depth: 420/2000 frame=419
[97m[INFO ] Processed Images Done taking 0.006211519241333008 seconds. Shape:  torch.Size([1, 3, 518, 518])[0m
[97m[INFO ] Model Forward Pass Done. Time: 0.040601253509521484 seconds[0m
[97m[INFO ] Conversion to Prediction Done. Time: 0.0003228187561035156 seconds[0m
depth: 421/2000 frame=420
[97m[INFO ] Processed Images Done taking 0.006539106369018555 seconds. Shape:  torch.Size([1, 3, 518, 518])[0m
[97m[INFO ] Model Forward Pass Done. Time: 0.04282093048095703 seconds[0m
[97m[INFO ] Conversion to Prediction Done. Time: 0.0003268718719482422 seconds[0m
depth: 422/2000 frame=421
[97m[INFO ] Processed Images Done taking 0.006166696548461914 seconds. Shape:  torch.Size([1, 3, 518, 518])[0m
[97m[INFO ] Model Forward Pass Done. Time: 0.04298520088195801 seconds[0m
[97m[INFO ] Conversion to Prediction Done. Time: 0.00035572052001953125 seconds[0m
depth: 423/2000 frame=422
[97m[INFO ] Processed Images Done taking 0.0060803890228271484 seconds. Shape:  torch.Size([1, 3, 518, 518])[0m
[97m[INFO ] Model Forward Pass Done. Time: 0.0412907600402832 seconds[0m
[97m[INFO ] Conversion to Prediction Done. Time: 0.00032830238342285156 seconds[0m
depth: 424/2000 frame=423
[97m[INFO ] Processed Images Done taking 0.006722450256347656 seconds. Shape:  torch.Size([1, 3, 518, 518])[0m
[97m[INFO ] Model Forward Pass Done. Time: 0.04418826103210449 seconds[0m
[97m[INFO ] Conversion to Prediction Done. Time: 0.00031828880310058594 seconds[0m
depth: 425/2000 frame=424
[97m[INFO ] Processed Images Done taking 0.005953788757324219 seconds. Shape:  torch.Size([1, 3, 518, 518])[0m
[97m[INFO ] Model Forward Pass Done. Time: 0.04259800910949707 seconds[0m
[97m[INFO ] Conversion to Prediction Done. Time: 0.0003561973571777344 seconds[0m
depth: 426/2000 frame=425
[97m[INFO ] Processed Images Done taking 0.00655674934387207 seconds. Shape:  torch.Size([1, 3, 518, 518])[0m
[97m[INFO ] Model Forward Pass Done. Time: 0.040773868560791016 seconds[0m
[97m[INFO ] Conversion to Prediction Done. Time: 0.00032448768615722656 seconds[0m
depth: 427/2000 frame=426
[97m[INFO ] Processed Images Done taking 0.00664520263671875 seconds. Shape:  torch.Size([1, 3, 518, 518])[0m
[97m[INFO ] Model Forward Pass Done. Time: 0.04096269607543945 seconds[0m
[97m[INFO ] Conversion to Prediction Done. Time: 0.00031685829162597656 seconds[0m
depth: 428/2000 frame=427
[97m[INFO ] Processed Images Done taking 0.005869865417480469 seconds. Shape:  torch.Size([1, 3, 518, 518])[0m
[97m[INFO ] Model Forward Pass Done. Time: 0.0413050651550293 seconds[0m
[97m[INFO ] Conversion to Prediction Done. Time: 0.0003733634948730469 seconds[0m
depth: 429/2000 frame=428
[97m[INFO ] Processed Images Done taking 0.006681203842163086 seconds. Shape:  torch.Size([1, 3, 518, 518])[0m
[97m[INFO ] Model Forward Pass Done. Time: 0.04268145561218262 seconds[0m
[97m[INFO ] Conversion to Prediction Done. Time: 0.00031876564025878906 seconds[0m
depth: 430/2000 frame=429
[97m[INFO ] Processed Images Done taking 0.00677180290222168 seconds. Shape:  torch.Size([1, 3, 518, 518])[0m
[97m[INFO ] Model Forward Pass Done. Time: 0.04099750518798828 seconds[0m
[97m[INFO ] Conversion to Prediction Done. Time: 0.0003190040588378906 seconds[0m
depth: 431/2000 frame=430
[97m[INFO ] Processed Images Done taking 0.006157875061035156 seconds. Shape:  torch.Size([1, 3, 518, 518])[0m
[97m[INFO ] Model Forward Pass Done. Time: 0.04103422164916992 seconds[0m
[97m[INFO ] Conversion to Prediction Done. Time: 0.0003628730773925781 seconds[0m
depth: 432/2000 frame=431
[97m[INFO ] Processed Images Done taking 0.0063934326171875 seconds. Shape:  torch.Size([1, 3, 518, 518])[0m
[97m[INFO ] Model Forward Pass Done. Time: 0.04055452346801758 seconds[0m
[97m[INFO ] Conversion to Prediction Done. Time: 0.0003211498260498047 seconds[0m
depth: 433/2000 frame=432
[97m[INFO ] Processed Images Done taking 0.006846427917480469 seconds. Shape:  torch.Size([1, 3, 518, 518])[0m
[97m[INFO ] Model Forward Pass Done. Time: 0.042717695236206055 seconds[0m
[97m[INFO ] Conversion to Prediction Done. Time: 0.00033283233642578125 seconds[0m
depth: 434/2000 frame=433
[97m[INFO ] Processed Images Done taking 0.006070613861083984 seconds. Shape:  torch.Size([1, 3, 518, 518])[0m
[97m[INFO ] Model Forward Pass Done. Time: 0.04294610023498535 seconds[0m
[97m[INFO ] Conversion to Prediction Done. Time: 0.0003609657287597656 seconds[0m
depth: 435/2000 frame=434
[97m[INFO ] Processed Images Done taking 0.006200313568115234 seconds. Shape:  torch.Size([1, 3, 518, 518])[0m
[97m[INFO ] Model Forward Pass Done. Time: 0.04051494598388672 seconds[0m
[97m[INFO ] Conversion to Prediction Done. Time: 0.0003199577331542969 seconds[0m
depth: 436/2000 frame=435
[97m[INFO ] Processed Images Done taking 0.007170200347900391 seconds. Shape:  torch.Size([1, 3, 518, 518])[0m
[97m[INFO ] Model Forward Pass Done. Time: 0.04115486145019531 seconds[0m
[97m[INFO ] Conversion to Prediction Done. Time: 0.0003237724304199219 seconds[0m
depth: 437/2000 frame=436
[97m[INFO ] Processed Images Done taking 0.006453990936279297 seconds. Shape:  torch.Size([1, 3, 518, 518])[0m
[97m[INFO ] Model Forward Pass Done. Time: 0.042150020599365234 seconds[0m
[97m[INFO ] Conversion to Prediction Done. Time: 0.0003535747528076172 seconds[0m
depth: 438/2000 frame=437
[97m[INFO ] Processed Images Done taking 0.006054878234863281 seconds. Shape:  torch.Size([1, 3, 518, 518])[0m
[97m[INFO ] Model Forward Pass Done. Time: 0.04259777069091797 seconds[0m
[97m[INFO ] Conversion to Prediction Done. Time: 0.00034046173095703125 seconds[0m
depth: 439/2000 frame=438
[97m[INFO ] Processed Images Done taking 0.006184816360473633 seconds. Shape:  torch.Size([1, 3, 518, 518])[0m
[97m[INFO ] Model Forward Pass Done. Time: 0.04126620292663574 seconds[0m
[97m[INFO ] Conversion to Prediction Done. Time: 0.0003185272216796875 seconds[0m
depth: 440/2000 frame=439
[97m[INFO ] Processed Images Done taking 0.006279945373535156 seconds. Shape:  torch.Size([1, 3, 518, 518])[0m
[97m[INFO ] Model Forward Pass Done. Time: 0.041213274002075195 seconds[0m
[97m[INFO ] Conversion to Prediction Done. Time: 0.00036334991455078125 seconds[0m
depth: 441/2000 frame=440
[97m[INFO ] Processed Images Done taking 0.006158113479614258 seconds. Shape:  torch.Size([1, 3, 518, 518])[0m
[97m[INFO ] Model Forward Pass Done. Time: 0.04246187210083008 seconds[0m
[97m[INFO ] Conversion to Prediction Done. Time: 0.0003249645233154297 seconds[0m
depth: 442/2000 frame=441
[97m[INFO ] Processed Images Done taking 0.006553173065185547 seconds. Shape:  torch.Size([1, 3, 518, 518])[0m
[97m[INFO ] Model Forward Pass Done. Time: 0.04118490219116211 seconds[0m
[97m[INFO ] Conversion to Prediction Done. Time: 0.00033164024353027344 seconds[0m
depth: 443/2000 frame=442
[97m[INFO ] Processed Images Done taking 0.006233930587768555 seconds. Shape:  torch.Size([1, 3, 518, 518])[0m
[97m[INFO ] Model Forward Pass Done. Time: 0.041467905044555664 seconds[0m
[97m[INFO ] Conversion to Prediction Done. Time: 0.0003523826599121094 seconds[0m
depth: 444/2000 frame=443
[97m[INFO ] Processed Images Done taking 0.007101297378540039 seconds. Shape:  torch.Size([1, 3, 518, 518])[0m
[97m[INFO ] Model Forward Pass Done. Time: 0.04288315773010254 seconds[0m
[97m[INFO ] Conversion to Prediction Done. Time: 0.0003235340118408203 seconds[0m
depth: 445/2000 frame=444
[97m[INFO ] Processed Images Done taking 0.006895542144775391 seconds. Shape:  torch.Size([1, 3, 518, 518])[0m
[97m[INFO ] Model Forward Pass Done. Time: 0.041345834732055664 seconds[0m
[97m[INFO ] Conversion to Prediction Done. Time: 0.00031948089599609375 seconds[0m
depth: 446/2000 frame=445
[97m[INFO ] Processed Images Done taking 0.006065845489501953 seconds. Shape:  torch.Size([1, 3, 518, 518])[0m
[97m[INFO ] Model Forward Pass Done. Time: 0.04137825965881348 seconds[0m
[97m[INFO ] Conversion to Prediction Done. Time: 0.0003523826599121094 seconds[0m
depth: 447/2000 frame=446
[97m[INFO ] Processed Images Done taking 0.006158113479614258 seconds. Shape:  torch.Size([1, 3, 518, 518])[0m
[97m[INFO ] Model Forward Pass Done. Time: 0.040398597717285156 seconds[0m
[97m[INFO ] Conversion to Prediction Done. Time: 0.0003190040588378906 seconds[0m
depth: 448/2000 frame=447
[97m[INFO ] Processed Images Done taking 0.0077838897705078125 seconds. Shape:  torch.Size([1, 3, 518, 518])[0m
[97m[INFO ] Model Forward Pass Done. Time: 0.04214954376220703 seconds[0m
[97m[INFO ] Conversion to Prediction Done. Time: 0.0003466606140136719 seconds[0m
depth: 449/2000 frame=448
[97m[INFO ] Processed Images Done taking 0.007228851318359375 seconds. Shape:  torch.Size([1, 3, 518, 518])[0m
[97m[INFO ] Model Forward Pass Done. Time: 0.04138493537902832 seconds[0m
[97m[INFO ] Conversion to Prediction Done. Time: 0.00036334991455078125 seconds[0m
depth: 450/2000 frame=449
[97m[INFO ] Processed Images Done taking 0.005908489227294922 seconds. Shape:  torch.Size([1, 3, 518, 518])[0m
[97m[INFO ] Model Forward Pass Done. Time: 0.04049253463745117 seconds[0m
[97m[INFO ] Conversion to Prediction Done. Time: 0.0003380775451660156 seconds[0m
depth: 451/2000 frame=450
[97m[INFO ] Processed Images Done taking 0.006512165069580078 seconds. Shape:  torch.Size([1, 3, 518, 518])[0m
[97m[INFO ] Model Forward Pass Done. Time: 0.041127920150756836 seconds[0m
[97m[INFO ] Conversion to Prediction Done. Time: 0.0003185272216796875 seconds[0m
depth: 452/2000 frame=451
[97m[INFO ] Processed Images Done taking 0.006106853485107422 seconds. Shape:  torch.Size([1, 3, 518, 518])[0m
[97m[INFO ] Model Forward Pass Done. Time: 0.041031599044799805 seconds[0m
[97m[INFO ] Conversion to Prediction Done. Time: 0.0003619194030761719 seconds[0m
depth: 453/2000 frame=452
[97m[INFO ] Processed Images Done taking 0.0064487457275390625 seconds. Shape:  torch.Size([1, 3, 518, 518])[0m
[97m[INFO ] Model Forward Pass Done. Time: 0.040712833404541016 seconds[0m
[97m[INFO ] Conversion to Prediction Done. Time: 0.00032901763916015625 seconds[0m
depth: 454/2000 frame=453
[97m[INFO ] Processed Images Done taking 0.007029533386230469 seconds. Shape:  torch.Size([1, 3, 518, 518])[0m
[97m[INFO ] Model Forward Pass Done. Time: 0.04044651985168457 seconds[0m
[97m[INFO ] Conversion to Prediction Done. Time: 0.000331878662109375 seconds[0m
depth: 455/2000 frame=454
[97m[INFO ] Processed Images Done taking 0.006858110427856445 seconds. Shape:  torch.Size([1, 3, 518, 518])[0m
[97m[INFO ] Model Forward Pass Done. Time: 0.04177713394165039 seconds[0m
[97m[INFO ] Conversion to Prediction Done. Time: 0.000354766845703125 seconds[0m
depth: 456/2000 frame=455
[97m[INFO ] Processed Images Done taking 0.006424427032470703 seconds. Shape:  torch.Size([1, 3, 518, 518])[0m
[97m[INFO ] Model Forward Pass Done. Time: 0.04277634620666504 seconds[0m
[97m[INFO ] Conversion to Prediction Done. Time: 0.0003325939178466797 seconds[0m
depth: 457/2000 frame=456
[97m[INFO ] Processed Images Done taking 0.006939888000488281 seconds. Shape:  torch.Size([1, 3, 518, 518])[0m
[97m[INFO ] Model Forward Pass Done. Time: 0.04119873046875 seconds[0m
[97m[INFO ] Conversion to Prediction Done. Time: 0.00032639503479003906 seconds[0m
depth: 458/2000 frame=457
[97m[INFO ] Processed Images Done taking 0.00619053840637207 seconds. Shape:  torch.Size([1, 3, 518, 518])[0m
[97m[INFO ] Model Forward Pass Done. Time: 0.04058027267456055 seconds[0m
[97m[INFO ] Conversion to Prediction Done. Time: 0.00035834312438964844 seconds[0m
depth: 459/2000 frame=458
[97m[INFO ] Processed Images Done taking 0.006292581558227539 seconds. Shape:  torch.Size([1, 3, 518, 518])[0m
[97m[INFO ] Model Forward Pass Done. Time: 0.04607415199279785 seconds[0m
[97m[INFO ] Conversion to Prediction Done. Time: 0.0003402233123779297 seconds[0m
depth: 460/2000 frame=459
[97m[INFO ] Processed Images Done taking 0.005918264389038086 seconds. Shape:  torch.Size([1, 3, 518, 518])[0m
[97m[INFO ] Model Forward Pass Done. Time: 0.040044546127319336 seconds[0m
[97m[INFO ] Conversion to Prediction Done. Time: 0.0003376007080078125 seconds[0m
depth: 461/2000 frame=460
[97m[INFO ] Processed Images Done taking 0.005652427673339844 seconds. Shape:  torch.Size([1, 3, 518, 518])[0m
[97m[INFO ] Model Forward Pass Done. Time: 0.041373491287231445 seconds[0m
[97m[INFO ] Conversion to Prediction Done. Time: 0.0003635883331298828 seconds[0m
depth: 462/2000 frame=461
[97m[INFO ] Processed Images Done taking 0.006444692611694336 seconds. Shape:  torch.Size([1, 3, 518, 518])[0m
[97m[INFO ] Model Forward Pass Done. Time: 0.041063785552978516 seconds[0m
[97m[INFO ] Conversion to Prediction Done. Time: 0.0003268718719482422 seconds[0m
depth: 463/2000 frame=462
[97m[INFO ] Processed Images Done taking 0.0061321258544921875 seconds. Shape:  torch.Size([1, 3, 518, 518])[0m
[97m[INFO ] Model Forward Pass Done. Time: 0.04269552230834961 seconds[0m
[97m[INFO ] Conversion to Prediction Done. Time: 0.0003306865692138672 seconds[0m
depth: 464/2000 frame=463
[97m[INFO ] Processed Images Done taking 0.006300210952758789 seconds. Shape:  torch.Size([1, 3, 518, 518])[0m
[97m[INFO ] Model Forward Pass Done. Time: 0.04106402397155762 seconds[0m
[97m[INFO ] Conversion to Prediction Done. Time: 0.00035381317138671875 seconds[0m
depth: 465/2000 frame=464
[97m[INFO ] Processed Images Done taking 0.005821943283081055 seconds. Shape:  torch.Size([1, 3, 518, 518])[0m
[97m[INFO ] Model Forward Pass Done. Time: 0.041083335876464844 seconds[0m
[97m[INFO ] Conversion to Prediction Done. Time: 0.00031828880310058594 seconds[0m
depth: 466/2000 frame=465
[97m[INFO ] Processed Images Done taking 0.006906032562255859 seconds. Shape:  torch.Size([1, 3, 518, 518])[0m
[97m[INFO ] Model Forward Pass Done. Time: 0.0420377254486084 seconds[0m
[97m[INFO ] Conversion to Prediction Done. Time: 0.00031828880310058594 seconds[0m
depth: 467/2000 frame=466
[97m[INFO ] Processed Images Done taking 0.006221294403076172 seconds. Shape:  torch.Size([1, 3, 518, 518])[0m
[97m[INFO ] Model Forward Pass Done. Time: 0.04274606704711914 seconds[0m
[97m[INFO ] Conversion to Prediction Done. Time: 0.0003631114959716797 seconds[0m
depth: 468/2000 frame=467
[97m[INFO ] Processed Images Done taking 0.005895137786865234 seconds. Shape:  torch.Size([1, 3, 518, 518])[0m
[97m[INFO ] Model Forward Pass Done. Time: 0.0405580997467041 seconds[0m
[97m[INFO ] Conversion to Prediction Done. Time: 0.00032448768615722656 seconds[0m
depth: 469/2000 frame=468
[97m[INFO ] Processed Images Done taking 0.006697893142700195 seconds. Shape:  torch.Size([1, 3, 518, 518])[0m
[97m[INFO ] Model Forward Pass Done. Time: 0.039932966232299805 seconds[0m
[97m[INFO ] Conversion to Prediction Done. Time: 0.0003230571746826172 seconds[0m
depth: 470/2000 frame=469
[97m[INFO ] Processed Images Done taking 0.00628662109375 seconds. Shape:  torch.Size([1, 3, 518, 518])[0m
[97m[INFO ] Model Forward Pass Done. Time: 0.04099702835083008 seconds[0m
[97m[INFO ] Conversion to Prediction Done. Time: 0.00036263465881347656 seconds[0m
depth: 471/2000 frame=470
[97m[INFO ] Processed Images Done taking 0.006493568420410156 seconds. Shape:  torch.Size([1, 3, 518, 518])[0m
[97m[INFO ] Model Forward Pass Done. Time: 0.04113960266113281 seconds[0m
[97m[INFO ] Conversion to Prediction Done. Time: 0.00031757354736328125 seconds[0m
depth: 472/2000 frame=471
[97m[INFO ] Processed Images Done taking 0.007467746734619141 seconds. Shape:  torch.Size([1, 3, 518, 518])[0m
[97m[INFO ] Model Forward Pass Done. Time: 0.04189562797546387 seconds[0m
[97m[INFO ] Conversion to Prediction Done. Time: 0.0003325939178466797 seconds[0m
depth: 473/2000 frame=472
[97m[INFO ] Processed Images Done taking 0.005906343460083008 seconds. Shape:  torch.Size([1, 3, 518, 518])[0m
[97m[INFO ] Model Forward Pass Done. Time: 0.04109978675842285 seconds[0m
[97m[INFO ] Conversion to Prediction Done. Time: 0.0003542900085449219 seconds[0m
depth: 474/2000 frame=473
[97m[INFO ] Processed Images Done taking 0.006864786148071289 seconds. Shape:  torch.Size([1, 3, 518, 518])[0m
[97m[INFO ] Model Forward Pass Done. Time: 0.0410003662109375 seconds[0m
[97m[INFO ] Conversion to Prediction Done. Time: 0.0003325939178466797 seconds[0m
depth: 475/2000 frame=474
[97m[INFO ] Processed Images Done taking 0.006574869155883789 seconds. Shape:  torch.Size([1, 3, 518, 518])[0m
[97m[INFO ] Model Forward Pass Done. Time: 0.04097795486450195 seconds[0m
[97m[INFO ] Conversion to Prediction Done. Time: 0.00032019615173339844 seconds[0m
depth: 476/2000 frame=475
[97m[INFO ] Processed Images Done taking 0.006157875061035156 seconds. Shape:  torch.Size([1, 3, 518, 518])[0m
[97m[INFO ] Model Forward Pass Done. Time: 0.04113006591796875 seconds[0m
[97m[INFO ] Conversion to Prediction Done. Time: 0.00036144256591796875 seconds[0m
depth: 477/2000 frame=476
[97m[INFO ] Processed Images Done taking 0.005502223968505859 seconds. Shape:  torch.Size([1, 3, 518, 518])[0m
[97m[INFO ] Model Forward Pass Done. Time: 0.03792238235473633 seconds[0m
[97m[INFO ] Conversion to Prediction Done. Time: 0.000331878662109375 seconds[0m
depth: 478/2000 frame=477
[97m[INFO ] Processed Images Done taking 0.006391286849975586 seconds. Shape:  torch.Size([1, 3, 518, 518])[0m
[97m[INFO ] Model Forward Pass Done. Time: 0.042133331298828125 seconds[0m
[97m[INFO ] Conversion to Prediction Done. Time: 0.00033402442932128906 seconds[0m
depth: 479/2000 frame=478
[97m[INFO ] Processed Images Done taking 0.006376028060913086 seconds. Shape:  torch.Size([1, 3, 518, 518])[0m
[97m[INFO ] Model Forward Pass Done. Time: 0.04025006294250488 seconds[0m
[97m[INFO ] Conversion to Prediction Done. Time: 0.0003497600555419922 seconds[0m
depth: 480/2000 frame=479
[97m[INFO ] Processed Images Done taking 0.005966663360595703 seconds. Shape:  torch.Size([1, 3, 518, 518])[0m
[97m[INFO ] Model Forward Pass Done. Time: 0.04086756706237793 seconds[0m
[97m[INFO ] Conversion to Prediction Done. Time: 0.0003147125244140625 seconds[0m
depth: 481/2000 frame=480
[97m[INFO ] Processed Images Done taking 0.007158994674682617 seconds. Shape:  torch.Size([1, 3, 518, 518])[0m
[97m[INFO ] Model Forward Pass Done. Time: 0.04036998748779297 seconds[0m
[97m[INFO ] Conversion to Prediction Done. Time: 0.0003190040588378906 seconds[0m
depth: 482/2000 frame=481
[97m[INFO ] Processed Images Done taking 0.007056236267089844 seconds. Shape:  torch.Size([1, 3, 518, 518])[0m
[97m[INFO ] Model Forward Pass Done. Time: 0.04194045066833496 seconds[0m
[97m[INFO ] Conversion to Prediction Done. Time: 0.00036907196044921875 seconds[0m
depth: 483/2000 frame=482
[97m[INFO ] Processed Images Done taking 0.005918741226196289 seconds. Shape:  torch.Size([1, 3, 518, 518])[0m
[97m[INFO ] Model Forward Pass Done. Time: 0.039992332458496094 seconds[0m
[97m[INFO ] Conversion to Prediction Done. Time: 0.0003185272216796875 seconds[0m
depth: 484/2000 frame=483
[97m[INFO ] Processed Images Done taking 0.006633758544921875 seconds. Shape:  torch.Size([1, 3, 518, 518])[0m
[97m[INFO ] Model Forward Pass Done. Time: 0.03795433044433594 seconds[0m
[97m[INFO ] Conversion to Prediction Done. Time: 0.0003197193145751953 seconds[0m
depth: 485/2000 frame=484
[97m[INFO ] Processed Images Done taking 0.0066242218017578125 seconds. Shape:  torch.Size([1, 3, 518, 518])[0m
[97m[INFO ] Model Forward Pass Done. Time: 0.04112553596496582 seconds[0m
[97m[INFO ] Conversion to Prediction Done. Time: 0.00035500526428222656 seconds[0m
depth: 486/2000 frame=485
[97m[INFO ] Processed Images Done taking 0.00687408447265625 seconds. Shape:  torch.Size([1, 3, 518, 518])[0m
[97m[INFO ] Model Forward Pass Done. Time: 0.0425872802734375 seconds[0m
[97m[INFO ] Conversion to Prediction Done. Time: 0.00032019615173339844 seconds[0m
depth: 487/2000 frame=486
[97m[INFO ] Processed Images Done taking 0.006392955780029297 seconds. Shape:  torch.Size([1, 3, 518, 518])[0m
[97m[INFO ] Model Forward Pass Done. Time: 0.040694475173950195 seconds[0m
[97m[INFO ] Conversion to Prediction Done. Time: 0.0003104209899902344 seconds[0m
depth: 488/2000 frame=487
[97m[INFO ] Processed Images Done taking 0.005826711654663086 seconds. Shape:  torch.Size([1, 3, 518, 518])[0m
[97m[INFO ] Model Forward Pass Done. Time: 0.0424196720123291 seconds[0m
[97m[INFO ] Conversion to Prediction Done. Time: 0.0003566741943359375 seconds[0m
depth: 489/2000 frame=488
[97m[INFO ] Processed Images Done taking 0.007904291152954102 seconds. Shape:  torch.Size([1, 3, 518, 518])[0m
[97m[INFO ] Model Forward Pass Done. Time: 0.0411679744720459 seconds[0m
[97m[INFO ] Conversion to Prediction Done. Time: 0.0003211498260498047 seconds[0m
depth: 490/2000 frame=489
[97m[INFO ] Processed Images Done taking 0.005185604095458984 seconds. Shape:  torch.Size([1, 3, 518, 518])[0m
[97m[INFO ] Model Forward Pass Done. Time: 0.0412755012512207 seconds[0m
[97m[INFO ] Conversion to Prediction Done. Time: 0.00031304359436035156 seconds[0m
depth: 491/2000 frame=490
[97m[INFO ] Processed Images Done taking 0.006266593933105469 seconds. Shape:  torch.Size([1, 3, 518, 518])[0m
[97m[INFO ] Model Forward Pass Done. Time: 0.04280710220336914 seconds[0m
[97m[INFO ] Conversion to Prediction Done. Time: 0.00033593177795410156 seconds[0m
depth: 492/2000 frame=491
[97m[INFO ] Processed Images Done taking 0.0058476924896240234 seconds. Shape:  torch.Size([1, 3, 518, 518])[0m
[97m[INFO ] Model Forward Pass Done. Time: 0.04111194610595703 seconds[0m
[97m[INFO ] Conversion to Prediction Done. Time: 0.00032520294189453125 seconds[0m
depth: 493/2000 frame=492
[97m[INFO ] Processed Images Done taking 0.00838780403137207 seconds. Shape:  torch.Size([1, 3, 518, 518])[0m
[97m[INFO ] Model Forward Pass Done. Time: 0.04255414009094238 seconds[0m
[97m[INFO ] Conversion to Prediction Done. Time: 0.00033092498779296875 seconds[0m
depth: 494/2000 frame=493
[97m[INFO ] Processed Images Done taking 0.006068229675292969 seconds. Shape:  torch.Size([1, 3, 518, 518])[0m
[97m[INFO ] Model Forward Pass Done. Time: 0.04059958457946777 seconds[0m
[97m[INFO ] Conversion to Prediction Done. Time: 0.0003173351287841797 seconds[0m
depth: 495/2000 frame=494
[97m[INFO ] Processed Images Done taking 0.005868434906005859 seconds. Shape:  torch.Size([1, 3, 518, 518])[0m
[97m[INFO ] Model Forward Pass Done. Time: 0.04259085655212402 seconds[0m
[97m[INFO ] Conversion to Prediction Done. Time: 0.0003228187561035156 seconds[0m
depth: 496/2000 frame=495
[97m[INFO ] Processed Images Done taking 0.00648188591003418 seconds. Shape:  torch.Size([1, 3, 518, 518])[0m
[97m[INFO ] Model Forward Pass Done. Time: 0.04091334342956543 seconds[0m
[97m[INFO ] Conversion to Prediction Done. Time: 0.00031185150146484375 seconds[0m
depth: 497/2000 frame=496
[97m[INFO ] Processed Images Done taking 0.006638765335083008 seconds. Shape:  torch.Size([1, 3, 518, 518])[0m
[97m[INFO ] Model Forward Pass Done. Time: 0.040992021560668945 seconds[0m
[97m[INFO ] Conversion to Prediction Done. Time: 0.00033092498779296875 seconds[0m
depth: 498/2000 frame=497
[97m[INFO ] Processed Images Done taking 0.006669759750366211 seconds. Shape:  torch.Size([1, 3, 518, 518])[0m
[97m[INFO ] Model Forward Pass Done. Time: 0.04102635383605957 seconds[0m
[97m[INFO ] Conversion to Prediction Done. Time: 0.0003161430358886719 seconds[0m
depth: 499/2000 frame=498
[97m[INFO ] Processed Images Done taking 0.0066301822662353516 seconds. Shape:  torch.Size([1, 3, 518, 518])[0m
[97m[INFO ] Model Forward Pass Done. Time: 0.04064226150512695 seconds[0m
[97m[INFO ] Conversion to Prediction Done. Time: 0.00031948089599609375 seconds[0m
depth: 500/2000 frame=499
[97m[INFO ] Processed Images Done taking 0.005688905715942383 seconds. Shape:  torch.Size([1, 3, 518, 518])[0m
[97m[INFO ] Model Forward Pass Done. Time: 0.041375160217285156 seconds[0m
[97m[INFO ] Conversion to Prediction Done. Time: 0.00031948089599609375 seconds[0m
depth: 501/2000 frame=500
[97m[INFO ] Processed Images Done taking 0.006033182144165039 seconds. Shape:  torch.Size([1, 3, 518, 518])[0m
[97m[INFO ] Model Forward Pass Done. Time: 0.04112696647644043 seconds[0m
[97m[INFO ] Conversion to Prediction Done. Time: 0.00032901763916015625 seconds[0m
depth: 502/2000 frame=501
[97m[INFO ] Processed Images Done taking 0.006227254867553711 seconds. Shape:  torch.Size([1, 3, 518, 518])[0m
[97m[INFO ] Model Forward Pass Done. Time: 0.04246330261230469 seconds[0m
[97m[INFO ] Conversion to Prediction Done. Time: 0.0003380775451660156 seconds[0m
depth: 503/2000 frame=502
[97m[INFO ] Processed Images Done taking 0.006567716598510742 seconds. Shape:  torch.Size([1, 3, 518, 518])[0m
[97m[INFO ] Model Forward Pass Done. Time: 0.041185855865478516 seconds[0m
[97m[INFO ] Conversion to Prediction Done. Time: 0.0003190040588378906 seconds[0m
depth: 504/2000 frame=503
[97m[INFO ] Processed Images Done taking 0.006665706634521484 seconds. Shape:  torch.Size([1, 3, 518, 518])[0m
[97m[INFO ] Model Forward Pass Done. Time: 0.04108786582946777 seconds[0m
[97m[INFO ] Conversion to Prediction Done. Time: 0.0003368854522705078 seconds[0m
depth: 505/2000 frame=504
[97m[INFO ] Processed Images Done taking 0.006457328796386719 seconds. Shape:  torch.Size([1, 3, 518, 518])[0m
[97m[INFO ] Model Forward Pass Done. Time: 0.04027247428894043 seconds[0m
[97m[INFO ] Conversion to Prediction Done. Time: 0.00031828880310058594 seconds[0m
depth: 506/2000 frame=505
[97m[INFO ] Processed Images Done taking 0.006639957427978516 seconds. Shape:  torch.Size([1, 3, 518, 518])[0m
[97m[INFO ] Model Forward Pass Done. Time: 0.04265236854553223 seconds[0m
[97m[INFO ] Conversion to Prediction Done. Time: 0.0003151893615722656 seconds[0m
depth: 507/2000 frame=506
[97m[INFO ] Processed Images Done taking 0.0061686038970947266 seconds. Shape:  torch.Size([1, 3, 518, 518])[0m
[97m[INFO ] Model Forward Pass Done. Time: 0.04193878173828125 seconds[0m
[97m[INFO ] Conversion to Prediction Done. Time: 0.00032711029052734375 seconds[0m
depth: 508/2000 frame=507
[97m[INFO ] Processed Images Done taking 0.006994962692260742 seconds. Shape:  torch.Size([1, 3, 518, 518])[0m
[97m[INFO ] Model Forward Pass Done. Time: 0.0411074161529541 seconds[0m
[97m[INFO ] Conversion to Prediction Done. Time: 0.0003311634063720703 seconds[0m
depth: 509/2000 frame=508
[97m[INFO ] Processed Images Done taking 0.006246805191040039 seconds. Shape:  torch.Size([1, 3, 518, 518])[0m
[97m[INFO ] Model Forward Pass Done. Time: 0.041342735290527344 seconds[0m
[97m[INFO ] Conversion to Prediction Done. Time: 0.00033402442932128906 seconds[0m
depth: 510/2000 frame=509
[97m[INFO ] Processed Images Done taking 0.0061299800872802734 seconds. Shape:  torch.Size([1, 3, 518, 518])[0m
[97m[INFO ] Model Forward Pass Done. Time: 0.04087567329406738 seconds[0m
[97m[INFO ] Conversion to Prediction Done. Time: 0.000308990478515625 seconds[0m
depth: 511/2000 frame=510
[97m[INFO ] Processed Images Done taking 0.006471395492553711 seconds. Shape:  torch.Size([1, 3, 518, 518])[0m
[97m[INFO ] Model Forward Pass Done. Time: 0.0420074462890625 seconds[0m
[97m[INFO ] Conversion to Prediction Done. Time: 0.0003113746643066406 seconds[0m
depth: 512/2000 frame=511
[97m[INFO ] Processed Images Done taking 0.0062253475189208984 seconds. Shape:  torch.Size([1, 3, 518, 518])[0m
[97m[INFO ] Model Forward Pass Done. Time: 0.041228294372558594 seconds[0m
[97m[INFO ] Conversion to Prediction Done. Time: 0.0003333091735839844 seconds[0m
depth: 513/2000 frame=512
[97m[INFO ] Processed Images Done taking 0.0062580108642578125 seconds. Shape:  torch.Size([1, 3, 518, 518])[0m
[97m[INFO ] Model Forward Pass Done. Time: 0.042645931243896484 seconds[0m
[97m[INFO ] Conversion to Prediction Done. Time: 0.0003497600555419922 seconds[0m
depth: 514/2000 frame=513
[97m[INFO ] Processed Images Done taking 0.006222724914550781 seconds. Shape:  torch.Size([1, 3, 518, 518])[0m
[97m[INFO ] Model Forward Pass Done. Time: 0.042728424072265625 seconds[0m
[97m[INFO ] Conversion to Prediction Done. Time: 0.0003452301025390625 seconds[0m
depth: 515/2000 frame=514
[97m[INFO ] Processed Images Done taking 0.0060160160064697266 seconds. Shape:  torch.Size([1, 3, 518, 518])[0m
[97m[INFO ] Model Forward Pass Done. Time: 0.04117941856384277 seconds[0m
[97m[INFO ] Conversion to Prediction Done. Time: 0.0003311634063720703 seconds[0m
depth: 516/2000 frame=515
[97m[INFO ] Processed Images Done taking 0.006570100784301758 seconds. Shape:  torch.Size([1, 3, 518, 518])[0m
[97m[INFO ] Model Forward Pass Done. Time: 0.040984153747558594 seconds[0m
[97m[INFO ] Conversion to Prediction Done. Time: 0.00033164024353027344 seconds[0m
depth: 517/2000 frame=516
[97m[INFO ] Processed Images Done taking 0.006011009216308594 seconds. Shape:  torch.Size([1, 3, 518, 518])[0m
[97m[INFO ] Model Forward Pass Done. Time: 0.0422215461730957 seconds[0m
[97m[INFO ] Conversion to Prediction Done. Time: 0.000331878662109375 seconds[0m
depth: 518/2000 frame=517
[97m[INFO ] Processed Images Done taking 0.006170511245727539 seconds. Shape:  torch.Size([1, 3, 518, 518])[0m
[97m[INFO ] Model Forward Pass Done. Time: 0.04107356071472168 seconds[0m
[97m[INFO ] Conversion to Prediction Done. Time: 0.0003314018249511719 seconds[0m
depth: 519/2000 frame=518
[97m[INFO ] Processed Images Done taking 0.0064847469329833984 seconds. Shape:  torch.Size([1, 3, 518, 518])[0m
[97m[INFO ] Model Forward Pass Done. Time: 0.0420832633972168 seconds[0m
[97m[INFO ] Conversion to Prediction Done. Time: 0.0003237724304199219 seconds[0m
depth: 520/2000 frame=519
[97m[INFO ] Processed Images Done taking 0.005890846252441406 seconds. Shape:  torch.Size([1, 3, 518, 518])[0m
[97m[INFO ] Model Forward Pass Done. Time: 0.03769707679748535 seconds[0m
[97m[INFO ] Conversion to Prediction Done. Time: 0.0003323554992675781 seconds[0m
depth: 521/2000 frame=520
[97m[INFO ] Processed Images Done taking 0.006506919860839844 seconds. Shape:  torch.Size([1, 3, 518, 518])[0m
[97m[INFO ] Model Forward Pass Done. Time: 0.04206681251525879 seconds[0m
[97m[INFO ] Conversion to Prediction Done. Time: 0.0003256797790527344 seconds[0m
depth: 522/2000 frame=521
[97m[INFO ] Processed Images Done taking 0.006242990493774414 seconds. Shape:  torch.Size([1, 3, 518, 518])[0m
[97m[INFO ] Model Forward Pass Done. Time: 0.040313005447387695 seconds[0m
[97m[INFO ] Conversion to Prediction Done. Time: 0.0003192424774169922 seconds[0m
depth: 523/2000 frame=522
[97m[INFO ] Processed Images Done taking 0.006764650344848633 seconds. Shape:  torch.Size([1, 3, 518, 518])[0m
[97m[INFO ] Model Forward Pass Done. Time: 0.042560577392578125 seconds[0m
[97m[INFO ] Conversion to Prediction Done. Time: 0.00032973289489746094 seconds[0m
depth: 524/2000 frame=523
[97m[INFO ] Processed Images Done taking 0.005782365798950195 seconds. Shape:  torch.Size([1, 3, 518, 518])[0m
[97m[INFO ] Model Forward Pass Done. Time: 0.04131340980529785 seconds[0m
[97m[INFO ] Conversion to Prediction Done. Time: 0.0003237724304199219 seconds[0m
depth: 525/2000 frame=524
[97m[INFO ] Processed Images Done taking 0.0060253143310546875 seconds. Shape:  torch.Size([1, 3, 518, 518])[0m
[97m[INFO ] Model Forward Pass Done. Time: 0.04106330871582031 seconds[0m
[97m[INFO ] Conversion to Prediction Done. Time: 0.00032830238342285156 seconds[0m
depth: 526/2000 frame=525
[97m[INFO ] Processed Images Done taking 0.00625157356262207 seconds. Shape:  torch.Size([1, 3, 518, 518])[0m
[97m[INFO ] Model Forward Pass Done. Time: 0.04066157341003418 seconds[0m
[97m[INFO ] Conversion to Prediction Done. Time: 0.00031828880310058594 seconds[0m
depth: 527/2000 frame=526
[97m[INFO ] Processed Images Done taking 0.006760597229003906 seconds. Shape:  torch.Size([1, 3, 518, 518])[0m
[97m[INFO ] Model Forward Pass Done. Time: 0.042546987533569336 seconds[0m
[97m[INFO ] Conversion to Prediction Done. Time: 0.00035834312438964844 seconds[0m
depth: 528/2000 frame=527
[97m[INFO ] Processed Images Done taking 0.0060787200927734375 seconds. Shape:  torch.Size([1, 3, 518, 518])[0m
[97m[INFO ] Model Forward Pass Done. Time: 0.040946006774902344 seconds[0m
[97m[INFO ] Conversion to Prediction Done. Time: 0.00032448768615722656 seconds[0m
depth: 529/2000 frame=528
[97m[INFO ] Processed Images Done taking 0.006508350372314453 seconds. Shape:  torch.Size([1, 3, 518, 518])[0m
[97m[INFO ] Model Forward Pass Done. Time: 0.04056501388549805 seconds[0m
[97m[INFO ] Conversion to Prediction Done. Time: 0.00033092498779296875 seconds[0m
depth: 530/2000 frame=529
[97m[INFO ] Processed Images Done taking 0.005871295928955078 seconds. Shape:  torch.Size([1, 3, 518, 518])[0m
[97m[INFO ] Model Forward Pass Done. Time: 0.04072308540344238 seconds[0m
[97m[INFO ] Conversion to Prediction Done. Time: 0.0003635883331298828 seconds[0m
depth: 531/2000 frame=530
[97m[INFO ] Processed Images Done taking 0.006128072738647461 seconds. Shape:  torch.Size([1, 3, 518, 518])[0m
[97m[INFO ] Model Forward Pass Done. Time: 0.040494441986083984 seconds[0m
[97m[INFO ] Conversion to Prediction Done. Time: 0.0003323554992675781 seconds[0m
depth: 532/2000 frame=531
[97m[INFO ] Processed Images Done taking 0.007304668426513672 seconds. Shape:  torch.Size([1, 3, 518, 518])[0m
[97m[INFO ] Model Forward Pass Done. Time: 0.044220685958862305 seconds[0m
[97m[INFO ] Conversion to Prediction Done. Time: 0.00032210350036621094 seconds[0m
depth: 533/2000 frame=532
[97m[INFO ] Processed Images Done taking 0.006754875183105469 seconds. Shape:  torch.Size([1, 3, 518, 518])[0m
[97m[INFO ] Model Forward Pass Done. Time: 0.04110980033874512 seconds[0m
[97m[INFO ] Conversion to Prediction Done. Time: 0.00034737586975097656 seconds[0m
depth: 534/2000 frame=533
[97m[INFO ] Processed Images Done taking 0.006476402282714844 seconds. Shape:  torch.Size([1, 3, 518, 518])[0m
[97m[INFO ] Model Forward Pass Done. Time: 0.04056668281555176 seconds[0m
[97m[INFO ] Conversion to Prediction Done. Time: 0.0003299713134765625 seconds[0m
depth: 535/2000 frame=534
[97m[INFO ] Processed Images Done taking 0.007429599761962891 seconds. Shape:  torch.Size([1, 3, 518, 518])[0m
[97m[INFO ] Model Forward Pass Done. Time: 0.040601491928100586 seconds[0m
[97m[INFO ] Conversion to Prediction Done. Time: 0.0003178119659423828 seconds[0m
depth: 536/2000 frame=535
[97m[INFO ] Processed Images Done taking 0.006096839904785156 seconds. Shape:  torch.Size([1, 3, 518, 518])[0m
[97m[INFO ] Model Forward Pass Done. Time: 0.04053926467895508 seconds[0m
[97m[INFO ] Conversion to Prediction Done. Time: 0.00035190582275390625 seconds[0m
depth: 537/2000 frame=536
[97m[INFO ] Processed Images Done taking 0.006195068359375 seconds. Shape:  torch.Size([1, 3, 518, 518])[0m
[97m[INFO ] Model Forward Pass Done. Time: 0.04093122482299805 seconds[0m
[97m[INFO ] Conversion to Prediction Done. Time: 0.0003185272216796875 seconds[0m
depth: 538/2000 frame=537
[97m[INFO ] Processed Images Done taking 0.006903409957885742 seconds. Shape:  torch.Size([1, 3, 518, 518])[0m
[97m[INFO ] Model Forward Pass Done. Time: 0.04250645637512207 seconds[0m
[97m[INFO ] Conversion to Prediction Done. Time: 0.000316619873046875 seconds[0m
depth: 539/2000 frame=538
[97m[INFO ] Processed Images Done taking 0.006005525588989258 seconds. Shape:  torch.Size([1, 3, 518, 518])[0m
[97m[INFO ] Model Forward Pass Done. Time: 0.041059017181396484 seconds[0m
[97m[INFO ] Conversion to Prediction Done. Time: 0.000347137451171875 seconds[0m
depth: 540/2000 frame=539
[97m[INFO ] Processed Images Done taking 0.006024360656738281 seconds. Shape:  torch.Size([1, 3, 518, 518])[0m
[97m[INFO ] Model Forward Pass Done. Time: 0.037705421447753906 seconds[0m
[97m[INFO ] Conversion to Prediction Done. Time: 0.00031566619873046875 seconds[0m
depth: 541/2000 frame=540
[97m[INFO ] Processed Images Done taking 0.0060882568359375 seconds. Shape:  torch.Size([1, 3, 518, 518])[0m
[97m[INFO ] Model Forward Pass Done. Time: 0.04217195510864258 seconds[0m
[97m[INFO ] Conversion to Prediction Done. Time: 0.00031948089599609375 seconds[0m
depth: 542/2000 frame=541
[97m[INFO ] Processed Images Done taking 0.005645275115966797 seconds. Shape:  torch.Size([1, 3, 518, 518])[0m
[97m[INFO ] Model Forward Pass Done. Time: 0.04091215133666992 seconds[0m
[97m[INFO ] Conversion to Prediction Done. Time: 0.0003418922424316406 seconds[0m
depth: 543/2000 frame=542
[97m[INFO ] Processed Images Done taking 0.005917072296142578 seconds. Shape:  torch.Size([1, 3, 518, 518])[0m
[97m[INFO ] Model Forward Pass Done. Time: 0.040978431701660156 seconds[0m
[97m[INFO ] Conversion to Prediction Done. Time: 0.0003159046173095703 seconds[0m
depth: 544/2000 frame=543
[97m[INFO ] Processed Images Done taking 0.0063512325286865234 seconds. Shape:  torch.Size([1, 3, 518, 518])[0m
[97m[INFO ] Model Forward Pass Done. Time: 0.040656089782714844 seconds[0m
[97m[INFO ] Conversion to Prediction Done. Time: 0.0003390312194824219 seconds[0m
depth: 545/2000 frame=544
[97m[INFO ] Processed Images Done taking 0.006422758102416992 seconds. Shape:  torch.Size([1, 3, 518, 518])[0m
[97m[INFO ] Model Forward Pass Done. Time: 0.03787851333618164 seconds[0m
[97m[INFO ] Conversion to Prediction Done. Time: 0.0003733634948730469 seconds[0m
depth: 546/2000 frame=545
[97m[INFO ] Processed Images Done taking 0.006885051727294922 seconds. Shape:  torch.Size([1, 3, 518, 518])[0m
[97m[INFO ] Model Forward Pass Done. Time: 0.039829254150390625 seconds[0m
[97m[INFO ] Conversion to Prediction Done. Time: 0.0003304481506347656 seconds[0m
depth: 547/2000 frame=546
[97m[INFO ] Processed Images Done taking 0.0071563720703125 seconds. Shape:  torch.Size([1, 3, 518, 518])[0m
[97m[INFO ] Model Forward Pass Done. Time: 0.04410910606384277 seconds[0m
[97m[INFO ] Conversion to Prediction Done. Time: 0.0003180503845214844 seconds[0m
depth: 548/2000 frame=547
[97m[INFO ] Processed Images Done taking 0.005816459655761719 seconds. Shape:  torch.Size([1, 3, 518, 518])[0m
[97m[INFO ] Model Forward Pass Done. Time: 0.042223453521728516 seconds[0m
[97m[INFO ] Conversion to Prediction Done. Time: 0.0003161430358886719 seconds[0m
depth: 549/2000 frame=548
[97m[INFO ] Processed Images Done taking 0.007565021514892578 seconds. Shape:  torch.Size([1, 3, 518, 518])[0m
[97m[INFO ] Model Forward Pass Done. Time: 0.04273629188537598 seconds[0m
[97m[INFO ] Conversion to Prediction Done. Time: 0.00033092498779296875 seconds[0m
depth: 550/2000 frame=549
[97m[INFO ] Processed Images Done taking 0.00634765625 seconds. Shape:  torch.Size([1, 3, 518, 518])[0m
[97m[INFO ] Model Forward Pass Done. Time: 0.04032087326049805 seconds[0m
[97m[INFO ] Conversion to Prediction Done. Time: 0.00034809112548828125 seconds[0m
depth: 551/2000 frame=550
[97m[INFO ] Processed Images Done taking 0.0066928863525390625 seconds. Shape:  torch.Size([1, 3, 518, 518])[0m
[97m[INFO ] Model Forward Pass Done. Time: 0.04237985610961914 seconds[0m
[97m[INFO ] Conversion to Prediction Done. Time: 0.0003235340118408203 seconds[0m
depth: 552/2000 frame=551
[97m[INFO ] Processed Images Done taking 0.007086038589477539 seconds. Shape:  torch.Size([1, 3, 518, 518])[0m
[97m[INFO ] Model Forward Pass Done. Time: 0.04088544845581055 seconds[0m
[97m[INFO ] Conversion to Prediction Done. Time: 0.00032711029052734375 seconds[0m
depth: 553/2000 frame=552
[97m[INFO ] Processed Images Done taking 0.006803035736083984 seconds. Shape:  torch.Size([1, 3, 518, 518])[0m
[97m[INFO ] Model Forward Pass Done. Time: 0.042025089263916016 seconds[0m
[97m[INFO ] Conversion to Prediction Done. Time: 0.0003495216369628906 seconds[0m
depth: 554/2000 frame=553
[97m[INFO ] Processed Images Done taking 0.006327629089355469 seconds. Shape:  torch.Size([1, 3, 518, 518])[0m
[97m[INFO ] Model Forward Pass Done. Time: 0.04240226745605469 seconds[0m
[97m[INFO ] Conversion to Prediction Done. Time: 0.00032138824462890625 seconds[0m
depth: 555/2000 frame=554
[97m[INFO ] Processed Images Done taking 0.007894754409790039 seconds. Shape:  torch.Size([1, 3, 518, 518])[0m
[97m[INFO ] Model Forward Pass Done. Time: 0.041783809661865234 seconds[0m
[97m[INFO ] Conversion to Prediction Done. Time: 0.00031757354736328125 seconds[0m
depth: 556/2000 frame=555
[97m[INFO ] Processed Images Done taking 0.006941080093383789 seconds. Shape:  torch.Size([1, 3, 518, 518])[0m
[97m[INFO ] Model Forward Pass Done. Time: 0.0416109561920166 seconds[0m
[97m[INFO ] Conversion to Prediction Done. Time: 0.00035953521728515625 seconds[0m
depth: 557/2000 frame=556
[97m[INFO ] Processed Images Done taking 0.005927085876464844 seconds. Shape:  torch.Size([1, 3, 518, 518])[0m
[97m[INFO ] Model Forward Pass Done. Time: 0.04088449478149414 seconds[0m
[97m[INFO ] Conversion to Prediction Done. Time: 0.0003161430358886719 seconds[0m
depth: 558/2000 frame=557
[97m[INFO ] Processed Images Done taking 0.007474184036254883 seconds. Shape:  torch.Size([1, 3, 518, 518])[0m
[97m[INFO ] Model Forward Pass Done. Time: 0.04164481163024902 seconds[0m
[97m[INFO ] Conversion to Prediction Done. Time: 0.00031757354736328125 seconds[0m
depth: 559/2000 frame=558
[97m[INFO ] Processed Images Done taking 0.0066988468170166016 seconds. Shape:  torch.Size([1, 3, 518, 518])[0m
[97m[INFO ] Model Forward Pass Done. Time: 0.0419466495513916 seconds[0m
[97m[INFO ] Conversion to Prediction Done. Time: 0.0003685951232910156 seconds[0m
depth: 560/2000 frame=559
[97m[INFO ] Processed Images Done taking 0.006448507308959961 seconds. Shape:  torch.Size([1, 3, 518, 518])[0m
[97m[INFO ] Model Forward Pass Done. Time: 0.04084897041320801 seconds[0m
[97m[INFO ] Conversion to Prediction Done. Time: 0.00031757354736328125 seconds[0m
depth: 561/2000 frame=560
[97m[INFO ] Processed Images Done taking 0.0064716339111328125 seconds. Shape:  torch.Size([1, 3, 518, 518])[0m
[97m[INFO ] Model Forward Pass Done. Time: 0.04018974304199219 seconds[0m
[97m[INFO ] Conversion to Prediction Done. Time: 0.0003304481506347656 seconds[0m
depth: 562/2000 frame=561
[97m[INFO ] Processed Images Done taking 0.00634765625 seconds. Shape:  torch.Size([1, 3, 518, 518])[0m
[97m[INFO ] Model Forward Pass Done. Time: 0.04449868202209473 seconds[0m
[97m[INFO ] Conversion to Prediction Done. Time: 0.0003693103790283203 seconds[0m
depth: 563/2000 frame=562
[97m[INFO ] Processed Images Done taking 0.00697016716003418 seconds. Shape:  torch.Size([1, 3, 518, 518])[0m
[97m[INFO ] Model Forward Pass Done. Time: 0.041610002517700195 seconds[0m
[97m[INFO ] Conversion to Prediction Done. Time: 0.0003139972686767578 seconds[0m
depth: 564/2000 frame=563
[97m[INFO ] Processed Images Done taking 0.006227016448974609 seconds. Shape:  torch.Size([1, 3, 518, 518])[0m
[97m[INFO ] Model Forward Pass Done. Time: 0.040880441665649414 seconds[0m
[97m[INFO ] Conversion to Prediction Done. Time: 0.00032901763916015625 seconds[0m
depth: 565/2000 frame=564
[97m[INFO ] Processed Images Done taking 0.0073239803314208984 seconds. Shape:  torch.Size([1, 3, 518, 518])[0m
[97m[INFO ] Model Forward Pass Done. Time: 0.042639732360839844 seconds[0m
[97m[INFO ] Conversion to Prediction Done. Time: 0.000362396240234375 seconds[0m
depth: 566/2000 frame=565
[97m[INFO ] Processed Images Done taking 0.006753683090209961 seconds. Shape:  torch.Size([1, 3, 518, 518])[0m
[97m[INFO ] Model Forward Pass Done. Time: 0.040944814682006836 seconds[0m
[97m[INFO ] Conversion to Prediction Done. Time: 0.0003368854522705078 seconds[0m
depth: 567/2000 frame=566
[97m[INFO ] Processed Images Done taking 0.0057451725006103516 seconds. Shape:  torch.Size([1, 3, 518, 518])[0m
[97m[INFO ] Model Forward Pass Done. Time: 0.04134988784790039 seconds[0m
[97m[INFO ] Conversion to Prediction Done. Time: 0.0003502368927001953 seconds[0m
depth: 568/2000 frame=567
[97m[INFO ] Processed Images Done taking 0.0060122013092041016 seconds. Shape:  torch.Size([1, 3, 518, 518])[0m
[97m[INFO ] Model Forward Pass Done. Time: 0.04084968566894531 seconds[0m
[97m[INFO ] Conversion to Prediction Done. Time: 0.000331878662109375 seconds[0m
depth: 569/2000 frame=568
[97m[INFO ] Processed Images Done taking 0.006443023681640625 seconds. Shape:  torch.Size([1, 3, 518, 518])[0m
[97m[INFO ] Model Forward Pass Done. Time: 0.042539358139038086 seconds[0m
[97m[INFO ] Conversion to Prediction Done. Time: 0.0003085136413574219 seconds[0m
depth: 570/2000 frame=569
[97m[INFO ] Processed Images Done taking 0.006232261657714844 seconds. Shape:  torch.Size([1, 3, 518, 518])[0m
[97m[INFO ] Model Forward Pass Done. Time: 0.041100502014160156 seconds[0m
[97m[INFO ] Conversion to Prediction Done. Time: 0.0003561973571777344 seconds[0m
depth: 571/2000 frame=570
[97m[INFO ] Processed Images Done taking 0.00600433349609375 seconds. Shape:  torch.Size([1, 3, 518, 518])[0m
[97m[INFO ] Model Forward Pass Done. Time: 0.04093527793884277 seconds[0m
[97m[INFO ] Conversion to Prediction Done. Time: 0.00032138824462890625 seconds[0m
depth: 572/2000 frame=571
[97m[INFO ] Processed Images Done taking 0.007153511047363281 seconds. Shape:  torch.Size([1, 3, 518, 518])[0m
[97m[INFO ] Model Forward Pass Done. Time: 0.040203094482421875 seconds[0m
[97m[INFO ] Conversion to Prediction Done. Time: 0.00032019615173339844 seconds[0m
depth: 573/2000 frame=572
[97m[INFO ] Processed Images Done taking 0.006631612777709961 seconds. Shape:  torch.Size([1, 3, 518, 518])[0m
[97m[INFO ] Model Forward Pass Done. Time: 0.041106462478637695 seconds[0m
[97m[INFO ] Conversion to Prediction Done. Time: 0.0003631114959716797 seconds[0m
depth: 574/2000 frame=573
[97m[INFO ] Processed Images Done taking 0.0062749385833740234 seconds. Shape:  torch.Size([1, 3, 518, 518])[0m
[97m[INFO ] Model Forward Pass Done. Time: 0.04246830940246582 seconds[0m
[97m[INFO ] Conversion to Prediction Done. Time: 0.0003173351287841797 seconds[0m
depth: 575/2000 frame=574
[97m[INFO ] Processed Images Done taking 0.0068891048431396484 seconds. Shape:  torch.Size([1, 3, 518, 518])[0m
[97m[INFO ] Model Forward Pass Done. Time: 0.041686058044433594 seconds[0m
[97m[INFO ] Conversion to Prediction Done. Time: 0.00032329559326171875 seconds[0m
depth: 576/2000 frame=575
[97m[INFO ] Processed Images Done taking 0.00629734992980957 seconds. Shape:  torch.Size([1, 3, 518, 518])[0m
[97m[INFO ] Model Forward Pass Done. Time: 0.0408625602722168 seconds[0m
[97m[INFO ] Conversion to Prediction Done. Time: 0.00035500526428222656 seconds[0m
depth: 577/2000 frame=576
[97m[INFO ] Processed Images Done taking 0.006066083908081055 seconds. Shape:  torch.Size([1, 3, 518, 518])[0m
[97m[INFO ] Model Forward Pass Done. Time: 0.04085874557495117 seconds[0m
[97m[INFO ] Conversion to Prediction Done. Time: 0.0003180503845214844 seconds[0m
depth: 578/2000 frame=577
[97m[INFO ] Processed Images Done taking 0.006757974624633789 seconds. Shape:  torch.Size([1, 3, 518, 518])[0m
[97m[INFO ] Model Forward Pass Done. Time: 0.04096674919128418 seconds[0m
[97m[INFO ] Conversion to Prediction Done. Time: 0.00033164024353027344 seconds[0m
depth: 579/2000 frame=578
[97m[INFO ] Processed Images Done taking 0.006706953048706055 seconds. Shape:  torch.Size([1, 3, 518, 518])[0m
[97m[INFO ] Model Forward Pass Done. Time: 0.041210174560546875 seconds[0m
[97m[INFO ] Conversion to Prediction Done. Time: 0.0003440380096435547 seconds[0m
depth: 580/2000 frame=579
[97m[INFO ] Processed Images Done taking 0.005236625671386719 seconds. Shape:  torch.Size([1, 3, 518, 518])[0m
[97m[INFO ] Model Forward Pass Done. Time: 0.04225897789001465 seconds[0m
[97m[INFO ] Conversion to Prediction Done. Time: 0.00033211708068847656 seconds[0m
depth: 581/2000 frame=580
[97m[INFO ] Processed Images Done taking 0.006859779357910156 seconds. Shape:  torch.Size([1, 3, 518, 518])[0m
[97m[INFO ] Model Forward Pass Done. Time: 0.04124736785888672 seconds[0m
[97m[INFO ] Conversion to Prediction Done. Time: 0.0003170967102050781 seconds[0m
depth: 582/2000 frame=581
[97m[INFO ] Processed Images Done taking 0.005873203277587891 seconds. Shape:  torch.Size([1, 3, 518, 518])[0m
[97m[INFO ] Model Forward Pass Done. Time: 0.041068077087402344 seconds[0m
[97m[INFO ] Conversion to Prediction Done. Time: 0.000354766845703125 seconds[0m
depth: 583/2000 frame=582
[97m[INFO ] Processed Images Done taking 0.007806062698364258 seconds. Shape:  torch.Size([1, 3, 518, 518])[0m
[97m[INFO ] Model Forward Pass Done. Time: 0.041474342346191406 seconds[0m
[97m[INFO ] Conversion to Prediction Done. Time: 0.0003154277801513672 seconds[0m
depth: 584/2000 frame=583
[97m[INFO ] Processed Images Done taking 0.006623268127441406 seconds. Shape:  torch.Size([1, 3, 518, 518])[0m
[97m[INFO ] Model Forward Pass Done. Time: 0.04051828384399414 seconds[0m
[97m[INFO ] Conversion to Prediction Done. Time: 0.00031876564025878906 seconds[0m
depth: 585/2000 frame=584
[97m[INFO ] Processed Images Done taking 0.0064127445220947266 seconds. Shape:  torch.Size([1, 3, 518, 518])[0m
[97m[INFO ] Model Forward Pass Done. Time: 0.044626712799072266 seconds[0m
[97m[INFO ] Conversion to Prediction Done. Time: 0.0003323554992675781 seconds[0m
depth: 586/2000 frame=585
[97m[INFO ] Processed Images Done taking 0.007439374923706055 seconds. Shape:  torch.Size([1, 3, 518, 518])[0m
[97m[INFO ] Model Forward Pass Done. Time: 0.04207324981689453 seconds[0m
[97m[INFO ] Conversion to Prediction Done. Time: 0.0003154277801513672 seconds[0m
depth: 587/2000 frame=586
[97m[INFO ] Processed Images Done taking 0.006682872772216797 seconds. Shape:  torch.Size([1, 3, 518, 518])[0m
[97m[INFO ] Model Forward Pass Done. Time: 0.04017066955566406 seconds[0m
[97m[INFO ] Conversion to Prediction Done. Time: 0.0003178119659423828 seconds[0m
depth: 588/2000 frame=587
[97m[INFO ] Processed Images Done taking 0.006857156753540039 seconds. Shape:  torch.Size([1, 3, 518, 518])[0m
[97m[INFO ] Model Forward Pass Done. Time: 0.044358015060424805 seconds[0m
[97m[INFO ] Conversion to Prediction Done. Time: 0.00031876564025878906 seconds[0m
depth: 589/2000 frame=588
[97m[INFO ] Processed Images Done taking 0.006563901901245117 seconds. Shape:  torch.Size([1, 3, 518, 518])[0m
[97m[INFO ] Model Forward Pass Done. Time: 0.039972782135009766 seconds[0m
[97m[INFO ] Conversion to Prediction Done. Time: 0.0003292560577392578 seconds[0m
depth: 590/2000 frame=589
[97m[INFO ] Processed Images Done taking 0.005854368209838867 seconds. Shape:  torch.Size([1, 3, 518, 518])[0m
[97m[INFO ] Model Forward Pass Done. Time: 0.03791999816894531 seconds[0m
[97m[INFO ] Conversion to Prediction Done. Time: 0.00032019615173339844 seconds[0m
depth: 591/2000 frame=590
[97m[INFO ] Processed Images Done taking 0.0058650970458984375 seconds. Shape:  torch.Size([1, 3, 518, 518])[0m
[97m[INFO ] Model Forward Pass Done. Time: 0.0413820743560791 seconds[0m
[97m[INFO ] Conversion to Prediction Done. Time: 0.0003237724304199219 seconds[0m
depth: 592/2000 frame=591
[97m[INFO ] Processed Images Done taking 0.005957365036010742 seconds. Shape:  torch.Size([1, 3, 518, 518])[0m
[97m[INFO ] Model Forward Pass Done. Time: 0.04088640213012695 seconds[0m
[97m[INFO ] Conversion to Prediction Done. Time: 0.0003170967102050781 seconds[0m
depth: 593/2000 frame=592
[97m[INFO ] Processed Images Done taking 0.006734132766723633 seconds. Shape:  torch.Size([1, 3, 518, 518])[0m
[97m[INFO ] Model Forward Pass Done. Time: 0.042128801345825195 seconds[0m
[97m[INFO ] Conversion to Prediction Done. Time: 0.00031685829162597656 seconds[0m
depth: 594/2000 frame=593
[97m[INFO ] Processed Images Done taking 0.0059206485748291016 seconds. Shape:  torch.Size([1, 3, 518, 518])[0m
[97m[INFO ] Model Forward Pass Done. Time: 0.04279899597167969 seconds[0m
[97m[INFO ] Conversion to Prediction Done. Time: 0.0003294944763183594 seconds[0m
depth: 595/2000 frame=594
[97m[INFO ] Processed Images Done taking 0.006321430206298828 seconds. Shape:  torch.Size([1, 3, 518, 518])[0m
[97m[INFO ] Model Forward Pass Done. Time: 0.0410001277923584 seconds[0m
[97m[INFO ] Conversion to Prediction Done. Time: 0.0003306865692138672 seconds[0m
depth: 596/2000 frame=595
[97m[INFO ] Processed Images Done taking 0.006016254425048828 seconds. Shape:  torch.Size([1, 3, 518, 518])[0m
[97m[INFO ] Model Forward Pass Done. Time: 0.04050445556640625 seconds[0m
[97m[INFO ] Conversion to Prediction Done. Time: 0.0003352165222167969 seconds[0m
depth: 597/2000 frame=596
[97m[INFO ] Processed Images Done taking 0.006368398666381836 seconds. Shape:  torch.Size([1, 3, 518, 518])[0m
[97m[INFO ] Model Forward Pass Done. Time: 0.042786598205566406 seconds[0m
[97m[INFO ] Conversion to Prediction Done. Time: 0.00031757354736328125 seconds[0m
depth: 598/2000 frame=597
[97m[INFO ] Processed Images Done taking 0.0055446624755859375 seconds. Shape:  torch.Size([1, 3, 518, 518])[0m
[97m[INFO ] Model Forward Pass Done. Time: 0.04247617721557617 seconds[0m
[97m[INFO ] Conversion to Prediction Done. Time: 0.00032806396484375 seconds[0m
depth: 599/2000 frame=598
[97m[INFO ] Processed Images Done taking 0.005794525146484375 seconds. Shape:  torch.Size([1, 3, 518, 518])[0m
[97m[INFO ] Model Forward Pass Done. Time: 0.04091000556945801 seconds[0m
[97m[INFO ] Conversion to Prediction Done. Time: 0.0003216266632080078 seconds[0m
depth: 600/2000 frame=599
[97m[INFO ] Processed Images Done taking 0.005597591400146484 seconds. Shape:  torch.Size([1, 3, 518, 518])[0m
[97m[INFO ] Model Forward Pass Done. Time: 0.04290366172790527 seconds[0m
[97m[INFO ] Conversion to Prediction Done. Time: 0.00035881996154785156 seconds[0m
depth: 601/2000 frame=600
[97m[INFO ] Processed Images Done taking 0.005980968475341797 seconds. Shape:  torch.Size([1, 3, 518, 518])[0m
[97m[INFO ] Model Forward Pass Done. Time: 0.04055500030517578 seconds[0m
[97m[INFO ] Conversion to Prediction Done. Time: 0.00031685829162597656 seconds[0m
depth: 602/2000 frame=601
[97m[INFO ] Processed Images Done taking 0.006993532180786133 seconds. Shape:  torch.Size([1, 3, 518, 518])[0m
[97m[INFO ] Model Forward Pass Done. Time: 0.04144787788391113 seconds[0m
[97m[INFO ] Conversion to Prediction Done. Time: 0.0003173351287841797 seconds[0m
depth: 603/2000 frame=602
[97m[INFO ] Processed Images Done taking 0.006386280059814453 seconds. Shape:  torch.Size([1, 3, 518, 518])[0m
[97m[INFO ] Model Forward Pass Done. Time: 0.038068294525146484 seconds[0m
[97m[INFO ] Conversion to Prediction Done. Time: 0.0003490447998046875 seconds[0m
depth: 604/2000 frame=603
[97m[INFO ] Processed Images Done taking 0.006130218505859375 seconds. Shape:  torch.Size([1, 3, 518, 518])[0m
[97m[INFO ] Model Forward Pass Done. Time: 0.04092884063720703 seconds[0m
[97m[INFO ] Conversion to Prediction Done. Time: 0.0003299713134765625 seconds[0m
depth: 605/2000 frame=604
[97m[INFO ] Processed Images Done taking 0.005922794342041016 seconds. Shape:  torch.Size([1, 3, 518, 518])[0m
[97m[INFO ] Model Forward Pass Done. Time: 0.039653778076171875 seconds[0m
[97m[INFO ] Conversion to Prediction Done. Time: 0.0003142356872558594 seconds[0m
depth: 606/2000 frame=605
[97m[INFO ] Processed Images Done taking 0.006182670593261719 seconds. Shape:  torch.Size([1, 3, 518, 518])[0m
[97m[INFO ] Model Forward Pass Done. Time: 0.04011964797973633 seconds[0m
[97m[INFO ] Conversion to Prediction Done. Time: 0.0003502368927001953 seconds[0m
depth: 607/2000 frame=606
[97m[INFO ] Processed Images Done taking 0.006008625030517578 seconds. Shape:  torch.Size([1, 3, 518, 518])[0m
[97m[INFO ] Model Forward Pass Done. Time: 0.03984189033508301 seconds[0m
[97m[INFO ] Conversion to Prediction Done. Time: 0.00031685829162597656 seconds[0m
depth: 608/2000 frame=607
[97m[INFO ] Processed Images Done taking 0.0065424442291259766 seconds. Shape:  torch.Size([1, 3, 518, 518])[0m
[97m[INFO ] Model Forward Pass Done. Time: 0.042409658432006836 seconds[0m
[97m[INFO ] Conversion to Prediction Done. Time: 0.000316619873046875 seconds[0m
depth: 609/2000 frame=608
[97m[INFO ] Processed Images Done taking 0.006179332733154297 seconds. Shape:  torch.Size([1, 3, 518, 518])[0m
[97m[INFO ] Model Forward Pass Done. Time: 0.04267621040344238 seconds[0m
[97m[INFO ] Conversion to Prediction Done. Time: 0.00036144256591796875 seconds[0m
depth: 610/2000 frame=609
[97m[INFO ] Processed Images Done taking 0.006493330001831055 seconds. Shape:  torch.Size([1, 3, 518, 518])[0m
[97m[INFO ] Model Forward Pass Done. Time: 0.042455196380615234 seconds[0m
[97m[INFO ] Conversion to Prediction Done. Time: 0.000331878662109375 seconds[0m
depth: 611/2000 frame=610
[97m[INFO ] Processed Images Done taking 0.006362438201904297 seconds. Shape:  torch.Size([1, 3, 518, 518])[0m
[97m[INFO ] Model Forward Pass Done. Time: 0.04040980339050293 seconds[0m
[97m[INFO ] Conversion to Prediction Done. Time: 0.00031948089599609375 seconds[0m
depth: 612/2000 frame=611
[97m[INFO ] Processed Images Done taking 0.007552146911621094 seconds. Shape:  torch.Size([1, 3, 518, 518])[0m
[97m[INFO ] Model Forward Pass Done. Time: 0.04139995574951172 seconds[0m
[97m[INFO ] Conversion to Prediction Done. Time: 0.0003638267517089844 seconds[0m
depth: 613/2000 frame=612
[97m[INFO ] Processed Images Done taking 0.005993843078613281 seconds. Shape:  torch.Size([1, 3, 518, 518])[0m
[97m[INFO ] Model Forward Pass Done. Time: 0.04244542121887207 seconds[0m
[97m[INFO ] Conversion to Prediction Done. Time: 0.0003101825714111328 seconds[0m
depth: 614/2000 frame=613
[97m[INFO ] Processed Images Done taking 0.006735801696777344 seconds. Shape:  torch.Size([1, 3, 518, 518])[0m
[97m[INFO ] Model Forward Pass Done. Time: 0.04137253761291504 seconds[0m
[97m[INFO ] Conversion to Prediction Done. Time: 0.000324249267578125 seconds[0m
depth: 615/2000 frame=614
[97m[INFO ] Processed Images Done taking 0.006270647048950195 seconds. Shape:  torch.Size([1, 3, 518, 518])[0m
[97m[INFO ] Model Forward Pass Done. Time: 0.04071211814880371 seconds[0m
[97m[INFO ] Conversion to Prediction Done. Time: 0.00035500526428222656 seconds[0m
depth: 616/2000 frame=615
[97m[INFO ] Processed Images Done taking 0.00670933723449707 seconds. Shape:  torch.Size([1, 3, 518, 518])[0m
[97m[INFO ] Model Forward Pass Done. Time: 0.04072880744934082 seconds[0m
[97m[INFO ] Conversion to Prediction Done. Time: 0.0003333091735839844 seconds[0m
depth: 617/2000 frame=616
[97m[INFO ] Processed Images Done taking 0.00669550895690918 seconds. Shape:  torch.Size([1, 3, 518, 518])[0m
[97m[INFO ] Model Forward Pass Done. Time: 0.041628122329711914 seconds[0m
[97m[INFO ] Conversion to Prediction Done. Time: 0.000316619873046875 seconds[0m
depth: 618/2000 frame=617
[97m[INFO ] Processed Images Done taking 0.0063478946685791016 seconds. Shape:  torch.Size([1, 3, 518, 518])[0m
[97m[INFO ] Model Forward Pass Done. Time: 0.03772163391113281 seconds[0m
[97m[INFO ] Conversion to Prediction Done. Time: 0.0003540515899658203 seconds[0m
depth: 619/2000 frame=618
[97m[INFO ] Processed Images Done taking 0.005970001220703125 seconds. Shape:  torch.Size([1, 3, 518, 518])[0m
[97m[INFO ] Model Forward Pass Done. Time: 0.04088878631591797 seconds[0m
[97m[INFO ] Conversion to Prediction Done. Time: 0.0003116130828857422 seconds[0m
depth: 620/2000 frame=619
[97m[INFO ] Processed Images Done taking 0.006790637969970703 seconds. Shape:  torch.Size([1, 3, 518, 518])[0m
[97m[INFO ] Model Forward Pass Done. Time: 0.04164266586303711 seconds[0m
[97m[INFO ] Conversion to Prediction Done. Time: 0.00036144256591796875 seconds[0m
depth: 621/2000 frame=620
[97m[INFO ] Processed Images Done taking 0.0060727596282958984 seconds. Shape:  torch.Size([1, 3, 518, 518])[0m
[97m[INFO ] Model Forward Pass Done. Time: 0.040056705474853516 seconds[0m
[97m[INFO ] Conversion to Prediction Done. Time: 0.000316619873046875 seconds[0m
depth: 622/2000 frame=621
[97m[INFO ] Processed Images Done taking 0.005877017974853516 seconds. Shape:  torch.Size([1, 3, 518, 518])[0m
[97m[INFO ] Model Forward Pass Done. Time: 0.042287349700927734 seconds[0m
[97m[INFO ] Conversion to Prediction Done. Time: 0.00035309791564941406 seconds[0m
depth: 623/2000 frame=622
[97m[INFO ] Processed Images Done taking 0.0061283111572265625 seconds. Shape:  torch.Size([1, 3, 518, 518])[0m
[97m[INFO ] Model Forward Pass Done. Time: 0.04077506065368652 seconds[0m
[97m[INFO ] Conversion to Prediction Done. Time: 0.000347137451171875 seconds[0m
depth: 624/2000 frame=623
[97m[INFO ] Processed Images Done taking 0.006464481353759766 seconds. Shape:  torch.Size([1, 3, 518, 518])[0m
[97m[INFO ] Model Forward Pass Done. Time: 0.04014301300048828 seconds[0m
[97m[INFO ] Conversion to Prediction Done. Time: 0.00032782554626464844 seconds[0m
depth: 625/2000 frame=624
[97m[INFO ] Processed Images Done taking 0.006130695343017578 seconds. Shape:  torch.Size([1, 3, 518, 518])[0m
[97m[INFO ] Model Forward Pass Done. Time: 0.039849281311035156 seconds[0m
[97m[INFO ] Conversion to Prediction Done. Time: 0.0003631114959716797 seconds[0m
depth: 626/2000 frame=625
[97m[INFO ] Processed Images Done taking 0.0066070556640625 seconds. Shape:  torch.Size([1, 3, 518, 518])[0m
[97m[INFO ] Model Forward Pass Done. Time: 0.042424678802490234 seconds[0m
[97m[INFO ] Conversion to Prediction Done. Time: 0.000324249267578125 seconds[0m
depth: 627/2000 frame=626
[97m[INFO ] Processed Images Done taking 0.006960153579711914 seconds. Shape:  torch.Size([1, 3, 518, 518])[0m
[97m[INFO ] Model Forward Pass Done. Time: 0.04230976104736328 seconds[0m
[97m[INFO ] Conversion to Prediction Done. Time: 0.0003154277801513672 seconds[0m
depth: 628/2000 frame=627
[97m[INFO ] Processed Images Done taking 0.006039619445800781 seconds. Shape:  torch.Size([1, 3, 518, 518])[0m
[97m[INFO ] Model Forward Pass Done. Time: 0.04245471954345703 seconds[0m
[97m[INFO ] Conversion to Prediction Done. Time: 0.0003528594970703125 seconds[0m
depth: 629/2000 frame=628
[97m[INFO ] Processed Images Done taking 0.007154226303100586 seconds. Shape:  torch.Size([1, 3, 518, 518])[0m
[97m[INFO ] Model Forward Pass Done. Time: 0.04210352897644043 seconds[0m
[97m[INFO ] Conversion to Prediction Done. Time: 0.00032901763916015625 seconds[0m
depth: 630/2000 frame=629
[97m[INFO ] Processed Images Done taking 0.007614612579345703 seconds. Shape:  torch.Size([1, 3, 518, 518])[0m
[97m[INFO ] Model Forward Pass Done. Time: 0.041847944259643555 seconds[0m
[97m[INFO ] Conversion to Prediction Done. Time: 0.00034689903259277344 seconds[0m
depth: 631/2000 frame=630
[97m[INFO ] Processed Images Done taking 0.007145404815673828 seconds. Shape:  torch.Size([1, 3, 518, 518])[0m
[97m[INFO ] Model Forward Pass Done. Time: 0.04027676582336426 seconds[0m
[97m[INFO ] Conversion to Prediction Done. Time: 0.00036907196044921875 seconds[0m
depth: 632/2000 frame=631
[97m[INFO ] Processed Images Done taking 0.006757259368896484 seconds. Shape:  torch.Size([1, 3, 518, 518])[0m
[97m[INFO ] Model Forward Pass Done. Time: 0.04176688194274902 seconds[0m
[97m[INFO ] Conversion to Prediction Done. Time: 0.00032973289489746094 seconds[0m
depth: 633/2000 frame=632
[97m[INFO ] Processed Images Done taking 0.007006406784057617 seconds. Shape:  torch.Size([1, 3, 518, 518])[0m
[97m[INFO ] Model Forward Pass Done. Time: 0.041077375411987305 seconds[0m
[97m[INFO ] Conversion to Prediction Done. Time: 0.0003104209899902344 seconds[0m
depth: 634/2000 frame=633
[97m[INFO ] Processed Images Done taking 0.006052494049072266 seconds. Shape:  torch.Size([1, 3, 518, 518])[0m
[97m[INFO ] Model Forward Pass Done. Time: 0.04022836685180664 seconds[0m
[97m[INFO ] Conversion to Prediction Done. Time: 0.0003638267517089844 seconds[0m
depth: 635/2000 frame=634
[97m[INFO ] Processed Images Done taking 0.006636381149291992 seconds. Shape:  torch.Size([1, 3, 518, 518])[0m
[97m[INFO ] Model Forward Pass Done. Time: 0.04224753379821777 seconds[0m
[97m[INFO ] Conversion to Prediction Done. Time: 0.00031757354736328125 seconds[0m
depth: 636/2000 frame=635
[97m[INFO ] Processed Images Done taking 0.0064449310302734375 seconds. Shape:  torch.Size([1, 3, 518, 518])[0m
[97m[INFO ] Model Forward Pass Done. Time: 0.040921926498413086 seconds[0m
[97m[INFO ] Conversion to Prediction Done. Time: 0.0003292560577392578 seconds[0m
depth: 637/2000 frame=636
[97m[INFO ] Processed Images Done taking 0.006224393844604492 seconds. Shape:  torch.Size([1, 3, 518, 518])[0m
[97m[INFO ] Model Forward Pass Done. Time: 0.042481422424316406 seconds[0m
[97m[INFO ] Conversion to Prediction Done. Time: 0.0003592967987060547 seconds[0m
depth: 638/2000 frame=637
[97m[INFO ] Processed Images Done taking 0.005936622619628906 seconds. Shape:  torch.Size([1, 3, 518, 518])[0m
[97m[INFO ] Model Forward Pass Done. Time: 0.04065299034118652 seconds[0m
[97m[INFO ] Conversion to Prediction Done. Time: 0.0003261566162109375 seconds[0m
depth: 639/2000 frame=638
[97m[INFO ] Processed Images Done taking 0.006921529769897461 seconds. Shape:  torch.Size([1, 3, 518, 518])[0m
[97m[INFO ] Model Forward Pass Done. Time: 0.04063224792480469 seconds[0m
[97m[INFO ] Conversion to Prediction Done. Time: 0.0003218650817871094 seconds[0m
depth: 640/2000 frame=639
[97m[INFO ] Processed Images Done taking 0.0072634220123291016 seconds. Shape:  torch.Size([1, 3, 518, 518])[0m
[97m[INFO ] Model Forward Pass Done. Time: 0.04254031181335449 seconds[0m
[97m[INFO ] Conversion to Prediction Done. Time: 0.00036597251892089844 seconds[0m
depth: 641/2000 frame=640
[97m[INFO ] Processed Images Done taking 0.0069122314453125 seconds. Shape:  torch.Size([1, 3, 518, 518])[0m
[97m[INFO ] Model Forward Pass Done. Time: 0.04094815254211426 seconds[0m
[97m[INFO ] Conversion to Prediction Done. Time: 0.0003304481506347656 seconds[0m
depth: 642/2000 frame=641
[97m[INFO ] Processed Images Done taking 0.00594782829284668 seconds. Shape:  torch.Size([1, 3, 518, 518])[0m
[97m[INFO ] Model Forward Pass Done. Time: 0.04080462455749512 seconds[0m
[97m[INFO ] Conversion to Prediction Done. Time: 0.00031280517578125 seconds[0m
depth: 643/2000 frame=642
[97m[INFO ] Processed Images Done taking 0.006088972091674805 seconds. Shape:  torch.Size([1, 3, 518, 518])[0m
[97m[INFO ] Model Forward Pass Done. Time: 0.042595863342285156 seconds[0m
[97m[INFO ] Conversion to Prediction Done. Time: 0.0003604888916015625 seconds[0m
depth: 644/2000 frame=643
[97m[INFO ] Processed Images Done taking 0.006270170211791992 seconds. Shape:  torch.Size([1, 3, 518, 518])[0m
[97m[INFO ] Model Forward Pass Done. Time: 0.04070734977722168 seconds[0m
[97m[INFO ] Conversion to Prediction Done. Time: 0.0003345012664794922 seconds[0m
depth: 645/2000 frame=644
[97m[INFO ] Processed Images Done taking 0.007359743118286133 seconds. Shape:  torch.Size([1, 3, 518, 518])[0m
[97m[INFO ] Model Forward Pass Done. Time: 0.04265999794006348 seconds[0m
[97m[INFO ] Conversion to Prediction Done. Time: 0.00035381317138671875 seconds[0m
depth: 646/2000 frame=645
[97m[INFO ] Processed Images Done taking 0.006051540374755859 seconds. Shape:  torch.Size([1, 3, 518, 518])[0m
[97m[INFO ] Model Forward Pass Done. Time: 0.04098773002624512 seconds[0m
[97m[INFO ] Conversion to Prediction Done. Time: 0.00032591819763183594 seconds[0m
depth: 647/2000 frame=646
[97m[INFO ] Processed Images Done taking 0.006426095962524414 seconds. Shape:  torch.Size([1, 3, 518, 518])[0m
[97m[INFO ] Model Forward Pass Done. Time: 0.03792858123779297 seconds[0m
[97m[INFO ] Conversion to Prediction Done. Time: 0.0003228187561035156 seconds[0m
depth: 648/2000 frame=647
[97m[INFO ] Processed Images Done taking 0.0058383941650390625 seconds. Shape:  torch.Size([1, 3, 518, 518])[0m
[97m[INFO ] Model Forward Pass Done. Time: 0.04105043411254883 seconds[0m
[97m[INFO ] Conversion to Prediction Done. Time: 0.0003733634948730469 seconds[0m
depth: 649/2000 frame=648
[97m[INFO ] Processed Images Done taking 0.0060710906982421875 seconds. Shape:  torch.Size([1, 3, 518, 518])[0m
[97m[INFO ] Model Forward Pass Done. Time: 0.04551100730895996 seconds[0m
[97m[INFO ] Conversion to Prediction Done. Time: 0.0003361701965332031 seconds[0m
depth: 650/2000 frame=649
[97m[INFO ] Processed Images Done taking 0.005993366241455078 seconds. Shape:  torch.Size([1, 3, 518, 518])[0m
[97m[INFO ] Model Forward Pass Done. Time: 0.04109334945678711 seconds[0m
[97m[INFO ] Conversion to Prediction Done. Time: 0.00033092498779296875 seconds[0m
depth: 651/2000 frame=650
[97m[INFO ] Processed Images Done taking 0.006057262420654297 seconds. Shape:  torch.Size([1, 3, 518, 518])[0m
[97m[INFO ] Model Forward Pass Done. Time: 0.04120373725891113 seconds[0m
[97m[INFO ] Conversion to Prediction Done. Time: 0.00035858154296875 seconds[0m
depth: 652/2000 frame=651
[97m[INFO ] Processed Images Done taking 0.006253719329833984 seconds. Shape:  torch.Size([1, 3, 518, 518])[0m
[97m[INFO ] Model Forward Pass Done. Time: 0.04221367835998535 seconds[0m
[97m[INFO ] Conversion to Prediction Done. Time: 0.00031757354736328125 seconds[0m
depth: 653/2000 frame=652
[97m[INFO ] Processed Images Done taking 0.006589412689208984 seconds. Shape:  torch.Size([1, 3, 518, 518])[0m
[97m[INFO ] Model Forward Pass Done. Time: 0.04091501235961914 seconds[0m
[97m[INFO ] Conversion to Prediction Done. Time: 0.0003142356872558594 seconds[0m
depth: 654/2000 frame=653
[97m[INFO ] Processed Images Done taking 0.006009578704833984 seconds. Shape:  torch.Size([1, 3, 518, 518])[0m
[97m[INFO ] Model Forward Pass Done. Time: 0.040892839431762695 seconds[0m
[97m[INFO ] Conversion to Prediction Done. Time: 0.0003485679626464844 seconds[0m
depth: 655/2000 frame=654
[97m[INFO ] Processed Images Done taking 0.00713658332824707 seconds. Shape:  torch.Size([1, 3, 518, 518])[0m
[97m[INFO ] Model Forward Pass Done. Time: 0.04012799263000488 seconds[0m
[97m[INFO ] Conversion to Prediction Done. Time: 0.0003094673156738281 seconds[0m
depth: 656/2000 frame=655
[97m[INFO ] Processed Images Done taking 0.00640559196472168 seconds. Shape:  torch.Size([1, 3, 518, 518])[0m
[97m[INFO ] Model Forward Pass Done. Time: 0.042478084564208984 seconds[0m
[97m[INFO ] Conversion to Prediction Done. Time: 0.00031828880310058594 seconds[0m
depth: 657/2000 frame=656
[97m[INFO ] Processed Images Done taking 0.0056073665618896484 seconds. Shape:  torch.Size([1, 3, 518, 518])[0m
[97m[INFO ] Model Forward Pass Done. Time: 0.040860891342163086 seconds[0m
[97m[INFO ] Conversion to Prediction Done. Time: 0.00036025047302246094 seconds[0m
depth: 658/2000 frame=657
[97m[INFO ] Processed Images Done taking 0.006131649017333984 seconds. Shape:  torch.Size([1, 3, 518, 518])[0m
[97m[INFO ] Model Forward Pass Done. Time: 0.040741682052612305 seconds[0m
[97m[INFO ] Conversion to Prediction Done. Time: 0.00031495094299316406 seconds[0m
depth: 659/2000 frame=658
[97m[INFO ] Processed Images Done taking 0.006962776184082031 seconds. Shape:  torch.Size([1, 3, 518, 518])[0m
[97m[INFO ] Model Forward Pass Done. Time: 0.04026961326599121 seconds[0m
[97m[INFO ] Conversion to Prediction Done. Time: 0.0003261566162109375 seconds[0m
depth: 660/2000 frame=659
[97m[INFO ] Processed Images Done taking 0.006081819534301758 seconds. Shape:  torch.Size([1, 3, 518, 518])[0m
[97m[INFO ] Model Forward Pass Done. Time: 0.04239606857299805 seconds[0m
[97m[INFO ] Conversion to Prediction Done. Time: 0.00036072731018066406 seconds[0m
depth: 661/2000 frame=660
[97m[INFO ] Processed Images Done taking 0.0053844451904296875 seconds. Shape:  torch.Size([1, 3, 518, 518])[0m
[97m[INFO ] Model Forward Pass Done. Time: 0.04092121124267578 seconds[0m
[97m[INFO ] Conversion to Prediction Done. Time: 0.00031757354736328125 seconds[0m
depth: 662/2000 frame=661
[97m[INFO ] Processed Images Done taking 0.006436824798583984 seconds. Shape:  torch.Size([1, 3, 518, 518])[0m
[97m[INFO ] Model Forward Pass Done. Time: 0.04077577590942383 seconds[0m
[97m[INFO ] Conversion to Prediction Done. Time: 0.00033164024353027344 seconds[0m
depth: 663/2000 frame=662
[97m[INFO ] Processed Images Done taking 0.007155656814575195 seconds. Shape:  torch.Size([1, 3, 518, 518])[0m
[97m[INFO ] Model Forward Pass Done. Time: 0.04087400436401367 seconds[0m
[97m[INFO ] Conversion to Prediction Done. Time: 0.0003483295440673828 seconds[0m
depth: 664/2000 frame=663
[97m[INFO ] Processed Images Done taking 0.006769418716430664 seconds. Shape:  torch.Size([1, 3, 518, 518])[0m
[97m[INFO ] Model Forward Pass Done. Time: 0.04226803779602051 seconds[0m
[97m[INFO ] Conversion to Prediction Done. Time: 0.0003135204315185547 seconds[0m
depth: 665/2000 frame=664
[97m[INFO ] Processed Images Done taking 0.006577253341674805 seconds. Shape:  torch.Size([1, 3, 518, 518])[0m
[97m[INFO ] Model Forward Pass Done. Time: 0.04102182388305664 seconds[0m
[97m[INFO ] Conversion to Prediction Done. Time: 0.00035381317138671875 seconds[0m
depth: 666/2000 frame=665
[97m[INFO ] Processed Images Done taking 0.0066835880279541016 seconds. Shape:  torch.Size([1, 3, 518, 518])[0m
[97m[INFO ] Model Forward Pass Done. Time: 0.04033541679382324 seconds[0m
[97m[INFO ] Conversion to Prediction Done. Time: 0.00031185150146484375 seconds[0m
depth: 667/2000 frame=666
[97m[INFO ] Processed Images Done taking 0.007261037826538086 seconds. Shape:  torch.Size([1, 3, 518, 518])[0m
[97m[INFO ] Model Forward Pass Done. Time: 0.04111361503601074 seconds[0m
[97m[INFO ] Conversion to Prediction Done. Time: 0.0003535747528076172 seconds[0m
depth: 668/2000 frame=667
[97m[INFO ] Processed Images Done taking 0.006370067596435547 seconds. Shape:  torch.Size([1, 3, 518, 518])[0m
[97m[INFO ] Model Forward Pass Done. Time: 0.04071211814880371 seconds[0m
[97m[INFO ] Conversion to Prediction Done. Time: 0.00032591819763183594 seconds[0m
depth: 669/2000 frame=668
[97m[INFO ] Processed Images Done taking 0.0077364444732666016 seconds. Shape:  torch.Size([1, 3, 518, 518])[0m
[97m[INFO ] Model Forward Pass Done. Time: 0.04264044761657715 seconds[0m
[97m[INFO ] Conversion to Prediction Done. Time: 0.00031447410583496094 seconds[0m
depth: 670/2000 frame=669
[97m[INFO ] Processed Images Done taking 0.006502866744995117 seconds. Shape:  torch.Size([1, 3, 518, 518])[0m
[97m[INFO ] Model Forward Pass Done. Time: 0.042562246322631836 seconds[0m
[97m[INFO ] Conversion to Prediction Done. Time: 0.0003528594970703125 seconds[0m
depth: 671/2000 frame=670
[97m[INFO ] Processed Images Done taking 0.0060575008392333984 seconds. Shape:  torch.Size([1, 3, 518, 518])[0m
[97m[INFO ] Model Forward Pass Done. Time: 0.03757143020629883 seconds[0m
[97m[INFO ] Conversion to Prediction Done. Time: 0.0003294944763183594 seconds[0m
depth: 672/2000 frame=671
[97m[INFO ] Processed Images Done taking 0.007490396499633789 seconds. Shape:  torch.Size([1, 3, 518, 518])[0m
[97m[INFO ] Model Forward Pass Done. Time: 0.042643070220947266 seconds[0m
[97m[INFO ] Conversion to Prediction Done. Time: 0.00035881996154785156 seconds[0m
depth: 673/2000 frame=672
[97m[INFO ] Processed Images Done taking 0.00665593147277832 seconds. Shape:  torch.Size([1, 3, 518, 518])[0m
[97m[INFO ] Model Forward Pass Done. Time: 0.04228925704956055 seconds[0m
[97m[INFO ] Conversion to Prediction Done. Time: 0.0003142356872558594 seconds[0m
depth: 674/2000 frame=673
[97m[INFO ] Processed Images Done taking 0.007668733596801758 seconds. Shape:  torch.Size([1, 3, 518, 518])[0m
[97m[INFO ] Model Forward Pass Done. Time: 0.04565167427062988 seconds[0m
[97m[INFO ] Conversion to Prediction Done. Time: 0.0003285408020019531 seconds[0m
depth: 675/2000 frame=674
[97m[INFO ] Processed Images Done taking 0.006832122802734375 seconds. Shape:  torch.Size([1, 3, 518, 518])[0m
[97m[INFO ] Model Forward Pass Done. Time: 0.044712066650390625 seconds[0m
[97m[INFO ] Conversion to Prediction Done. Time: 0.00035309791564941406 seconds[0m
depth: 676/2000 frame=675
[97m[INFO ] Processed Images Done taking 0.006684303283691406 seconds. Shape:  torch.Size([1, 3, 518, 518])[0m
[97m[INFO ] Model Forward Pass Done. Time: 0.0417788028717041 seconds[0m
[97m[INFO ] Conversion to Prediction Done. Time: 0.00033736228942871094 seconds[0m
depth: 677/2000 frame=676
[97m[INFO ] Processed Images Done taking 0.006696939468383789 seconds. Shape:  torch.Size([1, 3, 518, 518])[0m
[97m[INFO ] Model Forward Pass Done. Time: 0.04229998588562012 seconds[0m
[97m[INFO ] Conversion to Prediction Done. Time: 0.00035262107849121094 seconds[0m
depth: 678/2000 frame=677
[97m[INFO ] Processed Images Done taking 0.005927324295043945 seconds. Shape:  torch.Size([1, 3, 518, 518])[0m
[97m[INFO ] Model Forward Pass Done. Time: 0.04223370552062988 seconds[0m
[97m[INFO ] Conversion to Prediction Done. Time: 0.0003132820129394531 seconds[0m
depth: 679/2000 frame=678
[97m[INFO ] Processed Images Done taking 0.0066373348236083984 seconds. Shape:  torch.Size([1, 3, 518, 518])[0m
[97m[INFO ] Model Forward Pass Done. Time: 0.04236602783203125 seconds[0m
[97m[INFO ] Conversion to Prediction Done. Time: 0.0003101825714111328 seconds[0m
depth: 680/2000 frame=679
[97m[INFO ] Processed Images Done taking 0.0063054561614990234 seconds. Shape:  torch.Size([1, 3, 518, 518])[0m
[97m[INFO ] Model Forward Pass Done. Time: 0.04082679748535156 seconds[0m
[97m[INFO ] Conversion to Prediction Done. Time: 0.00036025047302246094 seconds[0m
depth: 681/2000 frame=680
[97m[INFO ] Processed Images Done taking 0.0065267086029052734 seconds. Shape:  torch.Size([1, 3, 518, 518])[0m
[97m[INFO ] Model Forward Pass Done. Time: 0.04091477394104004 seconds[0m
[97m[INFO ] Conversion to Prediction Done. Time: 0.00032401084899902344 seconds[0m
depth: 682/2000 frame=681
[97m[INFO ] Processed Images Done taking 0.006168365478515625 seconds. Shape:  torch.Size([1, 3, 518, 518])[0m
[97m[INFO ] Model Forward Pass Done. Time: 0.04107952117919922 seconds[0m
[97m[INFO ] Conversion to Prediction Done. Time: 0.0003235340118408203 seconds[0m
depth: 683/2000 frame=682
[97m[INFO ] Processed Images Done taking 0.006175518035888672 seconds. Shape:  torch.Size([1, 3, 518, 518])[0m
[97m[INFO ] Model Forward Pass Done. Time: 0.04102301597595215 seconds[0m
[97m[INFO ] Conversion to Prediction Done. Time: 0.0003440380096435547 seconds[0m
depth: 684/2000 frame=683
[97m[INFO ] Processed Images Done taking 0.00670170783996582 seconds. Shape:  torch.Size([1, 3, 518, 518])[0m
[97m[INFO ] Model Forward Pass Done. Time: 0.03989267349243164 seconds[0m
[97m[INFO ] Conversion to Prediction Done. Time: 0.0003135204315185547 seconds[0m
depth: 685/2000 frame=684
[97m[INFO ] Processed Images Done taking 0.006222248077392578 seconds. Shape:  torch.Size([1, 3, 518, 518])[0m
[97m[INFO ] Model Forward Pass Done. Time: 0.0409085750579834 seconds[0m
[97m[INFO ] Conversion to Prediction Done. Time: 0.0003094673156738281 seconds[0m
depth: 686/2000 frame=685
[97m[INFO ] Processed Images Done taking 0.0061032772064208984 seconds. Shape:  torch.Size([1, 3, 518, 518])[0m
[97m[INFO ] Model Forward Pass Done. Time: 0.04082918167114258 seconds[0m
[97m[INFO ] Conversion to Prediction Done. Time: 0.0003509521484375 seconds[0m
depth: 687/2000 frame=686
[97m[INFO ] Processed Images Done taking 0.006516456604003906 seconds. Shape:  torch.Size([1, 3, 518, 518])[0m
[97m[INFO ] Model Forward Pass Done. Time: 0.04171276092529297 seconds[0m
[97m[INFO ] Conversion to Prediction Done. Time: 0.0003097057342529297 seconds[0m
depth: 688/2000 frame=687
[97m[INFO ] Processed Images Done taking 0.006575345993041992 seconds. Shape:  torch.Size([1, 3, 518, 518])[0m
[97m[INFO ] Model Forward Pass Done. Time: 0.041821956634521484 seconds[0m
[97m[INFO ] Conversion to Prediction Done. Time: 0.00033926963806152344 seconds[0m
depth: 689/2000 frame=688
[97m[INFO ] Processed Images Done taking 0.0064280033111572266 seconds. Shape:  torch.Size([1, 3, 518, 518])[0m
[97m[INFO ] Model Forward Pass Done. Time: 0.04251909255981445 seconds[0m
[97m[INFO ] Conversion to Prediction Done. Time: 0.0003571510314941406 seconds[0m
depth: 690/2000 frame=689
[97m[INFO ] Processed Images Done taking 0.0067555904388427734 seconds. Shape:  torch.Size([1, 3, 518, 518])[0m
[97m[INFO ] Model Forward Pass Done. Time: 0.042023658752441406 seconds[0m
[97m[INFO ] Conversion to Prediction Done. Time: 0.0003135204315185547 seconds[0m
depth: 691/2000 frame=690
[97m[INFO ] Processed Images Done taking 0.00625920295715332 seconds. Shape:  torch.Size([1, 3, 518, 518])[0m
[97m[INFO ] Model Forward Pass Done. Time: 0.04271268844604492 seconds[0m
[97m[INFO ] Conversion to Prediction Done. Time: 0.0003154277801513672 seconds[0m
depth: 692/2000 frame=691
[97m[INFO ] Processed Images Done taking 0.006703376770019531 seconds. Shape:  torch.Size([1, 3, 518, 518])[0m
[97m[INFO ] Model Forward Pass Done. Time: 0.04096555709838867 seconds[0m
[97m[INFO ] Conversion to Prediction Done. Time: 0.0003619194030761719 seconds[0m
depth: 693/2000 frame=692
[97m[INFO ] Processed Images Done taking 0.005979061126708984 seconds. Shape:  torch.Size([1, 3, 518, 518])[0m
[97m[INFO ] Model Forward Pass Done. Time: 0.04034733772277832 seconds[0m
[97m[INFO ] Conversion to Prediction Done. Time: 0.00032711029052734375 seconds[0m
depth: 694/2000 frame=693
[97m[INFO ] Processed Images Done taking 0.009227275848388672 seconds. Shape:  torch.Size([1, 3, 518, 518])[0m
[97m[INFO ] Model Forward Pass Done. Time: 0.04247856140136719 seconds[0m
[97m[INFO ] Conversion to Prediction Done. Time: 0.0003228187561035156 seconds[0m
depth: 695/2000 frame=694
[97m[INFO ] Processed Images Done taking 0.007105827331542969 seconds. Shape:  torch.Size([1, 3, 518, 518])[0m
[97m[INFO ] Model Forward Pass Done. Time: 0.04131913185119629 seconds[0m
[97m[INFO ] Conversion to Prediction Done. Time: 0.000354766845703125 seconds[0m
depth: 696/2000 frame=695
[97m[INFO ] Processed Images Done taking 0.007242679595947266 seconds. Shape:  torch.Size([1, 3, 518, 518])[0m
[97m[INFO ] Model Forward Pass Done. Time: 0.044107913970947266 seconds[0m
[97m[INFO ] Conversion to Prediction Done. Time: 0.00031948089599609375 seconds[0m
depth: 697/2000 frame=696
[97m[INFO ] Processed Images Done taking 0.0062808990478515625 seconds. Shape:  torch.Size([1, 3, 518, 518])[0m
[97m[INFO ] Model Forward Pass Done. Time: 0.04221677780151367 seconds[0m
[97m[INFO ] Conversion to Prediction Done. Time: 0.0003743171691894531 seconds[0m
depth: 698/2000 frame=697
[97m[INFO ] Processed Images Done taking 0.006307840347290039 seconds. Shape:  torch.Size([1, 3, 518, 518])[0m
[97m[INFO ] Model Forward Pass Done. Time: 0.040689945220947266 seconds[0m
[97m[INFO ] Conversion to Prediction Done. Time: 0.000331878662109375 seconds[0m
depth: 699/2000 frame=698
[97m[INFO ] Processed Images Done taking 0.008102893829345703 seconds. Shape:  torch.Size([1, 3, 518, 518])[0m
[97m[INFO ] Model Forward Pass Done. Time: 0.04380440711975098 seconds[0m
[97m[INFO ] Conversion to Prediction Done. Time: 0.00032591819763183594 seconds[0m
depth: 700/2000 frame=699
[97m[INFO ] Processed Images Done taking 0.006123542785644531 seconds. Shape:  torch.Size([1, 3, 518, 518])[0m
[97m[INFO ] Model Forward Pass Done. Time: 0.0424039363861084 seconds[0m
[97m[INFO ] Conversion to Prediction Done. Time: 0.0003571510314941406 seconds[0m
depth: 701/2000 frame=700
[97m[INFO ] Processed Images Done taking 0.00687098503112793 seconds. Shape:  torch.Size([1, 3, 518, 518])[0m
[97m[INFO ] Model Forward Pass Done. Time: 0.04002070426940918 seconds[0m
[97m[INFO ] Conversion to Prediction Done. Time: 0.00032711029052734375 seconds[0m
depth: 702/2000 frame=701
[97m[INFO ] Processed Images Done taking 0.0069255828857421875 seconds. Shape:  torch.Size([1, 3, 518, 518])[0m
[97m[INFO ] Model Forward Pass Done. Time: 0.041349172592163086 seconds[0m
[97m[INFO ] Conversion to Prediction Done. Time: 0.00033211708068847656 seconds[0m
depth: 703/2000 frame=702
[97m[INFO ] Processed Images Done taking 0.0077152252197265625 seconds. Shape:  torch.Size([1, 3, 518, 518])[0m
[97m[INFO ] Model Forward Pass Done. Time: 0.04200482368469238 seconds[0m
[97m[INFO ] Conversion to Prediction Done. Time: 0.00035762786865234375 seconds[0m
depth: 704/2000 frame=703
[97m[INFO ] Processed Images Done taking 0.006845951080322266 seconds. Shape:  torch.Size([1, 3, 518, 518])[0m
[97m[INFO ] Model Forward Pass Done. Time: 0.04161858558654785 seconds[0m
[97m[INFO ] Conversion to Prediction Done. Time: 0.0003306865692138672 seconds[0m
depth: 705/2000 frame=704
[97m[INFO ] Processed Images Done taking 0.006722688674926758 seconds. Shape:  torch.Size([1, 3, 518, 518])[0m
[97m[INFO ] Model Forward Pass Done. Time: 0.041689157485961914 seconds[0m
[97m[INFO ] Conversion to Prediction Done. Time: 0.0003273487091064453 seconds[0m
depth: 706/2000 frame=705
[97m[INFO ] Processed Images Done taking 0.006834983825683594 seconds. Shape:  torch.Size([1, 3, 518, 518])[0m
[97m[INFO ] Model Forward Pass Done. Time: 0.0444183349609375 seconds[0m
[97m[INFO ] Conversion to Prediction Done. Time: 0.00036215782165527344 seconds[0m
depth: 707/2000 frame=706
[97m[INFO ] Processed Images Done taking 0.006398916244506836 seconds. Shape:  torch.Size([1, 3, 518, 518])[0m
[97m[INFO ] Model Forward Pass Done. Time: 0.040793657302856445 seconds[0m
[97m[INFO ] Conversion to Prediction Done. Time: 0.00033020973205566406 seconds[0m
depth: 708/2000 frame=707
[97m[INFO ] Processed Images Done taking 0.007719278335571289 seconds. Shape:  torch.Size([1, 3, 518, 518])[0m
[97m[INFO ] Model Forward Pass Done. Time: 0.04087710380554199 seconds[0m
[97m[INFO ] Conversion to Prediction Done. Time: 0.00033164024353027344 seconds[0m
depth: 709/2000 frame=708
[97m[INFO ] Processed Images Done taking 0.00761103630065918 seconds. Shape:  torch.Size([1, 3, 518, 518])[0m
[97m[INFO ] Model Forward Pass Done. Time: 0.04121875762939453 seconds[0m
[97m[INFO ] Conversion to Prediction Done. Time: 0.00035834312438964844 seconds[0m
depth: 710/2000 frame=709
[97m[INFO ] Processed Images Done taking 0.0062787532806396484 seconds. Shape:  torch.Size([1, 3, 518, 518])[0m
[97m[INFO ] Model Forward Pass Done. Time: 0.039717674255371094 seconds[0m
[97m[INFO ] Conversion to Prediction Done. Time: 0.00032973289489746094 seconds[0m
depth: 711/2000 frame=710
[97m[INFO ] Processed Images Done taking 0.0076944828033447266 seconds. Shape:  torch.Size([1, 3, 518, 518])[0m
[97m[INFO ] Model Forward Pass Done. Time: 0.04240727424621582 seconds[0m
[97m[INFO ] Conversion to Prediction Done. Time: 0.00032019615173339844 seconds[0m
depth: 712/2000 frame=711
[97m[INFO ] Processed Images Done taking 0.006753683090209961 seconds. Shape:  torch.Size([1, 3, 518, 518])[0m
[97m[INFO ] Model Forward Pass Done. Time: 0.04114174842834473 seconds[0m
[97m[INFO ] Conversion to Prediction Done. Time: 0.0003752708435058594 seconds[0m
depth: 713/2000 frame=712
[97m[INFO ] Processed Images Done taking 0.00768589973449707 seconds. Shape:  torch.Size([1, 3, 518, 518])[0m
[97m[INFO ] Model Forward Pass Done. Time: 0.042444705963134766 seconds[0m
[97m[INFO ] Conversion to Prediction Done. Time: 0.0003273487091064453 seconds[0m
depth: 714/2000 frame=713
[97m[INFO ] Processed Images Done taking 0.005993366241455078 seconds. Shape:  torch.Size([1, 3, 518, 518])[0m
[97m[INFO ] Model Forward Pass Done. Time: 0.04085826873779297 seconds[0m
[97m[INFO ] Conversion to Prediction Done. Time: 0.00032973289489746094 seconds[0m
depth: 715/2000 frame=714
[97m[INFO ] Processed Images Done taking 0.0066487789154052734 seconds. Shape:  torch.Size([1, 3, 518, 518])[0m
[97m[INFO ] Model Forward Pass Done. Time: 0.041880130767822266 seconds[0m
[97m[INFO ] Conversion to Prediction Done. Time: 0.0003705024719238281 seconds[0m
depth: 716/2000 frame=715
[97m[INFO ] Processed Images Done taking 0.006290435791015625 seconds. Shape:  torch.Size([1, 3, 518, 518])[0m
[97m[INFO ] Model Forward Pass Done. Time: 0.04414987564086914 seconds[0m
[97m[INFO ] Conversion to Prediction Done. Time: 0.00032782554626464844 seconds[0m
depth: 717/2000 frame=716
[97m[INFO ] Processed Images Done taking 0.006925106048583984 seconds. Shape:  torch.Size([1, 3, 518, 518])[0m
[97m[INFO ] Model Forward Pass Done. Time: 0.041886329650878906 seconds[0m
[97m[INFO ] Conversion to Prediction Done. Time: 0.00032210350036621094 seconds[0m
depth: 718/2000 frame=717
[97m[INFO ] Processed Images Done taking 0.0067174434661865234 seconds. Shape:  torch.Size([1, 3, 518, 518])[0m
[97m[INFO ] Model Forward Pass Done. Time: 0.04308366775512695 seconds[0m
[97m[INFO ] Conversion to Prediction Done. Time: 0.0003542900085449219 seconds[0m
depth: 719/2000 frame=718
[97m[INFO ] Processed Images Done taking 0.0069561004638671875 seconds. Shape:  torch.Size([1, 3, 518, 518])[0m
[97m[INFO ] Model Forward Pass Done. Time: 0.04143571853637695 seconds[0m
[97m[INFO ] Conversion to Prediction Done. Time: 0.00031256675720214844 seconds[0m
depth: 720/2000 frame=719
[97m[INFO ] Processed Images Done taking 0.006540536880493164 seconds. Shape:  torch.Size([1, 3, 518, 518])[0m
[97m[INFO ] Model Forward Pass Done. Time: 0.040524959564208984 seconds[0m
[97m[INFO ] Conversion to Prediction Done. Time: 0.0003266334533691406 seconds[0m
depth: 721/2000 frame=720
[97m[INFO ] Processed Images Done taking 0.006843090057373047 seconds. Shape:  torch.Size([1, 3, 518, 518])[0m
[97m[INFO ] Model Forward Pass Done. Time: 0.04127931594848633 seconds[0m
[97m[INFO ] Conversion to Prediction Done. Time: 0.0003604888916015625 seconds[0m
depth: 722/2000 frame=721
[97m[INFO ] Processed Images Done taking 0.006872892379760742 seconds. Shape:  torch.Size([1, 3, 518, 518])[0m
[97m[INFO ] Model Forward Pass Done. Time: 0.03862285614013672 seconds[0m
[97m[INFO ] Conversion to Prediction Done. Time: 0.0003361701965332031 seconds[0m
depth: 723/2000 frame=722
[97m[INFO ] Processed Images Done taking 0.0058667659759521484 seconds. Shape:  torch.Size([1, 3, 518, 518])[0m
[97m[INFO ] Model Forward Pass Done. Time: 0.040894269943237305 seconds[0m
[97m[INFO ] Conversion to Prediction Done. Time: 0.00032806396484375 seconds[0m
depth: 724/2000 frame=723
[97m[INFO ] Processed Images Done taking 0.005860805511474609 seconds. Shape:  torch.Size([1, 3, 518, 518])[0m
[97m[INFO ] Model Forward Pass Done. Time: 0.03934001922607422 seconds[0m
[97m[INFO ] Conversion to Prediction Done. Time: 0.00035858154296875 seconds[0m
depth: 725/2000 frame=724
[97m[INFO ] Processed Images Done taking 0.006953716278076172 seconds. Shape:  torch.Size([1, 3, 518, 518])[0m
[97m[INFO ] Model Forward Pass Done. Time: 0.039980411529541016 seconds[0m
[97m[INFO ] Conversion to Prediction Done. Time: 0.0003294944763183594 seconds[0m
depth: 726/2000 frame=725
[97m[INFO ] Processed Images Done taking 0.006956815719604492 seconds. Shape:  torch.Size([1, 3, 518, 518])[0m
[97m[INFO ] Model Forward Pass Done. Time: 0.04069852828979492 seconds[0m
[97m[INFO ] Conversion to Prediction Done. Time: 0.0003368854522705078 seconds[0m
depth: 727/2000 frame=726
[97m[INFO ] Processed Images Done taking 0.0064544677734375 seconds. Shape:  torch.Size([1, 3, 518, 518])[0m
[97m[INFO ] Model Forward Pass Done. Time: 0.04077506065368652 seconds[0m
[97m[INFO ] Conversion to Prediction Done. Time: 0.0003554821014404297 seconds[0m
depth: 728/2000 frame=727
[97m[INFO ] Processed Images Done taking 0.005568981170654297 seconds. Shape:  torch.Size([1, 3, 518, 518])[0m
[97m[INFO ] Model Forward Pass Done. Time: 0.04052281379699707 seconds[0m
[97m[INFO ] Conversion to Prediction Done. Time: 0.0003333091735839844 seconds[0m
depth: 729/2000 frame=728
[97m[INFO ] Processed Images Done taking 0.00603795051574707 seconds. Shape:  torch.Size([1, 3, 518, 518])[0m
[97m[INFO ] Model Forward Pass Done. Time: 0.04072165489196777 seconds[0m
[97m[INFO ] Conversion to Prediction Done. Time: 0.0003254413604736328 seconds[0m
depth: 730/2000 frame=729
[97m[INFO ] Processed Images Done taking 0.005601406097412109 seconds. Shape:  torch.Size([1, 3, 518, 518])[0m
[97m[INFO ] Model Forward Pass Done. Time: 0.04082298278808594 seconds[0m
[97m[INFO ] Conversion to Prediction Done. Time: 0.00035381317138671875 seconds[0m
depth: 731/2000 frame=730
[97m[INFO ] Processed Images Done taking 0.006262779235839844 seconds. Shape:  torch.Size([1, 3, 518, 518])[0m
[97m[INFO ] Model Forward Pass Done. Time: 0.03981494903564453 seconds[0m
[97m[INFO ] Conversion to Prediction Done. Time: 0.0003228187561035156 seconds[0m
depth: 732/2000 frame=731
[97m[INFO ] Processed Images Done taking 0.00651240348815918 seconds. Shape:  torch.Size([1, 3, 518, 518])[0m
[97m[INFO ] Model Forward Pass Done. Time: 0.04058980941772461 seconds[0m
[97m[INFO ] Conversion to Prediction Done. Time: 0.00032806396484375 seconds[0m
depth: 733/2000 frame=732
[97m[INFO ] Processed Images Done taking 0.006058931350708008 seconds. Shape:  torch.Size([1, 3, 518, 518])[0m
[97m[INFO ] Model Forward Pass Done. Time: 0.03951907157897949 seconds[0m
[97m[INFO ] Conversion to Prediction Done. Time: 0.0003647804260253906 seconds[0m
depth: 734/2000 frame=733
[97m[INFO ] Processed Images Done taking 0.005896568298339844 seconds. Shape:  torch.Size([1, 3, 518, 518])[0m
[97m[INFO ] Model Forward Pass Done. Time: 0.0402684211730957 seconds[0m
[97m[INFO ] Conversion to Prediction Done. Time: 0.0003330707550048828 seconds[0m
depth: 735/2000 frame=734
[97m[INFO ] Processed Images Done taking 0.006345272064208984 seconds. Shape:  torch.Size([1, 3, 518, 518])[0m
[97m[INFO ] Model Forward Pass Done. Time: 0.0408477783203125 seconds[0m
[97m[INFO ] Conversion to Prediction Done. Time: 0.00033593177795410156 seconds[0m
depth: 736/2000 frame=735
[97m[INFO ] Processed Images Done taking 0.0062558650970458984 seconds. Shape:  torch.Size([1, 3, 518, 518])[0m
[97m[INFO ] Model Forward Pass Done. Time: 0.04188370704650879 seconds[0m
[97m[INFO ] Conversion to Prediction Done. Time: 0.00036263465881347656 seconds[0m
depth: 737/2000 frame=736
[97m[INFO ] Processed Images Done taking 0.006224632263183594 seconds. Shape:  torch.Size([1, 3, 518, 518])[0m
[97m[INFO ] Model Forward Pass Done. Time: 0.041745901107788086 seconds[0m
[97m[INFO ] Conversion to Prediction Done. Time: 0.00031948089599609375 seconds[0m
depth: 738/2000 frame=737
[97m[INFO ] Processed Images Done taking 0.006317853927612305 seconds. Shape:  torch.Size([1, 3, 518, 518])[0m
[97m[INFO ] Model Forward Pass Done. Time: 0.0407106876373291 seconds[0m
[97m[INFO ] Conversion to Prediction Done. Time: 0.0003364086151123047 seconds[0m
depth: 739/2000 frame=738
[97m[INFO ] Processed Images Done taking 0.006037473678588867 seconds. Shape:  torch.Size([1, 3, 518, 518])[0m
[97m[INFO ] Model Forward Pass Done. Time: 0.04044389724731445 seconds[0m
[97m[INFO ] Conversion to Prediction Done. Time: 0.00035381317138671875 seconds[0m
depth: 740/2000 frame=739
[97m[INFO ] Processed Images Done taking 0.00596165657043457 seconds. Shape:  torch.Size([1, 3, 518, 518])[0m
[97m[INFO ] Model Forward Pass Done. Time: 0.04214835166931152 seconds[0m
[97m[INFO ] Conversion to Prediction Done. Time: 0.0003323554992675781 seconds[0m
depth: 741/2000 frame=740
[97m[INFO ] Processed Images Done taking 0.006759166717529297 seconds. Shape:  torch.Size([1, 3, 518, 518])[0m
[97m[INFO ] Model Forward Pass Done. Time: 0.04196000099182129 seconds[0m
[97m[INFO ] Conversion to Prediction Done. Time: 0.0003364086151123047 seconds[0m
depth: 742/2000 frame=741
[97m[INFO ] Processed Images Done taking 0.005884408950805664 seconds. Shape:  torch.Size([1, 3, 518, 518])[0m
[97m[INFO ] Model Forward Pass Done. Time: 0.04082632064819336 seconds[0m
[97m[INFO ] Conversion to Prediction Done. Time: 0.0003540515899658203 seconds[0m
depth: 743/2000 frame=742
[97m[INFO ] Processed Images Done taking 0.006242990493774414 seconds. Shape:  torch.Size([1, 3, 518, 518])[0m
[97m[INFO ] Model Forward Pass Done. Time: 0.03975272178649902 seconds[0m
[97m[INFO ] Conversion to Prediction Done. Time: 0.00032520294189453125 seconds[0m
depth: 744/2000 frame=743
[97m[INFO ] Processed Images Done taking 0.0066530704498291016 seconds. Shape:  torch.Size([1, 3, 518, 518])[0m
[97m[INFO ] Model Forward Pass Done. Time: 0.04160022735595703 seconds[0m
[97m[INFO ] Conversion to Prediction Done. Time: 0.00031638145446777344 seconds[0m
depth: 745/2000 frame=744
[97m[INFO ] Processed Images Done taking 0.005767822265625 seconds. Shape:  torch.Size([1, 3, 518, 518])[0m
[97m[INFO ] Model Forward Pass Done. Time: 0.0409092903137207 seconds[0m
[97m[INFO ] Conversion to Prediction Done. Time: 0.00036597251892089844 seconds[0m
depth: 746/2000 frame=745
[97m[INFO ] Processed Images Done taking 0.006169557571411133 seconds. Shape:  torch.Size([1, 3, 518, 518])[0m
[97m[INFO ] Model Forward Pass Done. Time: 0.04075193405151367 seconds[0m
[97m[INFO ] Conversion to Prediction Done. Time: 0.0003185272216796875 seconds[0m
depth: 747/2000 frame=746
[97m[INFO ] Processed Images Done taking 0.0061588287353515625 seconds. Shape:  torch.Size([1, 3, 518, 518])[0m
[97m[INFO ] Model Forward Pass Done. Time: 0.04261136054992676 seconds[0m
[97m[INFO ] Conversion to Prediction Done. Time: 0.00035572052001953125 seconds[0m
depth: 748/2000 frame=747
[97m[INFO ] Processed Images Done taking 0.0059680938720703125 seconds. Shape:  torch.Size([1, 3, 518, 518])[0m
[97m[INFO ] Model Forward Pass Done. Time: 0.040656328201293945 seconds[0m
[97m[INFO ] Conversion to Prediction Done. Time: 0.0003333091735839844 seconds[0m
depth: 749/2000 frame=748
[97m[INFO ] Processed Images Done taking 0.006539106369018555 seconds. Shape:  torch.Size([1, 3, 518, 518])[0m
[97m[INFO ] Model Forward Pass Done. Time: 0.04032254219055176 seconds[0m
[97m[INFO ] Conversion to Prediction Done. Time: 0.00033020973205566406 seconds[0m
depth: 750/2000 frame=749
[97m[INFO ] Processed Images Done taking 0.005946636199951172 seconds. Shape:  torch.Size([1, 3, 518, 518])[0m
[97m[INFO ] Model Forward Pass Done. Time: 0.04075813293457031 seconds[0m
[97m[INFO ] Conversion to Prediction Done. Time: 0.000347137451171875 seconds[0m
depth: 751/2000 frame=750
[97m[INFO ] Processed Images Done taking 0.006516456604003906 seconds. Shape:  torch.Size([1, 3, 518, 518])[0m
[97m[INFO ] Model Forward Pass Done. Time: 0.040831565856933594 seconds[0m
[97m[INFO ] Conversion to Prediction Done. Time: 0.00032520294189453125 seconds[0m
depth: 752/2000 frame=751
[97m[INFO ] Processed Images Done taking 0.006798267364501953 seconds. Shape:  torch.Size([1, 3, 518, 518])[0m
[97m[INFO ] Model Forward Pass Done. Time: 0.04034924507141113 seconds[0m
[97m[INFO ] Conversion to Prediction Done. Time: 0.00032520294189453125 seconds[0m
depth: 753/2000 frame=752
[97m[INFO ] Processed Images Done taking 0.0059740543365478516 seconds. Shape:  torch.Size([1, 3, 518, 518])[0m
[97m[INFO ] Model Forward Pass Done. Time: 0.04244375228881836 seconds[0m
[97m[INFO ] Conversion to Prediction Done. Time: 0.0003559589385986328 seconds[0m
depth: 754/2000 frame=753
[97m[INFO ] Processed Images Done taking 0.0057964324951171875 seconds. Shape:  torch.Size([1, 3, 518, 518])[0m
[97m[INFO ] Model Forward Pass Done. Time: 0.04057502746582031 seconds[0m
[97m[INFO ] Conversion to Prediction Done. Time: 0.0003261566162109375 seconds[0m
depth: 755/2000 frame=754
[97m[INFO ] Processed Images Done taking 0.0063822269439697266 seconds. Shape:  torch.Size([1, 3, 518, 518])[0m
[97m[INFO ] Model Forward Pass Done. Time: 0.040586233139038086 seconds[0m
[97m[INFO ] Conversion to Prediction Done. Time: 0.00031876564025878906 seconds[0m
depth: 756/2000 frame=755
[97m[INFO ] Processed Images Done taking 0.0055675506591796875 seconds. Shape:  torch.Size([1, 3, 518, 518])[0m
[97m[INFO ] Model Forward Pass Done. Time: 0.04069662094116211 seconds[0m
[97m[INFO ] Conversion to Prediction Done. Time: 0.0003638267517089844 seconds[0m
depth: 757/2000 frame=756
[97m[INFO ] Processed Images Done taking 0.005942583084106445 seconds. Shape:  torch.Size([1, 3, 518, 518])[0m
[97m[INFO ] Model Forward Pass Done. Time: 0.041960954666137695 seconds[0m
[97m[INFO ] Conversion to Prediction Done. Time: 0.0003254413604736328 seconds[0m
depth: 758/2000 frame=757
[97m[INFO ] Processed Images Done taking 0.0065479278564453125 seconds. Shape:  torch.Size([1, 3, 518, 518])[0m
[97m[INFO ] Model Forward Pass Done. Time: 0.040268898010253906 seconds[0m
[97m[INFO ] Conversion to Prediction Done. Time: 0.00033736228942871094 seconds[0m
depth: 759/2000 frame=758
[97m[INFO ] Processed Images Done taking 0.005939006805419922 seconds. Shape:  torch.Size([1, 3, 518, 518])[0m
[97m[INFO ] Model Forward Pass Done. Time: 0.04076266288757324 seconds[0m
[97m[INFO ] Conversion to Prediction Done. Time: 0.00035262107849121094 seconds[0m
depth: 760/2000 frame=759
[97m[INFO ] Processed Images Done taking 0.006390094757080078 seconds. Shape:  torch.Size([1, 3, 518, 518])[0m
[97m[INFO ] Model Forward Pass Done. Time: 0.040076494216918945 seconds[0m
[97m[INFO ] Conversion to Prediction Done. Time: 0.0003314018249511719 seconds[0m
depth: 761/2000 frame=760
[97m[INFO ] Processed Images Done taking 0.008144140243530273 seconds. Shape:  torch.Size([1, 3, 518, 518])[0m
[97m[INFO ] Model Forward Pass Done. Time: 0.041294097900390625 seconds[0m
[97m[INFO ] Conversion to Prediction Done. Time: 0.0003285408020019531 seconds[0m
depth: 762/2000 frame=761
[97m[INFO ] Processed Images Done taking 0.006136417388916016 seconds. Shape:  torch.Size([1, 3, 518, 518])[0m
[97m[INFO ] Model Forward Pass Done. Time: 0.04089951515197754 seconds[0m
[97m[INFO ] Conversion to Prediction Done. Time: 0.00035500526428222656 seconds[0m
depth: 763/2000 frame=762
[97m[INFO ] Processed Images Done taking 0.006325244903564453 seconds. Shape:  torch.Size([1, 3, 518, 518])[0m
[97m[INFO ] Model Forward Pass Done. Time: 0.03948044776916504 seconds[0m
[97m[INFO ] Conversion to Prediction Done. Time: 0.0003254413604736328 seconds[0m
depth: 764/2000 frame=763
[97m[INFO ] Processed Images Done taking 0.006774425506591797 seconds. Shape:  torch.Size([1, 3, 518, 518])[0m
[97m[INFO ] Model Forward Pass Done. Time: 0.044301509857177734 seconds[0m
[97m[INFO ] Conversion to Prediction Done. Time: 0.0003266334533691406 seconds[0m
depth: 765/2000 frame=764
[97m[INFO ] Processed Images Done taking 0.0066051483154296875 seconds. Shape:  torch.Size([1, 3, 518, 518])[0m
[97m[INFO ] Model Forward Pass Done. Time: 0.04091835021972656 seconds[0m
[97m[INFO ] Conversion to Prediction Done. Time: 0.0003705024719238281 seconds[0m
depth: 766/2000 frame=765
[97m[INFO ] Processed Images Done taking 0.006146430969238281 seconds. Shape:  torch.Size([1, 3, 518, 518])[0m
[97m[INFO ] Model Forward Pass Done. Time: 0.04050278663635254 seconds[0m
[97m[INFO ] Conversion to Prediction Done. Time: 0.0003292560577392578 seconds[0m
depth: 767/2000 frame=766
[97m[INFO ] Processed Images Done taking 0.006319522857666016 seconds. Shape:  torch.Size([1, 3, 518, 518])[0m
[97m[INFO ] Model Forward Pass Done. Time: 0.04057168960571289 seconds[0m
[97m[INFO ] Conversion to Prediction Done. Time: 0.0003345012664794922 seconds[0m
depth: 768/2000 frame=767
[97m[INFO ] Processed Images Done taking 0.0066301822662353516 seconds. Shape:  torch.Size([1, 3, 518, 518])[0m
[97m[INFO ] Model Forward Pass Done. Time: 0.040291547775268555 seconds[0m
[97m[INFO ] Conversion to Prediction Done. Time: 0.0003674030303955078 seconds[0m
depth: 769/2000 frame=768
[97m[INFO ] Processed Images Done taking 0.006452083587646484 seconds. Shape:  torch.Size([1, 3, 518, 518])[0m
[97m[INFO ] Model Forward Pass Done. Time: 0.0404818058013916 seconds[0m
[97m[INFO ] Conversion to Prediction Done. Time: 0.00032973289489746094 seconds[0m
depth: 770/2000 frame=769
[97m[INFO ] Processed Images Done taking 0.006178855895996094 seconds. Shape:  torch.Size([1, 3, 518, 518])[0m
[97m[INFO ] Model Forward Pass Done. Time: 0.04051065444946289 seconds[0m
[97m[INFO ] Conversion to Prediction Done. Time: 0.00033545494079589844 seconds[0m
depth: 771/2000 frame=770
[97m[INFO ] Processed Images Done taking 0.0061223506927490234 seconds. Shape:  torch.Size([1, 3, 518, 518])[0m
[97m[INFO ] Model Forward Pass Done. Time: 0.03969311714172363 seconds[0m
[97m[INFO ] Conversion to Prediction Done. Time: 0.0003669261932373047 seconds[0m
depth: 772/2000 frame=771
[97m[INFO ] Processed Images Done taking 0.006085395812988281 seconds. Shape:  torch.Size([1, 3, 518, 518])[0m
[97m[INFO ] Model Forward Pass Done. Time: 0.039792776107788086 seconds[0m
[97m[INFO ] Conversion to Prediction Done. Time: 0.0003323554992675781 seconds[0m
depth: 773/2000 frame=772
[97m[INFO ] Processed Images Done taking 0.006517648696899414 seconds. Shape:  torch.Size([1, 3, 518, 518])[0m
[97m[INFO ] Model Forward Pass Done. Time: 0.0438694953918457 seconds[0m
[97m[INFO ] Conversion to Prediction Done. Time: 0.0003294944763183594 seconds[0m
depth: 774/2000 frame=773
[97m[INFO ] Processed Images Done taking 0.006060361862182617 seconds. Shape:  torch.Size([1, 3, 518, 518])[0m
[97m[INFO ] Model Forward Pass Done. Time: 0.04093289375305176 seconds[0m
[97m[INFO ] Conversion to Prediction Done. Time: 0.00035858154296875 seconds[0m
depth: 775/2000 frame=774
[97m[INFO ] Processed Images Done taking 0.005972862243652344 seconds. Shape:  torch.Size([1, 3, 518, 518])[0m
[97m[INFO ] Model Forward Pass Done. Time: 0.0403902530670166 seconds[0m
[97m[INFO ] Conversion to Prediction Done. Time: 0.000339508056640625 seconds[0m
depth: 776/2000 frame=775
[97m[INFO ] Processed Images Done taking 0.006437540054321289 seconds. Shape:  torch.Size([1, 3, 518, 518])[0m
[97m[INFO ] Model Forward Pass Done. Time: 0.04079747200012207 seconds[0m
[97m[INFO ] Conversion to Prediction Done. Time: 0.0003299713134765625 seconds[0m
depth: 777/2000 frame=776
[97m[INFO ] Processed Images Done taking 0.005842924118041992 seconds. Shape:  torch.Size([1, 3, 518, 518])[0m
[97m[INFO ] Model Forward Pass Done. Time: 0.04103970527648926 seconds[0m
[97m[INFO ] Conversion to Prediction Done. Time: 0.00034689903259277344 seconds[0m
depth: 778/2000 frame=777
[97m[INFO ] Processed Images Done taking 0.0062901973724365234 seconds. Shape:  torch.Size([1, 3, 518, 518])[0m
[97m[INFO ] Model Forward Pass Done. Time: 0.04075503349304199 seconds[0m
[97m[INFO ] Conversion to Prediction Done. Time: 0.0003261566162109375 seconds[0m
depth: 779/2000 frame=778
[97m[INFO ] Processed Images Done taking 0.006363868713378906 seconds. Shape:  torch.Size([1, 3, 518, 518])[0m
[97m[INFO ] Model Forward Pass Done. Time: 0.04080390930175781 seconds[0m
[97m[INFO ] Conversion to Prediction Done. Time: 0.00032520294189453125 seconds[0m
depth: 780/2000 frame=779
[97m[INFO ] Processed Images Done taking 0.0060541629791259766 seconds. Shape:  torch.Size([1, 3, 518, 518])[0m
[97m[INFO ] Model Forward Pass Done. Time: 0.04044651985168457 seconds[0m
[97m[INFO ] Conversion to Prediction Done. Time: 0.00036644935607910156 seconds[0m
depth: 781/2000 frame=780
[97m[INFO ] Processed Images Done taking 0.006239891052246094 seconds. Shape:  torch.Size([1, 3, 518, 518])[0m
[97m[INFO ] Model Forward Pass Done. Time: 0.04002976417541504 seconds[0m
[97m[INFO ] Conversion to Prediction Done. Time: 0.0003292560577392578 seconds[0m
depth: 782/2000 frame=781
[97m[INFO ] Processed Images Done taking 0.005728960037231445 seconds. Shape:  torch.Size([1, 3, 518, 518])[0m
[97m[INFO ] Model Forward Pass Done. Time: 0.04026627540588379 seconds[0m
[97m[INFO ] Conversion to Prediction Done. Time: 0.0003631114959716797 seconds[0m
depth: 783/2000 frame=782
[97m[INFO ] Processed Images Done taking 0.006039619445800781 seconds. Shape:  torch.Size([1, 3, 518, 518])[0m
[97m[INFO ] Model Forward Pass Done. Time: 0.037558794021606445 seconds[0m
[97m[INFO ] Conversion to Prediction Done. Time: 0.0003275871276855469 seconds[0m
depth: 784/2000 frame=783
[97m[INFO ] Processed Images Done taking 0.006706714630126953 seconds. Shape:  torch.Size([1, 3, 518, 518])[0m
[97m[INFO ] Model Forward Pass Done. Time: 0.04223299026489258 seconds[0m
[97m[INFO ] Conversion to Prediction Done. Time: 0.0003268718719482422 seconds[0m
depth: 785/2000 frame=784
[97m[INFO ] Processed Images Done taking 0.0059108734130859375 seconds. Shape:  torch.Size([1, 3, 518, 518])[0m
[97m[INFO ] Model Forward Pass Done. Time: 0.040810585021972656 seconds[0m
[97m[INFO ] Conversion to Prediction Done. Time: 0.00036072731018066406 seconds[0m
depth: 786/2000 frame=785
[97m[INFO ] Processed Images Done taking 0.006359100341796875 seconds. Shape:  torch.Size([1, 3, 518, 518])[0m
[97m[INFO ] Model Forward Pass Done. Time: 0.040808677673339844 seconds[0m
[97m[INFO ] Conversion to Prediction Done. Time: 0.00032806396484375 seconds[0m
depth: 787/2000 frame=786
[97m[INFO ] Processed Images Done taking 0.0067369937896728516 seconds. Shape:  torch.Size([1, 3, 518, 518])[0m
[97m[INFO ] Model Forward Pass Done. Time: 0.04173684120178223 seconds[0m
[97m[INFO ] Conversion to Prediction Done. Time: 0.00032711029052734375 seconds[0m
depth: 788/2000 frame=787
[97m[INFO ] Processed Images Done taking 0.005938291549682617 seconds. Shape:  torch.Size([1, 3, 518, 518])[0m
[97m[INFO ] Model Forward Pass Done. Time: 0.04069805145263672 seconds[0m
[97m[INFO ] Conversion to Prediction Done. Time: 0.0003631114959716797 seconds[0m
depth: 789/2000 frame=788
[97m[INFO ] Processed Images Done taking 0.006680727005004883 seconds. Shape:  torch.Size([1, 3, 518, 518])[0m
[97m[INFO ] Model Forward Pass Done. Time: 0.041550397872924805 seconds[0m
[97m[INFO ] Conversion to Prediction Done. Time: 0.00031280517578125 seconds[0m
depth: 790/2000 frame=789
[97m[INFO ] Processed Images Done taking 0.006498813629150391 seconds. Shape:  torch.Size([1, 3, 518, 518])[0m
[97m[INFO ] Model Forward Pass Done. Time: 0.03998064994812012 seconds[0m
[97m[INFO ] Conversion to Prediction Done. Time: 0.000335693359375 seconds[0m
depth: 791/2000 frame=790
[97m[INFO ] Processed Images Done taking 0.00611114501953125 seconds. Shape:  torch.Size([1, 3, 518, 518])[0m
[97m[INFO ] Model Forward Pass Done. Time: 0.042250871658325195 seconds[0m
[97m[INFO ] Conversion to Prediction Done. Time: 0.00035691261291503906 seconds[0m
depth: 792/2000 frame=791
[97m[INFO ] Processed Images Done taking 0.007364988327026367 seconds. Shape:  torch.Size([1, 3, 518, 518])[0m
[97m[INFO ] Model Forward Pass Done. Time: 0.04207634925842285 seconds[0m
[97m[INFO ] Conversion to Prediction Done. Time: 0.0003299713134765625 seconds[0m
depth: 793/2000 frame=792
[97m[INFO ] Processed Images Done taking 0.006353855133056641 seconds. Shape:  torch.Size([1, 3, 518, 518])[0m
[97m[INFO ] Model Forward Pass Done. Time: 0.03986215591430664 seconds[0m
[97m[INFO ] Conversion to Prediction Done. Time: 0.00032973289489746094 seconds[0m
depth: 794/2000 frame=793
[97m[INFO ] Processed Images Done taking 0.006262540817260742 seconds. Shape:  torch.Size([1, 3, 518, 518])[0m
[97m[INFO ] Model Forward Pass Done. Time: 0.040033817291259766 seconds[0m
[97m[INFO ] Conversion to Prediction Done. Time: 0.0003705024719238281 seconds[0m
depth: 795/2000 frame=794
[97m[INFO ] Processed Images Done taking 0.0063855648040771484 seconds. Shape:  torch.Size([1, 3, 518, 518])[0m
[97m[INFO ] Model Forward Pass Done. Time: 0.042203426361083984 seconds[0m
[97m[INFO ] Conversion to Prediction Done. Time: 0.0003330707550048828 seconds[0m
depth: 796/2000 frame=795
[97m[INFO ] Processed Images Done taking 0.006649971008300781 seconds. Shape:  torch.Size([1, 3, 518, 518])[0m
[97m[INFO ] Model Forward Pass Done. Time: 0.04171133041381836 seconds[0m
[97m[INFO ] Conversion to Prediction Done. Time: 0.0003120899200439453 seconds[0m
depth: 797/2000 frame=796
[97m[INFO ] Processed Images Done taking 0.0053522586822509766 seconds. Shape:  torch.Size([1, 3, 518, 518])[0m
[97m[INFO ] Model Forward Pass Done. Time: 0.037696123123168945 seconds[0m
[97m[INFO ] Conversion to Prediction Done. Time: 0.0003554821014404297 seconds[0m
depth: 798/2000 frame=797
[97m[INFO ] Processed Images Done taking 0.005955696105957031 seconds. Shape:  torch.Size([1, 3, 518, 518])[0m
[97m[INFO ] Model Forward Pass Done. Time: 0.04223203659057617 seconds[0m
[97m[INFO ] Conversion to Prediction Done. Time: 0.0003294944763183594 seconds[0m
depth: 799/2000 frame=798
[97m[INFO ] Processed Images Done taking 0.006619691848754883 seconds. Shape:  torch.Size([1, 3, 518, 518])[0m
[97m[INFO ] Model Forward Pass Done. Time: 0.04060673713684082 seconds[0m
[97m[INFO ] Conversion to Prediction Done. Time: 0.0003383159637451172 seconds[0m
depth: 800/2000 frame=799
[97m[INFO ] Processed Images Done taking 0.005469322204589844 seconds. Shape:  torch.Size([1, 3, 518, 518])[0m
[97m[INFO ] Model Forward Pass Done. Time: 0.04042983055114746 seconds[0m
[97m[INFO ] Conversion to Prediction Done. Time: 0.00036334991455078125 seconds[0m
depth: 801/2000 frame=800
[97m[INFO ] Processed Images Done taking 0.0064144134521484375 seconds. Shape:  torch.Size([1, 3, 518, 518])[0m
[97m[INFO ] Model Forward Pass Done. Time: 0.04037141799926758 seconds[0m
[97m[INFO ] Conversion to Prediction Done. Time: 0.0003275871276855469 seconds[0m
depth: 802/2000 frame=801
[97m[INFO ] Processed Images Done taking 0.006090641021728516 seconds. Shape:  torch.Size([1, 3, 518, 518])[0m
[97m[INFO ] Model Forward Pass Done. Time: 0.042201995849609375 seconds[0m
[97m[INFO ] Conversion to Prediction Done. Time: 0.0003197193145751953 seconds[0m
depth: 803/2000 frame=802
[97m[INFO ] Processed Images Done taking 0.006311178207397461 seconds. Shape:  torch.Size([1, 3, 518, 518])[0m
[97m[INFO ] Model Forward Pass Done. Time: 0.04061174392700195 seconds[0m
[97m[INFO ] Conversion to Prediction Done. Time: 0.0003268718719482422 seconds[0m
depth: 804/2000 frame=803
[97m[INFO ] Processed Images Done taking 0.005901813507080078 seconds. Shape:  torch.Size([1, 3, 518, 518])[0m
[97m[INFO ] Model Forward Pass Done. Time: 0.04067420959472656 seconds[0m
[97m[INFO ] Conversion to Prediction Done. Time: 0.0003266334533691406 seconds[0m
depth: 805/2000 frame=804
[97m[INFO ] Processed Images Done taking 0.0060575008392333984 seconds. Shape:  torch.Size([1, 3, 518, 518])[0m
[97m[INFO ] Model Forward Pass Done. Time: 0.04086923599243164 seconds[0m
[97m[INFO ] Conversion to Prediction Done. Time: 0.00033092498779296875 seconds[0m
depth: 806/2000 frame=805
[97m[INFO ] Processed Images Done taking 0.0062220096588134766 seconds. Shape:  torch.Size([1, 3, 518, 518])[0m
[97m[INFO ] Model Forward Pass Done. Time: 0.042200326919555664 seconds[0m
[97m[INFO ] Conversion to Prediction Done. Time: 0.00032973289489746094 seconds[0m
depth: 807/2000 frame=806
[97m[INFO ] Processed Images Done taking 0.006725788116455078 seconds. Shape:  torch.Size([1, 3, 518, 518])[0m
[97m[INFO ] Model Forward Pass Done. Time: 0.04189634323120117 seconds[0m
[97m[INFO ] Conversion to Prediction Done. Time: 0.0003266334533691406 seconds[0m
depth: 808/2000 frame=807
[97m[INFO ] Processed Images Done taking 0.005930662155151367 seconds. Shape:  torch.Size([1, 3, 518, 518])[0m
[97m[INFO ] Model Forward Pass Done. Time: 0.04088139533996582 seconds[0m
[97m[INFO ] Conversion to Prediction Done. Time: 0.0003523826599121094 seconds[0m
depth: 809/2000 frame=808
[97m[INFO ] Processed Images Done taking 0.0067386627197265625 seconds. Shape:  torch.Size([1, 3, 518, 518])[0m
[97m[INFO ] Model Forward Pass Done. Time: 0.04035234451293945 seconds[0m
[97m[INFO ] Conversion to Prediction Done. Time: 0.0003077983856201172 seconds[0m
depth: 810/2000 frame=809
[97m[INFO ] Processed Images Done taking 0.0062618255615234375 seconds. Shape:  torch.Size([1, 3, 518, 518])[0m
[97m[INFO ] Model Forward Pass Done. Time: 0.040734291076660156 seconds[0m
[97m[INFO ] Conversion to Prediction Done. Time: 0.0003743171691894531 seconds[0m
depth: 811/2000 frame=810
[97m[INFO ] Processed Images Done taking 0.007813453674316406 seconds. Shape:  torch.Size([1, 3, 518, 518])[0m
[97m[INFO ] Model Forward Pass Done. Time: 0.04102182388305664 seconds[0m
[97m[INFO ] Conversion to Prediction Done. Time: 0.00033664703369140625 seconds[0m
depth: 812/2000 frame=811
[97m[INFO ] Processed Images Done taking 0.0067174434661865234 seconds. Shape:  torch.Size([1, 3, 518, 518])[0m
[97m[INFO ] Model Forward Pass Done. Time: 0.0420374870300293 seconds[0m
[97m[INFO ] Conversion to Prediction Done. Time: 0.00034737586975097656 seconds[0m
depth: 813/2000 frame=812
[97m[INFO ] Processed Images Done taking 0.006461381912231445 seconds. Shape:  torch.Size([1, 3, 518, 518])[0m
[97m[INFO ] Model Forward Pass Done. Time: 0.04152965545654297 seconds[0m
[97m[INFO ] Conversion to Prediction Done. Time: 0.0003230571746826172 seconds[0m
depth: 814/2000 frame=813
[97m[INFO ] Processed Images Done taking 0.007155895233154297 seconds. Shape:  torch.Size([1, 3, 518, 518])[0m
[97m[INFO ] Model Forward Pass Done. Time: 0.04134011268615723 seconds[0m
[97m[INFO ] Conversion to Prediction Done. Time: 0.00032782554626464844 seconds[0m
depth: 815/2000 frame=814
[97m[INFO ] Processed Images Done taking 0.006065845489501953 seconds. Shape:  torch.Size([1, 3, 518, 518])[0m
[97m[INFO ] Model Forward Pass Done. Time: 0.04060506820678711 seconds[0m
[97m[INFO ] Conversion to Prediction Done. Time: 0.00035834312438964844 seconds[0m
depth: 816/2000 frame=815
[97m[INFO ] Processed Images Done taking 0.005987882614135742 seconds. Shape:  torch.Size([1, 3, 518, 518])[0m
[97m[INFO ] Model Forward Pass Done. Time: 0.040528297424316406 seconds[0m
[97m[INFO ] Conversion to Prediction Done. Time: 0.00033855438232421875 seconds[0m
depth: 817/2000 frame=816
[97m[INFO ] Processed Images Done taking 0.006287574768066406 seconds. Shape:  torch.Size([1, 3, 518, 518])[0m
[97m[INFO ] Model Forward Pass Done. Time: 0.040522098541259766 seconds[0m
[97m[INFO ] Conversion to Prediction Done. Time: 0.00035858154296875 seconds[0m
depth: 818/2000 frame=817
[97m[INFO ] Processed Images Done taking 0.006010770797729492 seconds. Shape:  torch.Size([1, 3, 518, 518])[0m
[97m[INFO ] Model Forward Pass Done. Time: 0.040360450744628906 seconds[0m
[97m[INFO ] Conversion to Prediction Done. Time: 0.0003287792205810547 seconds[0m
depth: 819/2000 frame=818
[97m[INFO ] Processed Images Done taking 0.006574392318725586 seconds. Shape:  torch.Size([1, 3, 518, 518])[0m
[97m[INFO ] Model Forward Pass Done. Time: 0.039922475814819336 seconds[0m
[97m[INFO ] Conversion to Prediction Done. Time: 0.00033020973205566406 seconds[0m
depth: 820/2000 frame=819
[97m[INFO ] Processed Images Done taking 0.006257534027099609 seconds. Shape:  torch.Size([1, 3, 518, 518])[0m
[97m[INFO ] Model Forward Pass Done. Time: 0.04216766357421875 seconds[0m
[97m[INFO ] Conversion to Prediction Done. Time: 0.00038743019104003906 seconds[0m
depth: 821/2000 frame=820
[97m[INFO ] Processed Images Done taking 0.006504058837890625 seconds. Shape:  torch.Size([1, 3, 518, 518])[0m
[97m[INFO ] Model Forward Pass Done. Time: 0.04051828384399414 seconds[0m
[97m[INFO ] Conversion to Prediction Done. Time: 0.0003275871276855469 seconds[0m
depth: 822/2000 frame=821
[97m[INFO ] Processed Images Done taking 0.006667375564575195 seconds. Shape:  torch.Size([1, 3, 518, 518])[0m
[97m[INFO ] Model Forward Pass Done. Time: 0.04036855697631836 seconds[0m
[97m[INFO ] Conversion to Prediction Done. Time: 0.0003345012664794922 seconds[0m
depth: 823/2000 frame=822
[97m[INFO ] Processed Images Done taking 0.005651950836181641 seconds. Shape:  torch.Size([1, 3, 518, 518])[0m
[97m[INFO ] Model Forward Pass Done. Time: 0.03773093223571777 seconds[0m
[97m[INFO ] Conversion to Prediction Done. Time: 0.00037479400634765625 seconds[0m
depth: 824/2000 frame=823
[97m[INFO ] Processed Images Done taking 0.00593876838684082 seconds. Shape:  torch.Size([1, 3, 518, 518])[0m
[97m[INFO ] Model Forward Pass Done. Time: 0.04025530815124512 seconds[0m
[97m[INFO ] Conversion to Prediction Done. Time: 0.0003325939178466797 seconds[0m
depth: 825/2000 frame=824
[97m[INFO ] Processed Images Done taking 0.006707668304443359 seconds. Shape:  torch.Size([1, 3, 518, 518])[0m
[97m[INFO ] Model Forward Pass Done. Time: 0.040457725524902344 seconds[0m
[97m[INFO ] Conversion to Prediction Done. Time: 0.00032782554626464844 seconds[0m
depth: 826/2000 frame=825
[97m[INFO ] Processed Images Done taking 0.00618743896484375 seconds. Shape:  torch.Size([1, 3, 518, 518])[0m
[97m[INFO ] Model Forward Pass Done. Time: 0.03951621055603027 seconds[0m
[97m[INFO ] Conversion to Prediction Done. Time: 0.000362396240234375 seconds[0m
depth: 827/2000 frame=826
[97m[INFO ] Processed Images Done taking 0.0063648223876953125 seconds. Shape:  torch.Size([1, 3, 518, 518])[0m
[97m[INFO ] Model Forward Pass Done. Time: 0.04022550582885742 seconds[0m
[97m[INFO ] Conversion to Prediction Done. Time: 0.0003368854522705078 seconds[0m
depth: 828/2000 frame=827
[97m[INFO ] Processed Images Done taking 0.006657838821411133 seconds. Shape:  torch.Size([1, 3, 518, 518])[0m
[97m[INFO ] Model Forward Pass Done. Time: 0.0416712760925293 seconds[0m
[97m[INFO ] Conversion to Prediction Done. Time: 0.00031948089599609375 seconds[0m
depth: 829/2000 frame=828
[97m[INFO ] Processed Images Done taking 0.005959749221801758 seconds. Shape:  torch.Size([1, 3, 518, 518])[0m
[97m[INFO ] Model Forward Pass Done. Time: 0.040781259536743164 seconds[0m
[97m[INFO ] Conversion to Prediction Done. Time: 0.0003597736358642578 seconds[0m
depth: 830/2000 frame=829
[97m[INFO ] Processed Images Done taking 0.005923748016357422 seconds. Shape:  torch.Size([1, 3, 518, 518])[0m
[97m[INFO ] Model Forward Pass Done. Time: 0.037468910217285156 seconds[0m
[97m[INFO ] Conversion to Prediction Done. Time: 0.00033092498779296875 seconds[0m
depth: 831/2000 frame=830
[97m[INFO ] Processed Images Done taking 0.006342411041259766 seconds. Shape:  torch.Size([1, 3, 518, 518])[0m
[97m[INFO ] Model Forward Pass Done. Time: 0.0407562255859375 seconds[0m
[97m[INFO ] Conversion to Prediction Done. Time: 0.0003254413604736328 seconds[0m
depth: 832/2000 frame=831
[97m[INFO ] Processed Images Done taking 0.006215333938598633 seconds. Shape:  torch.Size([1, 3, 518, 518])[0m
[97m[INFO ] Model Forward Pass Done. Time: 0.041994333267211914 seconds[0m
[97m[INFO ] Conversion to Prediction Done. Time: 0.0003561973571777344 seconds[0m
depth: 833/2000 frame=832
[97m[INFO ] Processed Images Done taking 0.00670933723449707 seconds. Shape:  torch.Size([1, 3, 518, 518])[0m
[97m[INFO ] Model Forward Pass Done. Time: 0.04179835319519043 seconds[0m
[97m[INFO ] Conversion to Prediction Done. Time: 0.0003426074981689453 seconds[0m
depth: 834/2000 frame=833
[97m[INFO ] Processed Images Done taking 0.006257534027099609 seconds. Shape:  torch.Size([1, 3, 518, 518])[0m
[97m[INFO ] Model Forward Pass Done. Time: 0.041741371154785156 seconds[0m
[97m[INFO ] Conversion to Prediction Done. Time: 0.0003337860107421875 seconds[0m
depth: 835/2000 frame=834
[97m[INFO ] Processed Images Done taking 0.005967617034912109 seconds. Shape:  torch.Size([1, 3, 518, 518])[0m
[97m[INFO ] Model Forward Pass Done. Time: 0.04135584831237793 seconds[0m
[97m[INFO ] Conversion to Prediction Done. Time: 0.0003561973571777344 seconds[0m
depth: 836/2000 frame=835
[97m[INFO ] Processed Images Done taking 0.005876779556274414 seconds. Shape:  torch.Size([1, 3, 518, 518])[0m
[97m[INFO ] Model Forward Pass Done. Time: 0.04066801071166992 seconds[0m
[97m[INFO ] Conversion to Prediction Done. Time: 0.0003383159637451172 seconds[0m
depth: 837/2000 frame=836
[97m[INFO ] Processed Images Done taking 0.006470441818237305 seconds. Shape:  torch.Size([1, 3, 518, 518])[0m
[97m[INFO ] Model Forward Pass Done. Time: 0.041400909423828125 seconds[0m
[97m[INFO ] Conversion to Prediction Done. Time: 0.0003254413604736328 seconds[0m
depth: 838/2000 frame=837
[97m[INFO ] Processed Images Done taking 0.005930185317993164 seconds. Shape:  torch.Size([1, 3, 518, 518])[0m
[97m[INFO ] Model Forward Pass Done. Time: 0.037564754486083984 seconds[0m
[97m[INFO ] Conversion to Prediction Done. Time: 0.00036263465881347656 seconds[0m
depth: 839/2000 frame=838
[97m[INFO ] Processed Images Done taking 0.006237506866455078 seconds. Shape:  torch.Size([1, 3, 518, 518])[0m
[97m[INFO ] Model Forward Pass Done. Time: 0.04216194152832031 seconds[0m
[97m[INFO ] Conversion to Prediction Done. Time: 0.00032329559326171875 seconds[0m
depth: 840/2000 frame=839
[97m[INFO ] Processed Images Done taking 0.006205320358276367 seconds. Shape:  torch.Size([1, 3, 518, 518])[0m
[97m[INFO ] Model Forward Pass Done. Time: 0.0407710075378418 seconds[0m
[97m[INFO ] Conversion to Prediction Done. Time: 0.00032806396484375 seconds[0m
depth: 841/2000 frame=840
[97m[INFO ] Processed Images Done taking 0.0064852237701416016 seconds. Shape:  torch.Size([1, 3, 518, 518])[0m
[97m[INFO ] Model Forward Pass Done. Time: 0.04144906997680664 seconds[0m
[97m[INFO ] Conversion to Prediction Done. Time: 0.0003485679626464844 seconds[0m
depth: 842/2000 frame=841
[97m[INFO ] Processed Images Done taking 0.0058269500732421875 seconds. Shape:  torch.Size([1, 3, 518, 518])[0m
[97m[INFO ] Model Forward Pass Done. Time: 0.03754830360412598 seconds[0m
[97m[INFO ] Conversion to Prediction Done. Time: 0.0003306865692138672 seconds[0m
depth: 843/2000 frame=842
[97m[INFO ] Processed Images Done taking 0.00577855110168457 seconds. Shape:  torch.Size([1, 3, 518, 518])[0m
[97m[INFO ] Model Forward Pass Done. Time: 0.040787458419799805 seconds[0m
[97m[INFO ] Conversion to Prediction Done. Time: 0.0003268718719482422 seconds[0m
depth: 844/2000 frame=843
[97m[INFO ] Processed Images Done taking 0.00584864616394043 seconds. Shape:  torch.Size([1, 3, 518, 518])[0m
[97m[INFO ] Model Forward Pass Done. Time: 0.04097342491149902 seconds[0m
[97m[INFO ] Conversion to Prediction Done. Time: 0.00033092498779296875 seconds[0m
depth: 845/2000 frame=844
[97m[INFO ] Processed Images Done taking 0.0051991939544677734 seconds. Shape:  torch.Size([1, 3, 518, 518])[0m
[97m[INFO ] Model Forward Pass Done. Time: 0.04107069969177246 seconds[0m
[97m[INFO ] Conversion to Prediction Done. Time: 0.0003466606140136719 seconds[0m
depth: 846/2000 frame=845
[97m[INFO ] Processed Images Done taking 0.0071258544921875 seconds. Shape:  torch.Size([1, 3, 518, 518])[0m
[97m[INFO ] Model Forward Pass Done. Time: 0.04088139533996582 seconds[0m
[97m[INFO ] Conversion to Prediction Done. Time: 0.00031375885009765625 seconds[0m
depth: 847/2000 frame=846
[97m[INFO ] Processed Images Done taking 0.0060062408447265625 seconds. Shape:  torch.Size([1, 3, 518, 518])[0m
[97m[INFO ] Model Forward Pass Done. Time: 0.0406651496887207 seconds[0m
[97m[INFO ] Conversion to Prediction Done. Time: 0.00036263465881347656 seconds[0m
depth: 848/2000 frame=847
[97m[INFO ] Processed Images Done taking 0.0076160430908203125 seconds. Shape:  torch.Size([1, 3, 518, 518])[0m
[97m[INFO ] Model Forward Pass Done. Time: 0.04362773895263672 seconds[0m
[97m[INFO ] Conversion to Prediction Done. Time: 0.00032973289489746094 seconds[0m
depth: 849/2000 frame=848
[97m[INFO ] Processed Images Done taking 0.005988121032714844 seconds. Shape:  torch.Size([1, 3, 518, 518])[0m
[97m[INFO ] Model Forward Pass Done. Time: 0.040706634521484375 seconds[0m
[97m[INFO ] Conversion to Prediction Done. Time: 0.00032711029052734375 seconds[0m
depth: 850/2000 frame=849
[97m[INFO ] Processed Images Done taking 0.005958080291748047 seconds. Shape:  torch.Size([1, 3, 518, 518])[0m
[97m[INFO ] Model Forward Pass Done. Time: 0.040787458419799805 seconds[0m
[97m[INFO ] Conversion to Prediction Done. Time: 0.0003638267517089844 seconds[0m
depth: 851/2000 frame=850
[97m[INFO ] Processed Images Done taking 0.00622105598449707 seconds. Shape:  torch.Size([1, 3, 518, 518])[0m
[97m[INFO ] Model Forward Pass Done. Time: 0.03956747055053711 seconds[0m
[97m[INFO ] Conversion to Prediction Done. Time: 0.0003292560577392578 seconds[0m
depth: 852/2000 frame=851
[97m[INFO ] Processed Images Done taking 0.006895303726196289 seconds. Shape:  torch.Size([1, 3, 518, 518])[0m
[97m[INFO ] Model Forward Pass Done. Time: 0.04454612731933594 seconds[0m
[97m[INFO ] Conversion to Prediction Done. Time: 0.00036597251892089844 seconds[0m
depth: 853/2000 frame=852
[97m[INFO ] Processed Images Done taking 0.0056247711181640625 seconds. Shape:  torch.Size([1, 3, 518, 518])[0m
[97m[INFO ] Model Forward Pass Done. Time: 0.0376582145690918 seconds[0m
[97m[INFO ] Conversion to Prediction Done. Time: 0.00032901763916015625 seconds[0m
depth: 854/2000 frame=853
[97m[INFO ] Processed Images Done taking 0.006255626678466797 seconds. Shape:  torch.Size([1, 3, 518, 518])[0m
[97m[INFO ] Model Forward Pass Done. Time: 0.0418093204498291 seconds[0m
[97m[INFO ] Conversion to Prediction Done. Time: 0.0003299713134765625 seconds[0m
depth: 855/2000 frame=854
[97m[INFO ] Processed Images Done taking 0.00576472282409668 seconds. Shape:  torch.Size([1, 3, 518, 518])[0m
[97m[INFO ] Model Forward Pass Done. Time: 0.04619789123535156 seconds[0m
[97m[INFO ] Conversion to Prediction Done. Time: 0.000347137451171875 seconds[0m
depth: 856/2000 frame=855
[97m[INFO ] Processed Images Done taking 0.0064775943756103516 seconds. Shape:  torch.Size([1, 3, 518, 518])[0m
[97m[INFO ] Model Forward Pass Done. Time: 0.04196333885192871 seconds[0m
[97m[INFO ] Conversion to Prediction Done. Time: 0.00032019615173339844 seconds[0m
depth: 857/2000 frame=856
[97m[INFO ] Processed Images Done taking 0.0064427852630615234 seconds. Shape:  torch.Size([1, 3, 518, 518])[0m
[97m[INFO ] Model Forward Pass Done. Time: 0.04281353950500488 seconds[0m
[97m[INFO ] Conversion to Prediction Done. Time: 0.00033354759216308594 seconds[0m
depth: 858/2000 frame=857
[97m[INFO ] Processed Images Done taking 0.005942821502685547 seconds. Shape:  torch.Size([1, 3, 518, 518])[0m
[97m[INFO ] Model Forward Pass Done. Time: 0.04048418998718262 seconds[0m
[97m[INFO ] Conversion to Prediction Done. Time: 0.00036907196044921875 seconds[0m
depth: 859/2000 frame=858
[97m[INFO ] Processed Images Done taking 0.0061948299407958984 seconds. Shape:  torch.Size([1, 3, 518, 518])[0m
[97m[INFO ] Model Forward Pass Done. Time: 0.04122424125671387 seconds[0m
[97m[INFO ] Conversion to Prediction Done. Time: 0.0003230571746826172 seconds[0m
depth: 860/2000 frame=859
[97m[INFO ] Processed Images Done taking 0.006912708282470703 seconds. Shape:  torch.Size([1, 3, 518, 518])[0m
[97m[INFO ] Model Forward Pass Done. Time: 0.04116249084472656 seconds[0m
[97m[INFO ] Conversion to Prediction Done. Time: 0.0003287792205810547 seconds[0m
depth: 861/2000 frame=860
[97m[INFO ] Processed Images Done taking 0.006326913833618164 seconds. Shape:  torch.Size([1, 3, 518, 518])[0m
[97m[INFO ] Model Forward Pass Done. Time: 0.040238142013549805 seconds[0m
[97m[INFO ] Conversion to Prediction Done. Time: 0.0003597736358642578 seconds[0m
depth: 862/2000 frame=861
[97m[INFO ] Processed Images Done taking 0.005608797073364258 seconds. Shape:  torch.Size([1, 3, 518, 518])[0m
[97m[INFO ] Model Forward Pass Done. Time: 0.04082012176513672 seconds[0m
[97m[INFO ] Conversion to Prediction Done. Time: 0.00033092498779296875 seconds[0m
depth: 863/2000 frame=862
[97m[INFO ] Processed Images Done taking 0.0061109066009521484 seconds. Shape:  torch.Size([1, 3, 518, 518])[0m
[97m[INFO ] Model Forward Pass Done. Time: 0.04050803184509277 seconds[0m
[97m[INFO ] Conversion to Prediction Done. Time: 0.00031065940856933594 seconds[0m
depth: 864/2000 frame=863
[97m[INFO ] Processed Images Done taking 0.006639719009399414 seconds. Shape:  torch.Size([1, 3, 518, 518])[0m
[97m[INFO ] Model Forward Pass Done. Time: 0.04185223579406738 seconds[0m
[97m[INFO ] Conversion to Prediction Done. Time: 0.0003566741943359375 seconds[0m
depth: 865/2000 frame=864
[97m[INFO ] Processed Images Done taking 0.006069660186767578 seconds. Shape:  torch.Size([1, 3, 518, 518])[0m
[97m[INFO ] Model Forward Pass Done. Time: 0.040410757064819336 seconds[0m
[97m[INFO ] Conversion to Prediction Done. Time: 0.0003299713134765625 seconds[0m
depth: 866/2000 frame=865
[97m[INFO ] Processed Images Done taking 0.006165027618408203 seconds. Shape:  torch.Size([1, 3, 518, 518])[0m
[97m[INFO ] Model Forward Pass Done. Time: 0.04098796844482422 seconds[0m
[97m[INFO ] Conversion to Prediction Done. Time: 0.00033092498779296875 seconds[0m
depth: 867/2000 frame=866
[97m[INFO ] Processed Images Done taking 0.0057218074798583984 seconds. Shape:  torch.Size([1, 3, 518, 518])[0m
[97m[INFO ] Model Forward Pass Done. Time: 0.04084610939025879 seconds[0m
[97m[INFO ] Conversion to Prediction Done. Time: 0.0003600120544433594 seconds[0m
depth: 868/2000 frame=867
[97m[INFO ] Processed Images Done taking 0.006415128707885742 seconds. Shape:  torch.Size([1, 3, 518, 518])[0m
[97m[INFO ] Model Forward Pass Done. Time: 0.04572010040283203 seconds[0m
[97m[INFO ] Conversion to Prediction Done. Time: 0.0003314018249511719 seconds[0m
depth: 869/2000 frame=868
[97m[INFO ] Processed Images Done taking 0.006021976470947266 seconds. Shape:  torch.Size([1, 3, 518, 518])[0m
[97m[INFO ] Model Forward Pass Done. Time: 0.040935516357421875 seconds[0m
[97m[INFO ] Conversion to Prediction Done. Time: 0.00034165382385253906 seconds[0m
depth: 870/2000 frame=869
[97m[INFO ] Processed Images Done taking 0.005464792251586914 seconds. Shape:  torch.Size([1, 3, 518, 518])[0m
[97m[INFO ] Model Forward Pass Done. Time: 0.04070854187011719 seconds[0m
[97m[INFO ] Conversion to Prediction Done. Time: 0.00033020973205566406 seconds[0m
depth: 871/2000 frame=870
[97m[INFO ] Processed Images Done taking 0.006724834442138672 seconds. Shape:  torch.Size([1, 3, 518, 518])[0m
[97m[INFO ] Model Forward Pass Done. Time: 0.040114641189575195 seconds[0m
[97m[INFO ] Conversion to Prediction Done. Time: 0.00033164024353027344 seconds[0m
depth: 872/2000 frame=871
[97m[INFO ] Processed Images Done taking 0.006752490997314453 seconds. Shape:  torch.Size([1, 3, 518, 518])[0m
[97m[INFO ] Model Forward Pass Done. Time: 0.0424191951751709 seconds[0m
[97m[INFO ] Conversion to Prediction Done. Time: 0.00035691261291503906 seconds[0m
depth: 873/2000 frame=872
[97m[INFO ] Processed Images Done taking 0.0061566829681396484 seconds. Shape:  torch.Size([1, 3, 518, 518])[0m
[97m[INFO ] Model Forward Pass Done. Time: 0.04421281814575195 seconds[0m
[97m[INFO ] Conversion to Prediction Done. Time: 0.0003304481506347656 seconds[0m
depth: 874/2000 frame=873
[97m[INFO ] Processed Images Done taking 0.006083965301513672 seconds. Shape:  torch.Size([1, 3, 518, 518])[0m
[97m[INFO ] Model Forward Pass Done. Time: 0.04467582702636719 seconds[0m
[97m[INFO ] Conversion to Prediction Done. Time: 0.00034332275390625 seconds[0m
depth: 875/2000 frame=874
[97m[INFO ] Processed Images Done taking 0.0062847137451171875 seconds. Shape:  torch.Size([1, 3, 518, 518])[0m
[97m[INFO ] Model Forward Pass Done. Time: 0.039620399475097656 seconds[0m
[97m[INFO ] Conversion to Prediction Done. Time: 0.00031065940856933594 seconds[0m
depth: 876/2000 frame=875
[97m[INFO ] Processed Images Done taking 0.00666356086730957 seconds. Shape:  torch.Size([1, 3, 518, 518])[0m
[97m[INFO ] Model Forward Pass Done. Time: 0.03954958915710449 seconds[0m
[97m[INFO ] Conversion to Prediction Done. Time: 0.0003323554992675781 seconds[0m
depth: 877/2000 frame=876
[97m[INFO ] Processed Images Done taking 0.006531238555908203 seconds. Shape:  torch.Size([1, 3, 518, 518])[0m
[97m[INFO ] Model Forward Pass Done. Time: 0.0445098876953125 seconds[0m
[97m[INFO ] Conversion to Prediction Done. Time: 0.0003781318664550781 seconds[0m
depth: 878/2000 frame=877
[97m[INFO ] Processed Images Done taking 0.005383968353271484 seconds. Shape:  torch.Size([1, 3, 518, 518])[0m
[97m[INFO ] Model Forward Pass Done. Time: 0.04067373275756836 seconds[0m
[97m[INFO ] Conversion to Prediction Done. Time: 0.000331878662109375 seconds[0m
depth: 879/2000 frame=878
[97m[INFO ] Processed Images Done taking 0.006566762924194336 seconds. Shape:  torch.Size([1, 3, 518, 518])[0m
[97m[INFO ] Model Forward Pass Done. Time: 0.041060447692871094 seconds[0m
[97m[INFO ] Conversion to Prediction Done. Time: 0.0003304481506347656 seconds[0m
depth: 880/2000 frame=879
[97m[INFO ] Processed Images Done taking 0.006423234939575195 seconds. Shape:  torch.Size([1, 3, 518, 518])[0m
[97m[INFO ] Model Forward Pass Done. Time: 0.04101252555847168 seconds[0m
[97m[INFO ] Conversion to Prediction Done. Time: 0.00036144256591796875 seconds[0m
depth: 881/2000 frame=880
[97m[INFO ] Processed Images Done taking 0.006816864013671875 seconds. Shape:  torch.Size([1, 3, 518, 518])[0m
[97m[INFO ] Model Forward Pass Done. Time: 0.03961658477783203 seconds[0m
[97m[INFO ] Conversion to Prediction Done. Time: 0.00032711029052734375 seconds[0m
depth: 882/2000 frame=881
[97m[INFO ] Processed Images Done taking 0.006759166717529297 seconds. Shape:  torch.Size([1, 3, 518, 518])[0m
[97m[INFO ] Model Forward Pass Done. Time: 0.04137134552001953 seconds[0m
[97m[INFO ] Conversion to Prediction Done. Time: 0.0003342628479003906 seconds[0m
depth: 883/2000 frame=882
[97m[INFO ] Processed Images Done taking 0.006516456604003906 seconds. Shape:  torch.Size([1, 3, 518, 518])[0m
[97m[INFO ] Model Forward Pass Done. Time: 0.04102659225463867 seconds[0m
[97m[INFO ] Conversion to Prediction Done. Time: 0.0003597736358642578 seconds[0m
depth: 884/2000 frame=883
[97m[INFO ] Processed Images Done taking 0.005641937255859375 seconds. Shape:  torch.Size([1, 3, 518, 518])[0m
[97m[INFO ] Model Forward Pass Done. Time: 0.04076075553894043 seconds[0m
[97m[INFO ] Conversion to Prediction Done. Time: 0.0003299713134765625 seconds[0m
depth: 885/2000 frame=884
[97m[INFO ] Processed Images Done taking 0.0072062015533447266 seconds. Shape:  torch.Size([1, 3, 518, 518])[0m
[97m[INFO ] Model Forward Pass Done. Time: 0.040703773498535156 seconds[0m
[97m[INFO ] Conversion to Prediction Done. Time: 0.00032520294189453125 seconds[0m
depth: 886/2000 frame=885
[97m[INFO ] Processed Images Done taking 0.006677150726318359 seconds. Shape:  torch.Size([1, 3, 518, 518])[0m
[97m[INFO ] Model Forward Pass Done. Time: 0.0417478084564209 seconds[0m
[97m[INFO ] Conversion to Prediction Done. Time: 0.0003674030303955078 seconds[0m
depth: 887/2000 frame=886
[97m[INFO ] Processed Images Done taking 0.0065784454345703125 seconds. Shape:  torch.Size([1, 3, 518, 518])[0m
[97m[INFO ] Model Forward Pass Done. Time: 0.04433751106262207 seconds[0m
[97m[INFO ] Conversion to Prediction Done. Time: 0.00032401084899902344 seconds[0m
depth: 888/2000 frame=887
[97m[INFO ] Processed Images Done taking 0.005799055099487305 seconds. Shape:  torch.Size([1, 3, 518, 518])[0m
[97m[INFO ] Model Forward Pass Done. Time: 0.04056191444396973 seconds[0m
[97m[INFO ] Conversion to Prediction Done. Time: 0.0003161430358886719 seconds[0m
depth: 889/2000 frame=888
[97m[INFO ] Processed Images Done taking 0.006327629089355469 seconds. Shape:  torch.Size([1, 3, 518, 518])[0m
[97m[INFO ] Model Forward Pass Done. Time: 0.04260730743408203 seconds[0m
[97m[INFO ] Conversion to Prediction Done. Time: 0.0003559589385986328 seconds[0m
depth: 890/2000 frame=889
[97m[INFO ] Processed Images Done taking 0.005975484848022461 seconds. Shape:  torch.Size([1, 3, 518, 518])[0m
[97m[INFO ] Model Forward Pass Done. Time: 0.040735483169555664 seconds[0m
[97m[INFO ] Conversion to Prediction Done. Time: 0.00032830238342285156 seconds[0m
depth: 891/2000 frame=890
[97m[INFO ] Processed Images Done taking 0.006499767303466797 seconds. Shape:  torch.Size([1, 3, 518, 518])[0m
[97m[INFO ] Model Forward Pass Done. Time: 0.04073357582092285 seconds[0m
[97m[INFO ] Conversion to Prediction Done. Time: 0.0003306865692138672 seconds[0m
depth: 892/2000 frame=891
[97m[INFO ] Processed Images Done taking 0.0054318904876708984 seconds. Shape:  torch.Size([1, 3, 518, 518])[0m
[97m[INFO ] Model Forward Pass Done. Time: 0.04210400581359863 seconds[0m
[97m[INFO ] Conversion to Prediction Done. Time: 0.0003609657287597656 seconds[0m
depth: 893/2000 frame=892
[97m[INFO ] Processed Images Done taking 0.0059051513671875 seconds. Shape:  torch.Size([1, 3, 518, 518])[0m
[97m[INFO ] Model Forward Pass Done. Time: 0.04065132141113281 seconds[0m
[97m[INFO ] Conversion to Prediction Done. Time: 0.0003323554992675781 seconds[0m
depth: 894/2000 frame=893
[97m[INFO ] Processed Images Done taking 0.007921934127807617 seconds. Shape:  torch.Size([1, 3, 518, 518])[0m
[97m[INFO ] Model Forward Pass Done. Time: 0.04415154457092285 seconds[0m
[97m[INFO ] Conversion to Prediction Done. Time: 0.00033211708068847656 seconds[0m
depth: 895/2000 frame=894
[97m[INFO ] Processed Images Done taking 0.005990028381347656 seconds. Shape:  torch.Size([1, 3, 518, 518])[0m
[97m[INFO ] Model Forward Pass Done. Time: 0.040900468826293945 seconds[0m
[97m[INFO ] Conversion to Prediction Done. Time: 0.00035190582275390625 seconds[0m
depth: 896/2000 frame=895
[97m[INFO ] Processed Images Done taking 0.005888700485229492 seconds. Shape:  torch.Size([1, 3, 518, 518])[0m
[97m[INFO ] Model Forward Pass Done. Time: 0.04067254066467285 seconds[0m
[97m[INFO ] Conversion to Prediction Done. Time: 0.0003261566162109375 seconds[0m
depth: 897/2000 frame=896
[97m[INFO ] Processed Images Done taking 0.0066471099853515625 seconds. Shape:  torch.Size([1, 3, 518, 518])[0m
[97m[INFO ] Model Forward Pass Done. Time: 0.04083609580993652 seconds[0m
[97m[INFO ] Conversion to Prediction Done. Time: 0.00031280517578125 seconds[0m
depth: 898/2000 frame=897
[97m[INFO ] Processed Images Done taking 0.006079912185668945 seconds. Shape:  torch.Size([1, 3, 518, 518])[0m
[97m[INFO ] Model Forward Pass Done. Time: 0.04098939895629883 seconds[0m
[97m[INFO ] Conversion to Prediction Done. Time: 0.0003685951232910156 seconds[0m
depth: 899/2000 frame=898
[97m[INFO ] Processed Images Done taking 0.006981849670410156 seconds. Shape:  torch.Size([1, 3, 518, 518])[0m
[97m[INFO ] Model Forward Pass Done. Time: 0.04124331474304199 seconds[0m
[97m[INFO ] Conversion to Prediction Done. Time: 0.00031113624572753906 seconds[0m
depth: 900/2000 frame=899
[97m[INFO ] Processed Images Done taking 0.005899667739868164 seconds. Shape:  torch.Size([1, 3, 518, 518])[0m
[97m[INFO ] Model Forward Pass Done. Time: 0.04257559776306152 seconds[0m
[97m[INFO ] Conversion to Prediction Done. Time: 0.00034809112548828125 seconds[0m
depth: 901/2000 frame=900
[97m[INFO ] Processed Images Done taking 0.006135463714599609 seconds. Shape:  torch.Size([1, 3, 518, 518])[0m
[97m[INFO ] Model Forward Pass Done. Time: 0.04226994514465332 seconds[0m
[97m[INFO ] Conversion to Prediction Done. Time: 0.0003273487091064453 seconds[0m
depth: 902/2000 frame=901
[97m[INFO ] Processed Images Done taking 0.006454944610595703 seconds. Shape:  torch.Size([1, 3, 518, 518])[0m
[97m[INFO ] Model Forward Pass Done. Time: 0.042171478271484375 seconds[0m
[97m[INFO ] Conversion to Prediction Done. Time: 0.00030994415283203125 seconds[0m
depth: 903/2000 frame=902
[97m[INFO ] Processed Images Done taking 0.005857944488525391 seconds. Shape:  torch.Size([1, 3, 518, 518])[0m
[97m[INFO ] Model Forward Pass Done. Time: 0.040978193283081055 seconds[0m
[97m[INFO ] Conversion to Prediction Done. Time: 0.0003573894500732422 seconds[0m
depth: 904/2000 frame=903
[97m[INFO ] Processed Images Done taking 0.005959749221801758 seconds. Shape:  torch.Size([1, 3, 518, 518])[0m
[97m[INFO ] Model Forward Pass Done. Time: 0.04054069519042969 seconds[0m
[97m[INFO ] Conversion to Prediction Done. Time: 0.0003275871276855469 seconds[0m
depth: 905/2000 frame=904
[97m[INFO ] Processed Images Done taking 0.005739927291870117 seconds. Shape:  torch.Size([1, 3, 518, 518])[0m
[97m[INFO ] Model Forward Pass Done. Time: 0.041936635971069336 seconds[0m
[97m[INFO ] Conversion to Prediction Done. Time: 0.0003197193145751953 seconds[0m
depth: 906/2000 frame=905
[97m[INFO ] Processed Images Done taking 0.005956411361694336 seconds. Shape:  torch.Size([1, 3, 518, 518])[0m
[97m[INFO ] Model Forward Pass Done. Time: 0.04089069366455078 seconds[0m
[97m[INFO ] Conversion to Prediction Done. Time: 0.00036025047302246094 seconds[0m
depth: 907/2000 frame=906
[97m[INFO ] Processed Images Done taking 0.006465435028076172 seconds. Shape:  torch.Size([1, 3, 518, 518])[0m
[97m[INFO ] Model Forward Pass Done. Time: 0.04075765609741211 seconds[0m
[97m[INFO ] Conversion to Prediction Done. Time: 0.0003116130828857422 seconds[0m
depth: 908/2000 frame=907
[97m[INFO ] Processed Images Done taking 0.006454944610595703 seconds. Shape:  torch.Size([1, 3, 518, 518])[0m
[97m[INFO ] Model Forward Pass Done. Time: 0.04057765007019043 seconds[0m
[97m[INFO ] Conversion to Prediction Done. Time: 0.0003306865692138672 seconds[0m
depth: 909/2000 frame=908
[97m[INFO ] Processed Images Done taking 0.006793975830078125 seconds. Shape:  torch.Size([1, 3, 518, 518])[0m
[97m[INFO ] Model Forward Pass Done. Time: 0.040923357009887695 seconds[0m
[97m[INFO ] Conversion to Prediction Done. Time: 0.00035858154296875 seconds[0m
depth: 910/2000 frame=909
[97m[INFO ] Processed Images Done taking 0.0062830448150634766 seconds. Shape:  torch.Size([1, 3, 518, 518])[0m
[97m[INFO ] Model Forward Pass Done. Time: 0.04077649116516113 seconds[0m
[97m[INFO ] Conversion to Prediction Done. Time: 0.00033283233642578125 seconds[0m
depth: 911/2000 frame=910
[97m[INFO ] Processed Images Done taking 0.0068018436431884766 seconds. Shape:  torch.Size([1, 3, 518, 518])[0m
[97m[INFO ] Model Forward Pass Done. Time: 0.04073667526245117 seconds[0m
[97m[INFO ] Conversion to Prediction Done. Time: 0.00033783912658691406 seconds[0m
depth: 912/2000 frame=911
[97m[INFO ] Processed Images Done taking 0.0056896209716796875 seconds. Shape:  torch.Size([1, 3, 518, 518])[0m
[97m[INFO ] Model Forward Pass Done. Time: 0.04044055938720703 seconds[0m
[97m[INFO ] Conversion to Prediction Done. Time: 0.0003647804260253906 seconds[0m
depth: 913/2000 frame=912
[97m[INFO ] Processed Images Done taking 0.006155967712402344 seconds. Shape:  torch.Size([1, 3, 518, 518])[0m
[97m[INFO ] Model Forward Pass Done. Time: 0.040738821029663086 seconds[0m
[97m[INFO ] Conversion to Prediction Done. Time: 0.0003147125244140625 seconds[0m
depth: 914/2000 frame=913
[97m[INFO ] Processed Images Done taking 0.006281137466430664 seconds. Shape:  torch.Size([1, 3, 518, 518])[0m
[97m[INFO ] Model Forward Pass Done. Time: 0.040648460388183594 seconds[0m
[97m[INFO ] Conversion to Prediction Done. Time: 0.0003402233123779297 seconds[0m
depth: 915/2000 frame=914
[97m[INFO ] Processed Images Done taking 0.007393836975097656 seconds. Shape:  torch.Size([1, 3, 518, 518])[0m
[97m[INFO ] Model Forward Pass Done. Time: 0.04140806198120117 seconds[0m
[97m[INFO ] Conversion to Prediction Done. Time: 0.0003592967987060547 seconds[0m
depth: 916/2000 frame=915
[97m[INFO ] Processed Images Done taking 0.0058977603912353516 seconds. Shape:  torch.Size([1, 3, 518, 518])[0m
[97m[INFO ] Model Forward Pass Done. Time: 0.040184974670410156 seconds[0m
[97m[INFO ] Conversion to Prediction Done. Time: 0.0003311634063720703 seconds[0m
depth: 917/2000 frame=916
[97m[INFO ] Processed Images Done taking 0.006470918655395508 seconds. Shape:  torch.Size([1, 3, 518, 518])[0m
[97m[INFO ] Model Forward Pass Done. Time: 0.037618160247802734 seconds[0m
[97m[INFO ] Conversion to Prediction Done. Time: 0.0003285408020019531 seconds[0m
depth: 918/2000 frame=917
[97m[INFO ] Processed Images Done taking 0.006017923355102539 seconds. Shape:  torch.Size([1, 3, 518, 518])[0m
[97m[INFO ] Model Forward Pass Done. Time: 0.04242300987243652 seconds[0m
[97m[INFO ] Conversion to Prediction Done. Time: 0.0003635883331298828 seconds[0m
depth: 919/2000 frame=918
[97m[INFO ] Processed Images Done taking 0.006172657012939453 seconds. Shape:  torch.Size([1, 3, 518, 518])[0m
[97m[INFO ] Model Forward Pass Done. Time: 0.040734052658081055 seconds[0m
[97m[INFO ] Conversion to Prediction Done. Time: 0.00033354759216308594 seconds[0m
depth: 920/2000 frame=919
[97m[INFO ] Processed Images Done taking 0.006551504135131836 seconds. Shape:  torch.Size([1, 3, 518, 518])[0m
[97m[INFO ] Model Forward Pass Done. Time: 0.04140925407409668 seconds[0m
[97m[INFO ] Conversion to Prediction Done. Time: 0.0003247261047363281 seconds[0m
depth: 921/2000 frame=920
[97m[INFO ] Processed Images Done taking 0.006493806838989258 seconds. Shape:  torch.Size([1, 3, 518, 518])[0m
[97m[INFO ] Model Forward Pass Done. Time: 0.04310441017150879 seconds[0m
[97m[INFO ] Conversion to Prediction Done. Time: 0.00035572052001953125 seconds[0m
depth: 922/2000 frame=921
[97m[INFO ] Processed Images Done taking 0.006350040435791016 seconds. Shape:  torch.Size([1, 3, 518, 518])[0m
[97m[INFO ] Model Forward Pass Done. Time: 0.04025721549987793 seconds[0m
[97m[INFO ] Conversion to Prediction Done. Time: 0.0003256797790527344 seconds[0m
depth: 923/2000 frame=922
[97m[INFO ] Processed Images Done taking 0.006740093231201172 seconds. Shape:  torch.Size([1, 3, 518, 518])[0m
[97m[INFO ] Model Forward Pass Done. Time: 0.04232382774353027 seconds[0m
[97m[INFO ] Conversion to Prediction Done. Time: 0.00031447410583496094 seconds[0m
depth: 924/2000 frame=923
[97m[INFO ] Processed Images Done taking 0.006421566009521484 seconds. Shape:  torch.Size([1, 3, 518, 518])[0m
[97m[INFO ] Model Forward Pass Done. Time: 0.041188716888427734 seconds[0m
[97m[INFO ] Conversion to Prediction Done. Time: 0.0003688335418701172 seconds[0m
depth: 925/2000 frame=924
[97m[INFO ] Processed Images Done taking 0.006457090377807617 seconds. Shape:  torch.Size([1, 3, 518, 518])[0m
[97m[INFO ] Model Forward Pass Done. Time: 0.04107236862182617 seconds[0m
[97m[INFO ] Conversion to Prediction Done. Time: 0.00032258033752441406 seconds[0m
depth: 926/2000 frame=925
[97m[INFO ] Processed Images Done taking 0.006067514419555664 seconds. Shape:  torch.Size([1, 3, 518, 518])[0m
[97m[INFO ] Model Forward Pass Done. Time: 0.042589664459228516 seconds[0m
[97m[INFO ] Conversion to Prediction Done. Time: 0.00035762786865234375 seconds[0m
depth: 927/2000 frame=926
[97m[INFO ] Processed Images Done taking 0.005857706069946289 seconds. Shape:  torch.Size([1, 3, 518, 518])[0m
[97m[INFO ] Model Forward Pass Done. Time: 0.04246950149536133 seconds[0m
[97m[INFO ] Conversion to Prediction Done. Time: 0.0003323554992675781 seconds[0m
depth: 928/2000 frame=927
[97m[INFO ] Processed Images Done taking 0.0065534114837646484 seconds. Shape:  torch.Size([1, 3, 518, 518])[0m
[97m[INFO ] Model Forward Pass Done. Time: 0.04248213768005371 seconds[0m
[97m[INFO ] Conversion to Prediction Done. Time: 0.00033664703369140625 seconds[0m
depth: 929/2000 frame=928
[97m[INFO ] Processed Images Done taking 0.0059163570404052734 seconds. Shape:  torch.Size([1, 3, 518, 518])[0m
[97m[INFO ] Model Forward Pass Done. Time: 0.041161537170410156 seconds[0m
[97m[INFO ] Conversion to Prediction Done. Time: 0.0003561973571777344 seconds[0m
depth: 930/2000 frame=929
[97m[INFO ] Processed Images Done taking 0.005967378616333008 seconds. Shape:  torch.Size([1, 3, 518, 518])[0m
[97m[INFO ] Model Forward Pass Done. Time: 0.04091835021972656 seconds[0m
[97m[INFO ] Conversion to Prediction Done. Time: 0.00033664703369140625 seconds[0m
depth: 931/2000 frame=930
[97m[INFO ] Processed Images Done taking 0.00612640380859375 seconds. Shape:  torch.Size([1, 3, 518, 518])[0m
[97m[INFO ] Model Forward Pass Done. Time: 0.04271245002746582 seconds[0m
[97m[INFO ] Conversion to Prediction Done. Time: 0.00035858154296875 seconds[0m
depth: 932/2000 frame=931
[97m[INFO ] Processed Images Done taking 0.005903720855712891 seconds. Shape:  torch.Size([1, 3, 518, 518])[0m
[97m[INFO ] Model Forward Pass Done. Time: 0.04062914848327637 seconds[0m
[97m[INFO ] Conversion to Prediction Done. Time: 0.0003371238708496094 seconds[0m
depth: 933/2000 frame=932
[97m[INFO ] Processed Images Done taking 0.006193399429321289 seconds. Shape:  torch.Size([1, 3, 518, 518])[0m
[97m[INFO ] Model Forward Pass Done. Time: 0.04458427429199219 seconds[0m
[97m[INFO ] Conversion to Prediction Done. Time: 0.0003230571746826172 seconds[0m
depth: 934/2000 frame=933
[97m[INFO ] Processed Images Done taking 0.006090879440307617 seconds. Shape:  torch.Size([1, 3, 518, 518])[0m
[97m[INFO ] Model Forward Pass Done. Time: 0.04087185859680176 seconds[0m
[97m[INFO ] Conversion to Prediction Done. Time: 0.0003304481506347656 seconds[0m
depth: 935/2000 frame=934
[97m[INFO ] Processed Images Done taking 0.005749940872192383 seconds. Shape:  torch.Size([1, 3, 518, 518])[0m
[97m[INFO ] Model Forward Pass Done. Time: 0.040982723236083984 seconds[0m
[97m[INFO ] Conversion to Prediction Done. Time: 0.00033855438232421875 seconds[0m
depth: 936/2000 frame=935
[97m[INFO ] Processed Images Done taking 0.0060117244720458984 seconds. Shape:  torch.Size([1, 3, 518, 518])[0m
[97m[INFO ] Model Forward Pass Done. Time: 0.04283428192138672 seconds[0m
[97m[INFO ] Conversion to Prediction Done. Time: 0.00032782554626464844 seconds[0m
depth: 937/2000 frame=936
[97m[INFO ] Processed Images Done taking 0.006323337554931641 seconds. Shape:  torch.Size([1, 3, 518, 518])[0m
[97m[INFO ] Model Forward Pass Done. Time: 0.040023088455200195 seconds[0m
[97m[INFO ] Conversion to Prediction Done. Time: 0.0003275871276855469 seconds[0m
depth: 938/2000 frame=937
[97m[INFO ] Processed Images Done taking 0.006117105484008789 seconds. Shape:  torch.Size([1, 3, 518, 518])[0m
[97m[INFO ] Model Forward Pass Done. Time: 0.04116630554199219 seconds[0m
[97m[INFO ] Conversion to Prediction Done. Time: 0.0003294944763183594 seconds[0m
depth: 939/2000 frame=938
[97m[INFO ] Processed Images Done taking 0.005835056304931641 seconds. Shape:  torch.Size([1, 3, 518, 518])[0m
[97m[INFO ] Model Forward Pass Done. Time: 0.04136061668395996 seconds[0m
[97m[INFO ] Conversion to Prediction Done. Time: 0.0003216266632080078 seconds[0m
depth: 940/2000 frame=939
[97m[INFO ] Processed Images Done taking 0.006009101867675781 seconds. Shape:  torch.Size([1, 3, 518, 518])[0m
[97m[INFO ] Model Forward Pass Done. Time: 0.04090237617492676 seconds[0m
[97m[INFO ] Conversion to Prediction Done. Time: 0.0003256797790527344 seconds[0m
depth: 941/2000 frame=940
[97m[INFO ] Processed Images Done taking 0.005946159362792969 seconds. Shape:  torch.Size([1, 3, 518, 518])[0m
[97m[INFO ] Model Forward Pass Done. Time: 0.04054737091064453 seconds[0m
[97m[INFO ] Conversion to Prediction Done. Time: 0.00033020973205566406 seconds[0m
depth: 942/2000 frame=941
[97m[INFO ] Processed Images Done taking 0.00793147087097168 seconds. Shape:  torch.Size([1, 3, 518, 518])[0m
[97m[INFO ] Model Forward Pass Done. Time: 0.04107236862182617 seconds[0m
[97m[INFO ] Conversion to Prediction Done. Time: 0.00032639503479003906 seconds[0m
depth: 943/2000 frame=942
[97m[INFO ] Processed Images Done taking 0.0056836605072021484 seconds. Shape:  torch.Size([1, 3, 518, 518])[0m
[97m[INFO ] Model Forward Pass Done. Time: 0.040856122970581055 seconds[0m
[97m[INFO ] Conversion to Prediction Done. Time: 0.00035834312438964844 seconds[0m
depth: 944/2000 frame=943
[97m[INFO ] Processed Images Done taking 0.00609135627746582 seconds. Shape:  torch.Size([1, 3, 518, 518])[0m
[97m[INFO ] Model Forward Pass Done. Time: 0.04029965400695801 seconds[0m
[97m[INFO ] Conversion to Prediction Done. Time: 0.0003235340118408203 seconds[0m
depth: 945/2000 frame=944
[97m[INFO ] Processed Images Done taking 0.0064983367919921875 seconds. Shape:  torch.Size([1, 3, 518, 518])[0m
[97m[INFO ] Model Forward Pass Done. Time: 0.04252886772155762 seconds[0m
[97m[INFO ] Conversion to Prediction Done. Time: 0.0003247261047363281 seconds[0m
depth: 946/2000 frame=945
[97m[INFO ] Processed Images Done taking 0.0076007843017578125 seconds. Shape:  torch.Size([1, 3, 518, 518])[0m
[97m[INFO ] Model Forward Pass Done. Time: 0.041321754455566406 seconds[0m
[97m[INFO ] Conversion to Prediction Done. Time: 0.0003590583801269531 seconds[0m
depth: 947/2000 frame=946
[97m[INFO ] Processed Images Done taking 0.005985736846923828 seconds. Shape:  torch.Size([1, 3, 518, 518])[0m
[97m[INFO ] Model Forward Pass Done. Time: 0.04088711738586426 seconds[0m
[97m[INFO ] Conversion to Prediction Done. Time: 0.00033092498779296875 seconds[0m
depth: 948/2000 frame=947
[97m[INFO ] Processed Images Done taking 0.0067064762115478516 seconds. Shape:  torch.Size([1, 3, 518, 518])[0m
[97m[INFO ] Model Forward Pass Done. Time: 0.04219174385070801 seconds[0m
[97m[INFO ] Conversion to Prediction Done. Time: 0.0003383159637451172 seconds[0m
depth: 949/2000 frame=948
[97m[INFO ] Processed Images Done taking 0.006362438201904297 seconds. Shape:  torch.Size([1, 3, 518, 518])[0m
[97m[INFO ] Model Forward Pass Done. Time: 0.04259824752807617 seconds[0m
[97m[INFO ] Conversion to Prediction Done. Time: 0.00035262107849121094 seconds[0m
depth: 950/2000 frame=949
[97m[INFO ] Processed Images Done taking 0.006085395812988281 seconds. Shape:  torch.Size([1, 3, 518, 518])[0m
[97m[INFO ] Model Forward Pass Done. Time: 0.04096531867980957 seconds[0m
[97m[INFO ] Conversion to Prediction Done. Time: 0.00034809112548828125 seconds[0m
depth: 951/2000 frame=950
[97m[INFO ] Processed Images Done taking 0.006093025207519531 seconds. Shape:  torch.Size([1, 3, 518, 518])[0m
[97m[INFO ] Model Forward Pass Done. Time: 0.041072845458984375 seconds[0m
[97m[INFO ] Conversion to Prediction Done. Time: 0.0003299713134765625 seconds[0m
depth: 952/2000 frame=951
[97m[INFO ] Processed Images Done taking 0.006159067153930664 seconds. Shape:  torch.Size([1, 3, 518, 518])[0m
[97m[INFO ] Model Forward Pass Done. Time: 0.04118657112121582 seconds[0m
[97m[INFO ] Conversion to Prediction Done. Time: 0.0003712177276611328 seconds[0m
depth: 953/2000 frame=952
[97m[INFO ] Processed Images Done taking 0.006365060806274414 seconds. Shape:  torch.Size([1, 3, 518, 518])[0m
[97m[INFO ] Model Forward Pass Done. Time: 0.03986668586730957 seconds[0m
[97m[INFO ] Conversion to Prediction Done. Time: 0.00033211708068847656 seconds[0m
depth: 954/2000 frame=953
[97m[INFO ] Processed Images Done taking 0.006837368011474609 seconds. Shape:  torch.Size([1, 3, 518, 518])[0m
[97m[INFO ] Model Forward Pass Done. Time: 0.0425870418548584 seconds[0m
[97m[INFO ] Conversion to Prediction Done. Time: 0.00032591819763183594 seconds[0m
depth: 955/2000 frame=954
[97m[INFO ] Processed Images Done taking 0.006049633026123047 seconds. Shape:  torch.Size([1, 3, 518, 518])[0m
[97m[INFO ] Model Forward Pass Done. Time: 0.04226803779602051 seconds[0m
[97m[INFO ] Conversion to Prediction Done. Time: 0.00036454200744628906 seconds[0m
depth: 956/2000 frame=955
[97m[INFO ] Processed Images Done taking 0.006112098693847656 seconds. Shape:  torch.Size([1, 3, 518, 518])[0m
[97m[INFO ] Model Forward Pass Done. Time: 0.0410158634185791 seconds[0m
[97m[INFO ] Conversion to Prediction Done. Time: 0.0003275871276855469 seconds[0m
depth: 957/2000 frame=956
[97m[INFO ] Processed Images Done taking 0.006566047668457031 seconds. Shape:  torch.Size([1, 3, 518, 518])[0m
[97m[INFO ] Model Forward Pass Done. Time: 0.04299044609069824 seconds[0m
[97m[INFO ] Conversion to Prediction Done. Time: 0.00032591819763183594 seconds[0m
depth: 958/2000 frame=957
[97m[INFO ] Processed Images Done taking 0.005950212478637695 seconds. Shape:  torch.Size([1, 3, 518, 518])[0m
[97m[INFO ] Model Forward Pass Done. Time: 0.04106903076171875 seconds[0m
[97m[INFO ] Conversion to Prediction Done. Time: 0.0003726482391357422 seconds[0m
depth: 959/2000 frame=958
[97m[INFO ] Processed Images Done taking 0.005947113037109375 seconds. Shape:  torch.Size([1, 3, 518, 518])[0m
[97m[INFO ] Model Forward Pass Done. Time: 0.04207420349121094 seconds[0m
[97m[INFO ] Conversion to Prediction Done. Time: 0.00032639503479003906 seconds[0m
depth: 960/2000 frame=959
[97m[INFO ] Processed Images Done taking 0.00673365592956543 seconds. Shape:  torch.Size([1, 3, 518, 518])[0m
[97m[INFO ] Model Forward Pass Done. Time: 0.040464162826538086 seconds[0m
[97m[INFO ] Conversion to Prediction Done. Time: 0.0003235340118408203 seconds[0m
depth: 961/2000 frame=960
[97m[INFO ] Processed Images Done taking 0.0059506893157958984 seconds. Shape:  torch.Size([1, 3, 518, 518])[0m
[97m[INFO ] Model Forward Pass Done. Time: 0.04084205627441406 seconds[0m
[97m[INFO ] Conversion to Prediction Done. Time: 0.00035452842712402344 seconds[0m
depth: 962/2000 frame=961
[97m[INFO ] Processed Images Done taking 0.006159305572509766 seconds. Shape:  torch.Size([1, 3, 518, 518])[0m
[97m[INFO ] Model Forward Pass Done. Time: 0.04175376892089844 seconds[0m
[97m[INFO ] Conversion to Prediction Done. Time: 0.0003170967102050781 seconds[0m
depth: 963/2000 frame=962
[97m[INFO ] Processed Images Done taking 0.006387472152709961 seconds. Shape:  torch.Size([1, 3, 518, 518])[0m
[97m[INFO ] Model Forward Pass Done. Time: 0.04063749313354492 seconds[0m
[97m[INFO ] Conversion to Prediction Done. Time: 0.0003142356872558594 seconds[0m
depth: 964/2000 frame=963
[97m[INFO ] Processed Images Done taking 0.0060520172119140625 seconds. Shape:  torch.Size([1, 3, 518, 518])[0m
[97m[INFO ] Model Forward Pass Done. Time: 0.040317535400390625 seconds[0m
[97m[INFO ] Conversion to Prediction Done. Time: 0.0003600120544433594 seconds[0m
depth: 965/2000 frame=964
[97m[INFO ] Processed Images Done taking 0.006012439727783203 seconds. Shape:  torch.Size([1, 3, 518, 518])[0m
[97m[INFO ] Model Forward Pass Done. Time: 0.04255795478820801 seconds[0m
[97m[INFO ] Conversion to Prediction Done. Time: 0.0003268718719482422 seconds[0m
depth: 966/2000 frame=965
[97m[INFO ] Processed Images Done taking 0.006304264068603516 seconds. Shape:  torch.Size([1, 3, 518, 518])[0m
[97m[INFO ] Model Forward Pass Done. Time: 0.040819406509399414 seconds[0m
[97m[INFO ] Conversion to Prediction Done. Time: 0.0003314018249511719 seconds[0m
depth: 967/2000 frame=966
[97m[INFO ] Processed Images Done taking 0.0060443878173828125 seconds. Shape:  torch.Size([1, 3, 518, 518])[0m
[97m[INFO ] Model Forward Pass Done. Time: 0.04116511344909668 seconds[0m
[97m[INFO ] Conversion to Prediction Done. Time: 0.00034236907958984375 seconds[0m
depth: 968/2000 frame=967
[97m[INFO ] Processed Images Done taking 0.0065860748291015625 seconds. Shape:  torch.Size([1, 3, 518, 518])[0m
[97m[INFO ] Model Forward Pass Done. Time: 0.04075741767883301 seconds[0m
[97m[INFO ] Conversion to Prediction Done. Time: 0.0003266334533691406 seconds[0m
depth: 969/2000 frame=968
[97m[INFO ] Processed Images Done taking 0.006462812423706055 seconds. Shape:  torch.Size([1, 3, 518, 518])[0m
[97m[INFO ] Model Forward Pass Done. Time: 0.041594505310058594 seconds[0m
[97m[INFO ] Conversion to Prediction Done. Time: 0.00032329559326171875 seconds[0m
depth: 970/2000 frame=969
[97m[INFO ] Processed Images Done taking 0.005756855010986328 seconds. Shape:  torch.Size([1, 3, 518, 518])[0m
[97m[INFO ] Model Forward Pass Done. Time: 0.042009592056274414 seconds[0m
[97m[INFO ] Conversion to Prediction Done. Time: 0.0003600120544433594 seconds[0m
depth: 971/2000 frame=970
[97m[INFO ] Processed Images Done taking 0.006380319595336914 seconds. Shape:  torch.Size([1, 3, 518, 518])[0m
[97m[INFO ] Model Forward Pass Done. Time: 0.040752410888671875 seconds[0m
[97m[INFO ] Conversion to Prediction Done. Time: 0.0003249645233154297 seconds[0m
depth: 972/2000 frame=971
[97m[INFO ] Processed Images Done taking 0.006139039993286133 seconds. Shape:  torch.Size([1, 3, 518, 518])[0m
[97m[INFO ] Model Forward Pass Done. Time: 0.04071760177612305 seconds[0m
[97m[INFO ] Conversion to Prediction Done. Time: 0.0003237724304199219 seconds[0m
depth: 973/2000 frame=972
[97m[INFO ] Processed Images Done taking 0.005419015884399414 seconds. Shape:  torch.Size([1, 3, 518, 518])[0m
[97m[INFO ] Model Forward Pass Done. Time: 0.040999650955200195 seconds[0m
[97m[INFO ] Conversion to Prediction Done. Time: 0.00035953521728515625 seconds[0m
depth: 974/2000 frame=973
[97m[INFO ] Processed Images Done taking 0.006124973297119141 seconds. Shape:  torch.Size([1, 3, 518, 518])[0m
[97m[INFO ] Model Forward Pass Done. Time: 0.041741132736206055 seconds[0m
[97m[INFO ] Conversion to Prediction Done. Time: 0.0003185272216796875 seconds[0m
depth: 975/2000 frame=974
[97m[INFO ] Processed Images Done taking 0.0065021514892578125 seconds. Shape:  torch.Size([1, 3, 518, 518])[0m
[97m[INFO ] Model Forward Pass Done. Time: 0.04098796844482422 seconds[0m
[97m[INFO ] Conversion to Prediction Done. Time: 0.00032520294189453125 seconds[0m
depth: 976/2000 frame=975
[97m[INFO ] Processed Images Done taking 0.006264209747314453 seconds. Shape:  torch.Size([1, 3, 518, 518])[0m
[97m[INFO ] Model Forward Pass Done. Time: 0.042414188385009766 seconds[0m
[97m[INFO ] Conversion to Prediction Done. Time: 0.0003571510314941406 seconds[0m
depth: 977/2000 frame=976
[97m[INFO ] Processed Images Done taking 0.005800962448120117 seconds. Shape:  torch.Size([1, 3, 518, 518])[0m
[97m[INFO ] Model Forward Pass Done. Time: 0.04224586486816406 seconds[0m
[97m[INFO ] Conversion to Prediction Done. Time: 0.000331878662109375 seconds[0m
depth: 978/2000 frame=977
[97m[INFO ] Processed Images Done taking 0.006451129913330078 seconds. Shape:  torch.Size([1, 3, 518, 518])[0m
[97m[INFO ] Model Forward Pass Done. Time: 0.04278278350830078 seconds[0m
[97m[INFO ] Conversion to Prediction Done. Time: 0.0003330707550048828 seconds[0m
depth: 979/2000 frame=978
[97m[INFO ] Processed Images Done taking 0.0060307979583740234 seconds. Shape:  torch.Size([1, 3, 518, 518])[0m
[97m[INFO ] Model Forward Pass Done. Time: 0.040972232818603516 seconds[0m
[97m[INFO ] Conversion to Prediction Done. Time: 0.0003707408905029297 seconds[0m
depth: 980/2000 frame=979
[97m[INFO ] Processed Images Done taking 0.00618743896484375 seconds. Shape:  torch.Size([1, 3, 518, 518])[0m
[97m[INFO ] Model Forward Pass Done. Time: 0.03984355926513672 seconds[0m
[97m[INFO ] Conversion to Prediction Done. Time: 0.00032639503479003906 seconds[0m
depth: 981/2000 frame=980
[97m[INFO ] Processed Images Done taking 0.00597834587097168 seconds. Shape:  torch.Size([1, 3, 518, 518])[0m
[97m[INFO ] Model Forward Pass Done. Time: 0.042380332946777344 seconds[0m
[97m[INFO ] Conversion to Prediction Done. Time: 0.00035881996154785156 seconds[0m
depth: 982/2000 frame=981
[97m[INFO ] Processed Images Done taking 0.0059356689453125 seconds. Shape:  torch.Size([1, 3, 518, 518])[0m
[97m[INFO ] Model Forward Pass Done. Time: 0.04099440574645996 seconds[0m
[97m[INFO ] Conversion to Prediction Done. Time: 0.0003325939178466797 seconds[0m
depth: 983/2000 frame=982
[97m[INFO ] Processed Images Done taking 0.005748748779296875 seconds. Shape:  torch.Size([1, 3, 518, 518])[0m
[97m[INFO ] Model Forward Pass Done. Time: 0.040842533111572266 seconds[0m
[97m[INFO ] Conversion to Prediction Done. Time: 0.00036454200744628906 seconds[0m
depth: 984/2000 frame=983
[97m[INFO ] Processed Images Done taking 0.006235599517822266 seconds. Shape:  torch.Size([1, 3, 518, 518])[0m
[97m[INFO ] Model Forward Pass Done. Time: 0.04188966751098633 seconds[0m
[97m[INFO ] Conversion to Prediction Done. Time: 0.00031447410583496094 seconds[0m
depth: 985/2000 frame=984
[97m[INFO ] Processed Images Done taking 0.006417512893676758 seconds. Shape:  torch.Size([1, 3, 518, 518])[0m
[97m[INFO ] Model Forward Pass Done. Time: 0.04194021224975586 seconds[0m
[97m[INFO ] Conversion to Prediction Done. Time: 0.00033092498779296875 seconds[0m
depth: 986/2000 frame=985
[97m[INFO ] Processed Images Done taking 0.0059850215911865234 seconds. Shape:  torch.Size([1, 3, 518, 518])[0m
[97m[INFO ] Model Forward Pass Done. Time: 0.04095745086669922 seconds[0m
[97m[INFO ] Conversion to Prediction Done. Time: 0.00036263465881347656 seconds[0m
depth: 987/2000 frame=986
[97m[INFO ] Processed Images Done taking 0.0057713985443115234 seconds. Shape:  torch.Size([1, 3, 518, 518])[0m
[97m[INFO ] Model Forward Pass Done. Time: 0.040595054626464844 seconds[0m
[97m[INFO ] Conversion to Prediction Done. Time: 0.0003254413604736328 seconds[0m
depth: 988/2000 frame=987
[97m[INFO ] Processed Images Done taking 0.006490945816040039 seconds. Shape:  torch.Size([1, 3, 518, 518])[0m
[97m[INFO ] Model Forward Pass Done. Time: 0.04056072235107422 seconds[0m
[97m[INFO ] Conversion to Prediction Done. Time: 0.00033783912658691406 seconds[0m
depth: 989/2000 frame=988
[97m[INFO ] Processed Images Done taking 0.005522966384887695 seconds. Shape:  torch.Size([1, 3, 518, 518])[0m
[97m[INFO ] Model Forward Pass Done. Time: 0.04028820991516113 seconds[0m
[97m[INFO ] Conversion to Prediction Done. Time: 0.0003552436828613281 seconds[0m
depth: 990/2000 frame=989
[97m[INFO ] Processed Images Done taking 0.006028413772583008 seconds. Shape:  torch.Size([1, 3, 518, 518])[0m
[97m[INFO ] Model Forward Pass Done. Time: 0.04230237007141113 seconds[0m
[97m[INFO ] Conversion to Prediction Done. Time: 0.0003345012664794922 seconds[0m
depth: 991/2000 frame=990
[97m[INFO ] Processed Images Done taking 0.0065631866455078125 seconds. Shape:  torch.Size([1, 3, 518, 518])[0m
[97m[INFO ] Model Forward Pass Done. Time: 0.04095458984375 seconds[0m
[97m[INFO ] Conversion to Prediction Done. Time: 0.00032019615173339844 seconds[0m
depth: 992/2000 frame=991
[97m[INFO ] Processed Images Done taking 0.006112337112426758 seconds. Shape:  torch.Size([1, 3, 518, 518])[0m
[97m[INFO ] Model Forward Pass Done. Time: 0.04069209098815918 seconds[0m
[97m[INFO ] Conversion to Prediction Done. Time: 0.00036597251892089844 seconds[0m
depth: 993/2000 frame=992
[97m[INFO ] Processed Images Done taking 0.006098747253417969 seconds. Shape:  torch.Size([1, 3, 518, 518])[0m
[97m[INFO ] Model Forward Pass Done. Time: 0.040880680084228516 seconds[0m
[97m[INFO ] Conversion to Prediction Done. Time: 0.0003256797790527344 seconds[0m
depth: 994/2000 frame=993
[97m[INFO ] Processed Images Done taking 0.007093667984008789 seconds. Shape:  torch.Size([1, 3, 518, 518])[0m
[97m[INFO ] Model Forward Pass Done. Time: 0.044536590576171875 seconds[0m
[97m[INFO ] Conversion to Prediction Done. Time: 0.00031757354736328125 seconds[0m
depth: 995/2000 frame=994
[97m[INFO ] Processed Images Done taking 0.005724906921386719 seconds. Shape:  torch.Size([1, 3, 518, 518])[0m
[97m[INFO ] Model Forward Pass Done. Time: 0.04239845275878906 seconds[0m
[97m[INFO ] Conversion to Prediction Done. Time: 0.0003674030303955078 seconds[0m
depth: 996/2000 frame=995
[97m[INFO ] Processed Images Done taking 0.005929470062255859 seconds. Shape:  torch.Size([1, 3, 518, 518])[0m
[97m[INFO ] Model Forward Pass Done. Time: 0.0377659797668457 seconds[0m
[97m[INFO ] Conversion to Prediction Done. Time: 0.00032830238342285156 seconds[0m
depth: 997/2000 frame=996
[97m[INFO ] Processed Images Done taking 0.006129741668701172 seconds. Shape:  torch.Size([1, 3, 518, 518])[0m
[97m[INFO ] Model Forward Pass Done. Time: 0.04291510581970215 seconds[0m
[97m[INFO ] Conversion to Prediction Done. Time: 0.00032329559326171875 seconds[0m
depth: 998/2000 frame=997
[97m[INFO ] Processed Images Done taking 0.006234407424926758 seconds. Shape:  torch.Size([1, 3, 518, 518])[0m
[97m[INFO ] Model Forward Pass Done. Time: 0.04030299186706543 seconds[0m
[97m[INFO ] Conversion to Prediction Done. Time: 0.00035881996154785156 seconds[0m
depth: 999/2000 frame=998
[97m[INFO ] Processed Images Done taking 0.006882190704345703 seconds. Shape:  torch.Size([1, 3, 518, 518])[0m
[97m[INFO ] Model Forward Pass Done. Time: 0.04409074783325195 seconds[0m
[97m[INFO ] Conversion to Prediction Done. Time: 0.0003135204315185547 seconds[0m
depth: 1000/2000 frame=999
[97m[INFO ] Processed Images Done taking 0.006263017654418945 seconds. Shape:  torch.Size([1, 3, 518, 518])[0m
[97m[INFO ] Model Forward Pass Done. Time: 0.04096174240112305 seconds[0m
[97m[INFO ] Conversion to Prediction Done. Time: 0.0003364086151123047 seconds[0m
depth: 1001/2000 frame=1000
[97m[INFO ] Processed Images Done taking 0.005934238433837891 seconds. Shape:  torch.Size([1, 3, 518, 518])[0m
[97m[INFO ] Model Forward Pass Done. Time: 0.040068626403808594 seconds[0m
[97m[INFO ] Conversion to Prediction Done. Time: 0.0003554821014404297 seconds[0m
depth: 1002/2000 frame=1001
[97m[INFO ] Processed Images Done taking 0.006690025329589844 seconds. Shape:  torch.Size([1, 3, 518, 518])[0m
[97m[INFO ] Model Forward Pass Done. Time: 0.04096102714538574 seconds[0m
[97m[INFO ] Conversion to Prediction Done. Time: 0.0003292560577392578 seconds[0m
depth: 1003/2000 frame=1002
[97m[INFO ] Processed Images Done taking 0.006493568420410156 seconds. Shape:  torch.Size([1, 3, 518, 518])[0m
[97m[INFO ] Model Forward Pass Done. Time: 0.040598154067993164 seconds[0m
[97m[INFO ] Conversion to Prediction Done. Time: 0.0003311634063720703 seconds[0m
depth: 1004/2000 frame=1003
[97m[INFO ] Processed Images Done taking 0.006124973297119141 seconds. Shape:  torch.Size([1, 3, 518, 518])[0m
[97m[INFO ] Model Forward Pass Done. Time: 0.04110264778137207 seconds[0m
[97m[INFO ] Conversion to Prediction Done. Time: 0.0003581047058105469 seconds[0m
depth: 1005/2000 frame=1004
[97m[INFO ] Processed Images Done taking 0.005927562713623047 seconds. Shape:  torch.Size([1, 3, 518, 518])[0m
[97m[INFO ] Model Forward Pass Done. Time: 0.04077577590942383 seconds[0m
[97m[INFO ] Conversion to Prediction Done. Time: 0.00032711029052734375 seconds[0m
depth: 1006/2000 frame=1005
[97m[INFO ] Processed Images Done taking 0.006573677062988281 seconds. Shape:  torch.Size([1, 3, 518, 518])[0m
[97m[INFO ] Model Forward Pass Done. Time: 0.039618492126464844 seconds[0m
[97m[INFO ] Conversion to Prediction Done. Time: 0.0003116130828857422 seconds[0m
depth: 1007/2000 frame=1006
[97m[INFO ] Processed Images Done taking 0.006218433380126953 seconds. Shape:  torch.Size([1, 3, 518, 518])[0m
[97m[INFO ] Model Forward Pass Done. Time: 0.0445246696472168 seconds[0m
[97m[INFO ] Conversion to Prediction Done. Time: 0.0003631114959716797 seconds[0m
depth: 1008/2000 frame=1007
[97m[INFO ] Processed Images Done taking 0.006111860275268555 seconds. Shape:  torch.Size([1, 3, 518, 518])[0m
[97m[INFO ] Model Forward Pass Done. Time: 0.04095149040222168 seconds[0m
[97m[INFO ] Conversion to Prediction Done. Time: 0.0003399848937988281 seconds[0m
depth: 1009/2000 frame=1008
[97m[INFO ] Processed Images Done taking 0.006636142730712891 seconds. Shape:  torch.Size([1, 3, 518, 518])[0m
[97m[INFO ] Model Forward Pass Done. Time: 0.041192054748535156 seconds[0m
[97m[INFO ] Conversion to Prediction Done. Time: 0.0003314018249511719 seconds[0m
depth: 1010/2000 frame=1009
[97m[INFO ] Processed Images Done taking 0.006131410598754883 seconds. Shape:  torch.Size([1, 3, 518, 518])[0m
[97m[INFO ] Model Forward Pass Done. Time: 0.04463052749633789 seconds[0m
[97m[INFO ] Conversion to Prediction Done. Time: 0.0003707408905029297 seconds[0m
depth: 1011/2000 frame=1010
[97m[INFO ] Processed Images Done taking 0.005847930908203125 seconds. Shape:  torch.Size([1, 3, 518, 518])[0m
[97m[INFO ] Model Forward Pass Done. Time: 0.040625810623168945 seconds[0m
[97m[INFO ] Conversion to Prediction Done. Time: 0.0003337860107421875 seconds[0m
depth: 1012/2000 frame=1011
[97m[INFO ] Processed Images Done taking 0.006557941436767578 seconds. Shape:  torch.Size([1, 3, 518, 518])[0m
[97m[INFO ] Model Forward Pass Done. Time: 0.04263424873352051 seconds[0m
[97m[INFO ] Conversion to Prediction Done. Time: 0.0003304481506347656 seconds[0m
depth: 1013/2000 frame=1012
[97m[INFO ] Processed Images Done taking 0.00587153434753418 seconds. Shape:  torch.Size([1, 3, 518, 518])[0m
[97m[INFO ] Model Forward Pass Done. Time: 0.040863037109375 seconds[0m
[97m[INFO ] Conversion to Prediction Done. Time: 0.00034999847412109375 seconds[0m
depth: 1014/2000 frame=1013
[97m[INFO ] Processed Images Done taking 0.006357908248901367 seconds. Shape:  torch.Size([1, 3, 518, 518])[0m
[97m[INFO ] Model Forward Pass Done. Time: 0.042283058166503906 seconds[0m
[97m[INFO ] Conversion to Prediction Done. Time: 0.0003361701965332031 seconds[0m
depth: 1015/2000 frame=1014
[97m[INFO ] Processed Images Done taking 0.006098747253417969 seconds. Shape:  torch.Size([1, 3, 518, 518])[0m
[97m[INFO ] Model Forward Pass Done. Time: 0.04104924201965332 seconds[0m
[97m[INFO ] Conversion to Prediction Done. Time: 0.00032973289489746094 seconds[0m
depth: 1016/2000 frame=1015
[97m[INFO ] Processed Images Done taking 0.006406068801879883 seconds. Shape:  torch.Size([1, 3, 518, 518])[0m
[97m[INFO ] Model Forward Pass Done. Time: 0.04205608367919922 seconds[0m
[97m[INFO ] Conversion to Prediction Done. Time: 0.0003669261932373047 seconds[0m
depth: 1017/2000 frame=1016
[97m[INFO ] Processed Images Done taking 0.005798816680908203 seconds. Shape:  torch.Size([1, 3, 518, 518])[0m
[97m[INFO ] Model Forward Pass Done. Time: 0.0426182746887207 seconds[0m
[97m[INFO ] Conversion to Prediction Done. Time: 0.00032901763916015625 seconds[0m
depth: 1018/2000 frame=1017
[97m[INFO ] Processed Images Done taking 0.00650477409362793 seconds. Shape:  torch.Size([1, 3, 518, 518])[0m
[97m[INFO ] Model Forward Pass Done. Time: 0.04099440574645996 seconds[0m
[97m[INFO ] Conversion to Prediction Done. Time: 0.0003364086151123047 seconds[0m
depth: 1019/2000 frame=1018
[97m[INFO ] Processed Images Done taking 0.006285429000854492 seconds. Shape:  torch.Size([1, 3, 518, 518])[0m
[97m[INFO ] Model Forward Pass Done. Time: 0.04232668876647949 seconds[0m
[97m[INFO ] Conversion to Prediction Done. Time: 0.00035858154296875 seconds[0m
depth: 1020/2000 frame=1019
[97m[INFO ] Processed Images Done taking 0.00570988655090332 seconds. Shape:  torch.Size([1, 3, 518, 518])[0m
[97m[INFO ] Model Forward Pass Done. Time: 0.040869951248168945 seconds[0m
[97m[INFO ] Conversion to Prediction Done. Time: 0.0003292560577392578 seconds[0m
depth: 1021/2000 frame=1020
[97m[INFO ] Processed Images Done taking 0.006275653839111328 seconds. Shape:  torch.Size([1, 3, 518, 518])[0m
[97m[INFO ] Model Forward Pass Done. Time: 0.040757179260253906 seconds[0m
[97m[INFO ] Conversion to Prediction Done. Time: 0.0003304481506347656 seconds[0m
depth: 1022/2000 frame=1021
[97m[INFO ] Processed Images Done taking 0.005959749221801758 seconds. Shape:  torch.Size([1, 3, 518, 518])[0m
[97m[INFO ] Model Forward Pass Done. Time: 0.04268026351928711 seconds[0m
[97m[INFO ] Conversion to Prediction Done. Time: 0.00037169456481933594 seconds[0m
depth: 1023/2000 frame=1022
[97m[INFO ] Processed Images Done taking 0.005764961242675781 seconds. Shape:  torch.Size([1, 3, 518, 518])[0m
[97m[INFO ] Model Forward Pass Done. Time: 0.04126286506652832 seconds[0m
[97m[INFO ] Conversion to Prediction Done. Time: 0.00033664703369140625 seconds[0m
depth: 1024/2000 frame=1023
[97m[INFO ] Processed Images Done taking 0.006321430206298828 seconds. Shape:  torch.Size([1, 3, 518, 518])[0m
[97m[INFO ] Model Forward Pass Done. Time: 0.04261136054992676 seconds[0m
[97m[INFO ] Conversion to Prediction Done. Time: 0.0003490447998046875 seconds[0m
depth: 1025/2000 frame=1024
[97m[INFO ] Processed Images Done taking 0.006352424621582031 seconds. Shape:  torch.Size([1, 3, 518, 518])[0m
[97m[INFO ] Model Forward Pass Done. Time: 0.0421910285949707 seconds[0m
[97m[INFO ] Conversion to Prediction Done. Time: 0.00036263465881347656 seconds[0m
depth: 1026/2000 frame=1025
[97m[INFO ] Processed Images Done taking 0.006560564041137695 seconds. Shape:  torch.Size([1, 3, 518, 518])[0m
[97m[INFO ] Model Forward Pass Done. Time: 0.04183506965637207 seconds[0m
[97m[INFO ] Conversion to Prediction Done. Time: 0.0003256797790527344 seconds[0m
depth: 1027/2000 frame=1026
[97m[INFO ] Processed Images Done taking 0.006448030471801758 seconds. Shape:  torch.Size([1, 3, 518, 518])[0m
[97m[INFO ] Model Forward Pass Done. Time: 0.04009079933166504 seconds[0m
[97m[INFO ] Conversion to Prediction Done. Time: 0.00032782554626464844 seconds[0m
depth: 1028/2000 frame=1027
[97m[INFO ] Processed Images Done taking 0.00601506233215332 seconds. Shape:  torch.Size([1, 3, 518, 518])[0m
[97m[INFO ] Model Forward Pass Done. Time: 0.04248476028442383 seconds[0m
[97m[INFO ] Conversion to Prediction Done. Time: 0.0003662109375 seconds[0m
depth: 1029/2000 frame=1028
[97m[INFO ] Processed Images Done taking 0.006479024887084961 seconds. Shape:  torch.Size([1, 3, 518, 518])[0m
[97m[INFO ] Model Forward Pass Done. Time: 0.04122352600097656 seconds[0m
[97m[INFO ] Conversion to Prediction Done. Time: 0.0003299713134765625 seconds[0m
depth: 1030/2000 frame=1029
[97m[INFO ] Processed Images Done taking 0.0058901309967041016 seconds. Shape:  torch.Size([1, 3, 518, 518])[0m
[97m[INFO ] Model Forward Pass Done. Time: 0.041109561920166016 seconds[0m
[97m[INFO ] Conversion to Prediction Done. Time: 0.0003147125244140625 seconds[0m
depth: 1031/2000 frame=1030
[97m[INFO ] Processed Images Done taking 0.006870269775390625 seconds. Shape:  torch.Size([1, 3, 518, 518])[0m
[97m[INFO ] Model Forward Pass Done. Time: 0.042220115661621094 seconds[0m
[97m[INFO ] Conversion to Prediction Done. Time: 0.0003552436828613281 seconds[0m
depth: 1032/2000 frame=1031
[97m[INFO ] Processed Images Done taking 0.0068509578704833984 seconds. Shape:  torch.Size([1, 3, 518, 518])[0m
[97m[INFO ] Model Forward Pass Done. Time: 0.04039454460144043 seconds[0m
[97m[INFO ] Conversion to Prediction Done. Time: 0.0003345012664794922 seconds[0m
depth: 1033/2000 frame=1032
[97m[INFO ] Processed Images Done taking 0.007191658020019531 seconds. Shape:  torch.Size([1, 3, 518, 518])[0m
[97m[INFO ] Model Forward Pass Done. Time: 0.042357444763183594 seconds[0m
[97m[INFO ] Conversion to Prediction Done. Time: 0.0003314018249511719 seconds[0m
depth: 1034/2000 frame=1033
[97m[INFO ] Processed Images Done taking 0.005789279937744141 seconds. Shape:  torch.Size([1, 3, 518, 518])[0m
[97m[INFO ] Model Forward Pass Done. Time: 0.040689945220947266 seconds[0m
[97m[INFO ] Conversion to Prediction Done. Time: 0.00036406517028808594 seconds[0m
depth: 1035/2000 frame=1034
[97m[INFO ] Processed Images Done taking 0.0065267086029052734 seconds. Shape:  torch.Size([1, 3, 518, 518])[0m
[97m[INFO ] Model Forward Pass Done. Time: 0.04248642921447754 seconds[0m
[97m[INFO ] Conversion to Prediction Done. Time: 0.00030922889709472656 seconds[0m
depth: 1036/2000 frame=1035
[97m[INFO ] Processed Images Done taking 0.0059967041015625 seconds. Shape:  torch.Size([1, 3, 518, 518])[0m
[97m[INFO ] Model Forward Pass Done. Time: 0.04080915451049805 seconds[0m
[97m[INFO ] Conversion to Prediction Done. Time: 0.0003256797790527344 seconds[0m
depth: 1037/2000 frame=1036
[97m[INFO ] Processed Images Done taking 0.0063436031341552734 seconds. Shape:  torch.Size([1, 3, 518, 518])[0m
[97m[INFO ] Model Forward Pass Done. Time: 0.0407710075378418 seconds[0m
[97m[INFO ] Conversion to Prediction Done. Time: 0.0003590583801269531 seconds[0m
depth: 1038/2000 frame=1037
[97m[INFO ] Processed Images Done taking 0.00625157356262207 seconds. Shape:  torch.Size([1, 3, 518, 518])[0m
[97m[INFO ] Model Forward Pass Done. Time: 0.04194211959838867 seconds[0m
[97m[INFO ] Conversion to Prediction Done. Time: 0.0003261566162109375 seconds[0m
depth: 1039/2000 frame=1038
[97m[INFO ] Processed Images Done taking 0.006497859954833984 seconds. Shape:  torch.Size([1, 3, 518, 518])[0m
[97m[INFO ] Model Forward Pass Done. Time: 0.040184736251831055 seconds[0m
[97m[INFO ] Conversion to Prediction Done. Time: 0.0003287792205810547 seconds[0m
depth: 1040/2000 frame=1039
[97m[INFO ] Processed Images Done taking 0.005869150161743164 seconds. Shape:  torch.Size([1, 3, 518, 518])[0m
[97m[INFO ] Model Forward Pass Done. Time: 0.04241609573364258 seconds[0m
[97m[INFO ] Conversion to Prediction Done. Time: 0.0003592967987060547 seconds[0m
depth: 1041/2000 frame=1040
[97m[INFO ] Processed Images Done taking 0.006242275238037109 seconds. Shape:  torch.Size([1, 3, 518, 518])[0m
[97m[INFO ] Model Forward Pass Done. Time: 0.04107475280761719 seconds[0m
[97m[INFO ] Conversion to Prediction Done. Time: 0.00033402442932128906 seconds[0m
depth: 1042/2000 frame=1041
[97m[INFO ] Processed Images Done taking 0.006548881530761719 seconds. Shape:  torch.Size([1, 3, 518, 518])[0m
[97m[INFO ] Model Forward Pass Done. Time: 0.04094123840332031 seconds[0m
[97m[INFO ] Conversion to Prediction Done. Time: 0.0003249645233154297 seconds[0m
depth: 1043/2000 frame=1042
[97m[INFO ] Processed Images Done taking 0.006010293960571289 seconds. Shape:  torch.Size([1, 3, 518, 518])[0m
[97m[INFO ] Model Forward Pass Done. Time: 0.040956974029541016 seconds[0m
[97m[INFO ] Conversion to Prediction Done. Time: 0.0003597736358642578 seconds[0m
depth: 1044/2000 frame=1043
[97m[INFO ] Processed Images Done taking 0.006269931793212891 seconds. Shape:  torch.Size([1, 3, 518, 518])[0m
[97m[INFO ] Model Forward Pass Done. Time: 0.04099583625793457 seconds[0m
[97m[INFO ] Conversion to Prediction Done. Time: 0.00033283233642578125 seconds[0m
depth: 1045/2000 frame=1044
[97m[INFO ] Processed Images Done taking 0.007116794586181641 seconds. Shape:  torch.Size([1, 3, 518, 518])[0m
[97m[INFO ] Model Forward Pass Done. Time: 0.04165768623352051 seconds[0m
[97m[INFO ] Conversion to Prediction Done. Time: 0.0003304481506347656 seconds[0m
depth: 1046/2000 frame=1045
[97m[INFO ] Processed Images Done taking 0.006388425827026367 seconds. Shape:  torch.Size([1, 3, 518, 518])[0m
[97m[INFO ] Model Forward Pass Done. Time: 0.04205822944641113 seconds[0m
[97m[INFO ] Conversion to Prediction Done. Time: 0.0003612041473388672 seconds[0m
depth: 1047/2000 frame=1046
[97m[INFO ] Processed Images Done taking 0.006514549255371094 seconds. Shape:  torch.Size([1, 3, 518, 518])[0m
[97m[INFO ] Model Forward Pass Done. Time: 0.04128313064575195 seconds[0m
[97m[INFO ] Conversion to Prediction Done. Time: 0.0003123283386230469 seconds[0m
depth: 1048/2000 frame=1047
[97m[INFO ] Processed Images Done taking 0.0063762664794921875 seconds. Shape:  torch.Size([1, 3, 518, 518])[0m
[97m[INFO ] Model Forward Pass Done. Time: 0.04100489616394043 seconds[0m
[97m[INFO ] Conversion to Prediction Done. Time: 0.0003402233123779297 seconds[0m
depth: 1049/2000 frame=1048
[97m[INFO ] Processed Images Done taking 0.0063970088958740234 seconds. Shape:  torch.Size([1, 3, 518, 518])[0m
[97m[INFO ] Model Forward Pass Done. Time: 0.039818763732910156 seconds[0m
[97m[INFO ] Conversion to Prediction Done. Time: 0.0003566741943359375 seconds[0m
depth: 1050/2000 frame=1049
[97m[INFO ] Processed Images Done taking 0.005956411361694336 seconds. Shape:  torch.Size([1, 3, 518, 518])[0m
[97m[INFO ] Model Forward Pass Done. Time: 0.042154788970947266 seconds[0m
[97m[INFO ] Conversion to Prediction Done. Time: 0.0003311634063720703 seconds[0m
depth: 1051/2000 frame=1050
[97m[INFO ] Processed Images Done taking 0.00654149055480957 seconds. Shape:  torch.Size([1, 3, 518, 518])[0m
[97m[INFO ] Model Forward Pass Done. Time: 0.04100441932678223 seconds[0m
[97m[INFO ] Conversion to Prediction Done. Time: 0.0003228187561035156 seconds[0m
depth: 1052/2000 frame=1051
[97m[INFO ] Processed Images Done taking 0.005972623825073242 seconds. Shape:  torch.Size([1, 3, 518, 518])[0m
[97m[INFO ] Model Forward Pass Done. Time: 0.04098176956176758 seconds[0m
[97m[INFO ] Conversion to Prediction Done. Time: 0.0003693103790283203 seconds[0m
depth: 1053/2000 frame=1052
[97m[INFO ] Processed Images Done taking 0.00574493408203125 seconds. Shape:  torch.Size([1, 3, 518, 518])[0m
[97m[INFO ] Model Forward Pass Done. Time: 0.04123258590698242 seconds[0m
[97m[INFO ] Conversion to Prediction Done. Time: 0.0003294944763183594 seconds[0m
depth: 1054/2000 frame=1053
[97m[INFO ] Processed Images Done taking 0.006532907485961914 seconds. Shape:  torch.Size([1, 3, 518, 518])[0m
[97m[INFO ] Model Forward Pass Done. Time: 0.04095292091369629 seconds[0m
[97m[INFO ] Conversion to Prediction Done. Time: 0.0003325939178466797 seconds[0m
depth: 1055/2000 frame=1054
[97m[INFO ] Processed Images Done taking 0.006033658981323242 seconds. Shape:  torch.Size([1, 3, 518, 518])[0m
[97m[INFO ] Model Forward Pass Done. Time: 0.042784929275512695 seconds[0m
[97m[INFO ] Conversion to Prediction Done. Time: 0.0003612041473388672 seconds[0m
depth: 1056/2000 frame=1055
[97m[INFO ] Processed Images Done taking 0.005800008773803711 seconds. Shape:  torch.Size([1, 3, 518, 518])[0m
[97m[INFO ] Model Forward Pass Done. Time: 0.04068422317504883 seconds[0m
[97m[INFO ] Conversion to Prediction Done. Time: 0.00033283233642578125 seconds[0m
depth: 1057/2000 frame=1056
[97m[INFO ] Processed Images Done taking 0.006453990936279297 seconds. Shape:  torch.Size([1, 3, 518, 518])[0m
[97m[INFO ] Model Forward Pass Done. Time: 0.04419207572937012 seconds[0m
[97m[INFO ] Conversion to Prediction Done. Time: 0.00032901763916015625 seconds[0m
depth: 1058/2000 frame=1057
[97m[INFO ] Processed Images Done taking 0.005765438079833984 seconds. Shape:  torch.Size([1, 3, 518, 518])[0m
[97m[INFO ] Model Forward Pass Done. Time: 0.04102778434753418 seconds[0m
[97m[INFO ] Conversion to Prediction Done. Time: 0.0003669261932373047 seconds[0m
depth: 1059/2000 frame=1058
[97m[INFO ] Processed Images Done taking 0.005080223083496094 seconds. Shape:  torch.Size([1, 3, 518, 518])[0m
[97m[INFO ] Model Forward Pass Done. Time: 0.04070639610290527 seconds[0m
[97m[INFO ] Conversion to Prediction Done. Time: 0.00033402442932128906 seconds[0m
depth: 1060/2000 frame=1059
[97m[INFO ] Processed Images Done taking 0.006132602691650391 seconds. Shape:  torch.Size([1, 3, 518, 518])[0m
[97m[INFO ] Model Forward Pass Done. Time: 0.041130781173706055 seconds[0m
[97m[INFO ] Conversion to Prediction Done. Time: 0.00037097930908203125 seconds[0m
depth: 1061/2000 frame=1060
[97m[INFO ] Processed Images Done taking 0.0061473846435546875 seconds. Shape:  torch.Size([1, 3, 518, 518])[0m
[97m[INFO ] Model Forward Pass Done. Time: 0.040760040283203125 seconds[0m
[97m[INFO ] Conversion to Prediction Done. Time: 0.0003304481506347656 seconds[0m
depth: 1062/2000 frame=1061
[97m[INFO ] Processed Images Done taking 0.0060749053955078125 seconds. Shape:  torch.Size([1, 3, 518, 518])[0m
[97m[INFO ] Model Forward Pass Done. Time: 0.04222989082336426 seconds[0m
[97m[INFO ] Conversion to Prediction Done. Time: 0.0003287792205810547 seconds[0m
depth: 1063/2000 frame=1062
[97m[INFO ] Processed Images Done taking 0.006005525588989258 seconds. Shape:  torch.Size([1, 3, 518, 518])[0m
[97m[INFO ] Model Forward Pass Done. Time: 0.04600119590759277 seconds[0m
[97m[INFO ] Conversion to Prediction Done. Time: 0.0003418922424316406 seconds[0m
depth: 1064/2000 frame=1063
[97m[INFO ] Processed Images Done taking 0.005718708038330078 seconds. Shape:  torch.Size([1, 3, 518, 518])[0m
[97m[INFO ] Model Forward Pass Done. Time: 0.04204702377319336 seconds[0m
[97m[INFO ] Conversion to Prediction Done. Time: 0.00031185150146484375 seconds[0m
depth: 1065/2000 frame=1064
[97m[INFO ] Processed Images Done taking 0.006142377853393555 seconds. Shape:  torch.Size([1, 3, 518, 518])[0m
[97m[INFO ] Model Forward Pass Done. Time: 0.04056906700134277 seconds[0m
[97m[INFO ] Conversion to Prediction Done. Time: 0.00030922889709472656 seconds[0m
depth: 1066/2000 frame=1065
[97m[INFO ] Processed Images Done taking 0.005979776382446289 seconds. Shape:  torch.Size([1, 3, 518, 518])[0m
[97m[INFO ] Model Forward Pass Done. Time: 0.0406947135925293 seconds[0m
[97m[INFO ] Conversion to Prediction Done. Time: 0.0003514289855957031 seconds[0m
depth: 1067/2000 frame=1066
[97m[INFO ] Processed Images Done taking 0.005943775177001953 seconds. Shape:  torch.Size([1, 3, 518, 518])[0m
[97m[INFO ] Model Forward Pass Done. Time: 0.03985095024108887 seconds[0m
[97m[INFO ] Conversion to Prediction Done. Time: 0.00032711029052734375 seconds[0m
depth: 1068/2000 frame=1067
[97m[INFO ] Processed Images Done taking 0.005976676940917969 seconds. Shape:  torch.Size([1, 3, 518, 518])[0m
[97m[INFO ] Model Forward Pass Done. Time: 0.042412519454956055 seconds[0m
[97m[INFO ] Conversion to Prediction Done. Time: 0.00034809112548828125 seconds[0m
depth: 1069/2000 frame=1068
[97m[INFO ] Processed Images Done taking 0.006479501724243164 seconds. Shape:  torch.Size([1, 3, 518, 518])[0m
[97m[INFO ] Model Forward Pass Done. Time: 0.041756629943847656 seconds[0m
[97m[INFO ] Conversion to Prediction Done. Time: 0.0003275871276855469 seconds[0m
depth: 1070/2000 frame=1069
[97m[INFO ] Processed Images Done taking 0.007077217102050781 seconds. Shape:  torch.Size([1, 3, 518, 518])[0m
[97m[INFO ] Model Forward Pass Done. Time: 0.04058194160461426 seconds[0m
[97m[INFO ] Conversion to Prediction Done. Time: 0.00033020973205566406 seconds[0m
depth: 1071/2000 frame=1070
[97m[INFO ] Processed Images Done taking 0.0061299800872802734 seconds. Shape:  torch.Size([1, 3, 518, 518])[0m
[97m[INFO ] Model Forward Pass Done. Time: 0.04184556007385254 seconds[0m
[97m[INFO ] Conversion to Prediction Done. Time: 0.000362396240234375 seconds[0m
depth: 1072/2000 frame=1071
[97m[INFO ] Processed Images Done taking 0.006017208099365234 seconds. Shape:  torch.Size([1, 3, 518, 518])[0m
[97m[INFO ] Model Forward Pass Done. Time: 0.04198193550109863 seconds[0m
[97m[INFO ] Conversion to Prediction Done. Time: 0.00030922889709472656 seconds[0m
depth: 1073/2000 frame=1072
[97m[INFO ] Processed Images Done taking 0.006874799728393555 seconds. Shape:  torch.Size([1, 3, 518, 518])[0m
[97m[INFO ] Model Forward Pass Done. Time: 0.04072403907775879 seconds[0m
[97m[INFO ] Conversion to Prediction Done. Time: 0.00033974647521972656 seconds[0m
depth: 1074/2000 frame=1073
[97m[INFO ] Processed Images Done taking 0.006312370300292969 seconds. Shape:  torch.Size([1, 3, 518, 518])[0m
[97m[INFO ] Model Forward Pass Done. Time: 0.04171156883239746 seconds[0m
[97m[INFO ] Conversion to Prediction Done. Time: 0.000331878662109375 seconds[0m
depth: 1075/2000 frame=1074
[97m[INFO ] Processed Images Done taking 0.0065615177154541016 seconds. Shape:  torch.Size([1, 3, 518, 518])[0m
[97m[INFO ] Model Forward Pass Done. Time: 0.0402982234954834 seconds[0m
[97m[INFO ] Conversion to Prediction Done. Time: 0.0003311634063720703 seconds[0m
depth: 1076/2000 frame=1075
[97m[INFO ] Processed Images Done taking 0.006093740463256836 seconds. Shape:  torch.Size([1, 3, 518, 518])[0m
[97m[INFO ] Model Forward Pass Done. Time: 0.0399019718170166 seconds[0m
[97m[INFO ] Conversion to Prediction Done. Time: 0.0003592967987060547 seconds[0m
depth: 1077/2000 frame=1076
[97m[INFO ] Processed Images Done taking 0.0064334869384765625 seconds. Shape:  torch.Size([1, 3, 518, 518])[0m
[97m[INFO ] Model Forward Pass Done. Time: 0.04072761535644531 seconds[0m
[97m[INFO ] Conversion to Prediction Done. Time: 0.00032782554626464844 seconds[0m
depth: 1078/2000 frame=1077
[97m[INFO ] Processed Images Done taking 0.006554365158081055 seconds. Shape:  torch.Size([1, 3, 518, 518])[0m
[97m[INFO ] Model Forward Pass Done. Time: 0.04054117202758789 seconds[0m
[97m[INFO ] Conversion to Prediction Done. Time: 0.00034427642822265625 seconds[0m
depth: 1079/2000 frame=1078
[97m[INFO ] Processed Images Done taking 0.007563352584838867 seconds. Shape:  torch.Size([1, 3, 518, 518])[0m
[97m[INFO ] Model Forward Pass Done. Time: 0.040561676025390625 seconds[0m
[97m[INFO ] Conversion to Prediction Done. Time: 0.0003561973571777344 seconds[0m
depth: 1080/2000 frame=1079
[97m[INFO ] Processed Images Done taking 0.006050825119018555 seconds. Shape:  torch.Size([1, 3, 518, 518])[0m
[97m[INFO ] Model Forward Pass Done. Time: 0.04215359687805176 seconds[0m
[97m[INFO ] Conversion to Prediction Done. Time: 0.00031757354736328125 seconds[0m
depth: 1081/2000 frame=1080
[97m[INFO ] Processed Images Done taking 0.006414651870727539 seconds. Shape:  torch.Size([1, 3, 518, 518])[0m
[97m[INFO ] Model Forward Pass Done. Time: 0.04050421714782715 seconds[0m
[97m[INFO ] Conversion to Prediction Done. Time: 0.00032830238342285156 seconds[0m
depth: 1082/2000 frame=1081
[97m[INFO ] Processed Images Done taking 0.006493330001831055 seconds. Shape:  torch.Size([1, 3, 518, 518])[0m
[97m[INFO ] Model Forward Pass Done. Time: 0.04077458381652832 seconds[0m
[97m[INFO ] Conversion to Prediction Done. Time: 0.00035691261291503906 seconds[0m
depth: 1083/2000 frame=1082
[97m[INFO ] Processed Images Done taking 0.0062944889068603516 seconds. Shape:  torch.Size([1, 3, 518, 518])[0m
[97m[INFO ] Model Forward Pass Done. Time: 0.040610551834106445 seconds[0m
[97m[INFO ] Conversion to Prediction Done. Time: 0.0003254413604736328 seconds[0m
depth: 1084/2000 frame=1083
[97m[INFO ] Processed Images Done taking 0.0070149898529052734 seconds. Shape:  torch.Size([1, 3, 518, 518])[0m
[97m[INFO ] Model Forward Pass Done. Time: 0.040493011474609375 seconds[0m
[97m[INFO ] Conversion to Prediction Done. Time: 0.0003235340118408203 seconds[0m
depth: 1085/2000 frame=1084
[97m[INFO ] Processed Images Done taking 0.007473945617675781 seconds. Shape:  torch.Size([1, 3, 518, 518])[0m
[97m[INFO ] Model Forward Pass Done. Time: 0.04139590263366699 seconds[0m
[97m[INFO ] Conversion to Prediction Done. Time: 0.0003552436828613281 seconds[0m
depth: 1086/2000 frame=1085
[97m[INFO ] Processed Images Done taking 0.006675243377685547 seconds. Shape:  torch.Size([1, 3, 518, 518])[0m
[97m[INFO ] Model Forward Pass Done. Time: 0.0399172306060791 seconds[0m
[97m[INFO ] Conversion to Prediction Done. Time: 0.0003094673156738281 seconds[0m
depth: 1087/2000 frame=1086
[97m[INFO ] Processed Images Done taking 0.007890462875366211 seconds. Shape:  torch.Size([1, 3, 518, 518])[0m
[97m[INFO ] Model Forward Pass Done. Time: 0.04185891151428223 seconds[0m
[97m[INFO ] Conversion to Prediction Done. Time: 0.00032782554626464844 seconds[0m
depth: 1088/2000 frame=1087
[97m[INFO ] Processed Images Done taking 0.006235361099243164 seconds. Shape:  torch.Size([1, 3, 518, 518])[0m
[97m[INFO ] Model Forward Pass Done. Time: 0.04072260856628418 seconds[0m
[97m[INFO ] Conversion to Prediction Done. Time: 0.0003361701965332031 seconds[0m
depth: 1089/2000 frame=1088
[97m[INFO ] Processed Images Done taking 0.007890939712524414 seconds. Shape:  torch.Size([1, 3, 518, 518])[0m
[97m[INFO ] Model Forward Pass Done. Time: 0.04213762283325195 seconds[0m
[97m[INFO ] Conversion to Prediction Done. Time: 0.00033092498779296875 seconds[0m
depth: 1090/2000 frame=1089
[97m[INFO ] Processed Images Done taking 0.006258249282836914 seconds. Shape:  torch.Size([1, 3, 518, 518])[0m
[97m[INFO ] Model Forward Pass Done. Time: 0.03994274139404297 seconds[0m
[97m[INFO ] Conversion to Prediction Done. Time: 0.00033545494079589844 seconds[0m
depth: 1091/2000 frame=1090
[97m[INFO ] Processed Images Done taking 0.006211996078491211 seconds. Shape:  torch.Size([1, 3, 518, 518])[0m
[97m[INFO ] Model Forward Pass Done. Time: 0.04217100143432617 seconds[0m
[97m[INFO ] Conversion to Prediction Done. Time: 0.00036215782165527344 seconds[0m
depth: 1092/2000 frame=1091
[97m[INFO ] Processed Images Done taking 0.0060994625091552734 seconds. Shape:  torch.Size([1, 3, 518, 518])[0m
[97m[INFO ] Model Forward Pass Done. Time: 0.0422663688659668 seconds[0m
[97m[INFO ] Conversion to Prediction Done. Time: 0.00033211708068847656 seconds[0m
depth: 1093/2000 frame=1092
[97m[INFO ] Processed Images Done taking 0.006384849548339844 seconds. Shape:  torch.Size([1, 3, 518, 518])[0m
[97m[INFO ] Model Forward Pass Done. Time: 0.04077482223510742 seconds[0m
[97m[INFO ] Conversion to Prediction Done. Time: 0.0003216266632080078 seconds[0m
depth: 1094/2000 frame=1093
[97m[INFO ] Processed Images Done taking 0.006460905075073242 seconds. Shape:  torch.Size([1, 3, 518, 518])[0m
[97m[INFO ] Model Forward Pass Done. Time: 0.04000377655029297 seconds[0m
[97m[INFO ] Conversion to Prediction Done. Time: 0.00035762786865234375 seconds[0m
depth: 1095/2000 frame=1094
[97m[INFO ] Processed Images Done taking 0.006814718246459961 seconds. Shape:  torch.Size([1, 3, 518, 518])[0m
[97m[INFO ] Model Forward Pass Done. Time: 0.04233264923095703 seconds[0m
[97m[INFO ] Conversion to Prediction Done. Time: 0.0003333091735839844 seconds[0m
depth: 1096/2000 frame=1095
[97m[INFO ] Processed Images Done taking 0.006486654281616211 seconds. Shape:  torch.Size([1, 3, 518, 518])[0m
[97m[INFO ] Model Forward Pass Done. Time: 0.040345191955566406 seconds[0m
[97m[INFO ] Conversion to Prediction Done. Time: 0.00033211708068847656 seconds[0m
depth: 1097/2000 frame=1096
[97m[INFO ] Processed Images Done taking 0.007651090621948242 seconds. Shape:  torch.Size([1, 3, 518, 518])[0m
[97m[INFO ] Model Forward Pass Done. Time: 0.04159355163574219 seconds[0m
[97m[INFO ] Conversion to Prediction Done. Time: 0.0003597736358642578 seconds[0m
depth: 1098/2000 frame=1097
[97m[INFO ] Processed Images Done taking 0.0067560672760009766 seconds. Shape:  torch.Size([1, 3, 518, 518])[0m
[97m[INFO ] Model Forward Pass Done. Time: 0.04060006141662598 seconds[0m
[97m[INFO ] Conversion to Prediction Done. Time: 0.00033092498779296875 seconds[0m
depth: 1099/2000 frame=1098
[97m[INFO ] Processed Images Done taking 0.0065081119537353516 seconds. Shape:  torch.Size([1, 3, 518, 518])[0m
[97m[INFO ] Model Forward Pass Done. Time: 0.04053831100463867 seconds[0m
[97m[INFO ] Conversion to Prediction Done. Time: 0.0003273487091064453 seconds[0m
depth: 1100/2000 frame=1099
[97m[INFO ] Processed Images Done taking 0.007271766662597656 seconds. Shape:  torch.Size([1, 3, 518, 518])[0m
[97m[INFO ] Model Forward Pass Done. Time: 0.04066872596740723 seconds[0m
[97m[INFO ] Conversion to Prediction Done. Time: 0.0003685951232910156 seconds[0m
depth: 1101/2000 frame=1100
[97m[INFO ] Processed Images Done taking 0.005838155746459961 seconds. Shape:  torch.Size([1, 3, 518, 518])[0m
[97m[INFO ] Model Forward Pass Done. Time: 0.04045915603637695 seconds[0m
[97m[INFO ] Conversion to Prediction Done. Time: 0.00032639503479003906 seconds[0m
depth: 1102/2000 frame=1101
[97m[INFO ] Processed Images Done taking 0.007148265838623047 seconds. Shape:  torch.Size([1, 3, 518, 518])[0m
[97m[INFO ] Model Forward Pass Done. Time: 0.040369272232055664 seconds[0m
[97m[INFO ] Conversion to Prediction Done. Time: 0.00032782554626464844 seconds[0m
depth: 1103/2000 frame=1102
[97m[INFO ] Processed Images Done taking 0.006150722503662109 seconds. Shape:  torch.Size([1, 3, 518, 518])[0m
[97m[INFO ] Model Forward Pass Done. Time: 0.04016685485839844 seconds[0m
[97m[INFO ] Conversion to Prediction Done. Time: 0.00035834312438964844 seconds[0m
depth: 1104/2000 frame=1103
[97m[INFO ] Processed Images Done taking 0.006784677505493164 seconds. Shape:  torch.Size([1, 3, 518, 518])[0m
[97m[INFO ] Model Forward Pass Done. Time: 0.04206681251525879 seconds[0m
[97m[INFO ] Conversion to Prediction Done. Time: 0.00032639503479003906 seconds[0m
depth: 1105/2000 frame=1104
[97m[INFO ] Processed Images Done taking 0.00674891471862793 seconds. Shape:  torch.Size([1, 3, 518, 518])[0m
[97m[INFO ] Model Forward Pass Done. Time: 0.04064583778381348 seconds[0m
[97m[INFO ] Conversion to Prediction Done. Time: 0.0003254413604736328 seconds[0m
depth: 1106/2000 frame=1105
[97m[INFO ] Processed Images Done taking 0.006140947341918945 seconds. Shape:  torch.Size([1, 3, 518, 518])[0m
[97m[INFO ] Model Forward Pass Done. Time: 0.04195261001586914 seconds[0m
[97m[INFO ] Conversion to Prediction Done. Time: 0.0003478527069091797 seconds[0m
depth: 1107/2000 frame=1106
[97m[INFO ] Processed Images Done taking 0.006082057952880859 seconds. Shape:  torch.Size([1, 3, 518, 518])[0m
[97m[INFO ] Model Forward Pass Done. Time: 0.04081296920776367 seconds[0m
[97m[INFO ] Conversion to Prediction Done. Time: 0.00032711029052734375 seconds[0m
depth: 1108/2000 frame=1107
[97m[INFO ] Processed Images Done taking 0.006654262542724609 seconds. Shape:  torch.Size([1, 3, 518, 518])[0m
[97m[INFO ] Model Forward Pass Done. Time: 0.04200172424316406 seconds[0m
[97m[INFO ] Conversion to Prediction Done. Time: 0.00032711029052734375 seconds[0m
depth: 1109/2000 frame=1108
[97m[INFO ] Processed Images Done taking 0.007043361663818359 seconds. Shape:  torch.Size([1, 3, 518, 518])[0m
[97m[INFO ] Model Forward Pass Done. Time: 0.0406796932220459 seconds[0m
[97m[INFO ] Conversion to Prediction Done. Time: 0.0003292560577392578 seconds[0m
depth: 1110/2000 frame=1109
[97m[INFO ] Processed Images Done taking 0.00567626953125 seconds. Shape:  torch.Size([1, 3, 518, 518])[0m
[97m[INFO ] Model Forward Pass Done. Time: 0.04044938087463379 seconds[0m
[97m[INFO ] Conversion to Prediction Done. Time: 0.0003376007080078125 seconds[0m
depth: 1111/2000 frame=1110
[97m[INFO ] Processed Images Done taking 0.0064241886138916016 seconds. Shape:  torch.Size([1, 3, 518, 518])[0m
[97m[INFO ] Model Forward Pass Done. Time: 0.040399789810180664 seconds[0m
[97m[INFO ] Conversion to Prediction Done. Time: 0.0003273487091064453 seconds[0m
depth: 1112/2000 frame=1111
[97m[INFO ] Processed Images Done taking 0.006439924240112305 seconds. Shape:  torch.Size([1, 3, 518, 518])[0m
[97m[INFO ] Model Forward Pass Done. Time: 0.04201197624206543 seconds[0m
[97m[INFO ] Conversion to Prediction Done. Time: 0.0003147125244140625 seconds[0m
depth: 1113/2000 frame=1112
[97m[INFO ] Processed Images Done taking 0.008122682571411133 seconds. Shape:  torch.Size([1, 3, 518, 518])[0m
[97m[INFO ] Model Forward Pass Done. Time: 0.044122934341430664 seconds[0m
[97m[INFO ] Conversion to Prediction Done. Time: 0.00035500526428222656 seconds[0m
depth: 1114/2000 frame=1113
[97m[INFO ] Processed Images Done taking 0.005810260772705078 seconds. Shape:  torch.Size([1, 3, 518, 518])[0m
[97m[INFO ] Model Forward Pass Done. Time: 0.0375361442565918 seconds[0m
[97m[INFO ] Conversion to Prediction Done. Time: 0.00032973289489746094 seconds[0m
depth: 1115/2000 frame=1114
[97m[INFO ] Processed Images Done taking 0.006035804748535156 seconds. Shape:  torch.Size([1, 3, 518, 518])[0m
[97m[INFO ] Model Forward Pass Done. Time: 0.03785443305969238 seconds[0m
[97m[INFO ] Conversion to Prediction Done. Time: 0.00033092498779296875 seconds[0m
depth: 1116/2000 frame=1115
[97m[INFO ] Processed Images Done taking 0.006096839904785156 seconds. Shape:  torch.Size([1, 3, 518, 518])[0m
[97m[INFO ] Model Forward Pass Done. Time: 0.03996634483337402 seconds[0m
[97m[INFO ] Conversion to Prediction Done. Time: 0.0003571510314941406 seconds[0m
depth: 1117/2000 frame=1116
[97m[INFO ] Processed Images Done taking 0.0067713260650634766 seconds. Shape:  torch.Size([1, 3, 518, 518])[0m
[97m[INFO ] Model Forward Pass Done. Time: 0.04070854187011719 seconds[0m
[97m[INFO ] Conversion to Prediction Done. Time: 0.0003085136413574219 seconds[0m
depth: 1118/2000 frame=1117
[97m[INFO ] Processed Images Done taking 0.006107330322265625 seconds. Shape:  torch.Size([1, 3, 518, 518])[0m
[97m[INFO ] Model Forward Pass Done. Time: 0.04198265075683594 seconds[0m
[97m[INFO ] Conversion to Prediction Done. Time: 0.00032782554626464844 seconds[0m
depth: 1119/2000 frame=1118
[97m[INFO ] Processed Images Done taking 0.0065267086029052734 seconds. Shape:  torch.Size([1, 3, 518, 518])[0m
[97m[INFO ] Model Forward Pass Done. Time: 0.04198265075683594 seconds[0m
[97m[INFO ] Conversion to Prediction Done. Time: 0.0003516674041748047 seconds[0m
depth: 1120/2000 frame=1119
[97m[INFO ] Processed Images Done taking 0.005587577819824219 seconds. Shape:  torch.Size([1, 3, 518, 518])[0m
[97m[INFO ] Model Forward Pass Done. Time: 0.04032158851623535 seconds[0m
[97m[INFO ] Conversion to Prediction Done. Time: 0.000331878662109375 seconds[0m
depth: 1121/2000 frame=1120
[97m[INFO ] Processed Images Done taking 0.006508350372314453 seconds. Shape:  torch.Size([1, 3, 518, 518])[0m
[97m[INFO ] Model Forward Pass Done. Time: 0.04206442832946777 seconds[0m
[97m[INFO ] Conversion to Prediction Done. Time: 0.0003197193145751953 seconds[0m
depth: 1122/2000 frame=1121
[97m[INFO ] Processed Images Done taking 0.0069122314453125 seconds. Shape:  torch.Size([1, 3, 518, 518])[0m
[97m[INFO ] Model Forward Pass Done. Time: 0.04168224334716797 seconds[0m
[97m[INFO ] Conversion to Prediction Done. Time: 0.0003399848937988281 seconds[0m
depth: 1123/2000 frame=1122
[97m[INFO ] Processed Images Done taking 0.007044315338134766 seconds. Shape:  torch.Size([1, 3, 518, 518])[0m
[97m[INFO ] Model Forward Pass Done. Time: 0.04222559928894043 seconds[0m
[97m[INFO ] Conversion to Prediction Done. Time: 0.0003261566162109375 seconds[0m
depth: 1124/2000 frame=1123
[97m[INFO ] Processed Images Done taking 0.006131649017333984 seconds. Shape:  torch.Size([1, 3, 518, 518])[0m
[97m[INFO ] Model Forward Pass Done. Time: 0.04060792922973633 seconds[0m
[97m[INFO ] Conversion to Prediction Done. Time: 0.0003635883331298828 seconds[0m
depth: 1125/2000 frame=1124
[97m[INFO ] Processed Images Done taking 0.007397890090942383 seconds. Shape:  torch.Size([1, 3, 518, 518])[0m
[97m[INFO ] Model Forward Pass Done. Time: 0.04082202911376953 seconds[0m
[97m[INFO ] Conversion to Prediction Done. Time: 0.00030994415283203125 seconds[0m
depth: 1126/2000 frame=1125
[97m[INFO ] Processed Images Done taking 0.006029367446899414 seconds. Shape:  torch.Size([1, 3, 518, 518])[0m
[97m[INFO ] Model Forward Pass Done. Time: 0.040610313415527344 seconds[0m
[97m[INFO ] Conversion to Prediction Done. Time: 0.0003120899200439453 seconds[0m
depth: 1127/2000 frame=1126
[97m[INFO ] Processed Images Done taking 0.005532979965209961 seconds. Shape:  torch.Size([1, 3, 518, 518])[0m
[97m[INFO ] Model Forward Pass Done. Time: 0.04068899154663086 seconds[0m
[97m[INFO ] Conversion to Prediction Done. Time: 0.00035691261291503906 seconds[0m
depth: 1128/2000 frame=1127
[97m[INFO ] Processed Images Done taking 0.00595855712890625 seconds. Shape:  torch.Size([1, 3, 518, 518])[0m
[97m[INFO ] Model Forward Pass Done. Time: 0.041641950607299805 seconds[0m
[97m[INFO ] Conversion to Prediction Done. Time: 0.000331878662109375 seconds[0m
depth: 1129/2000 frame=1128
[97m[INFO ] Processed Images Done taking 0.0070803165435791016 seconds. Shape:  torch.Size([1, 3, 518, 518])[0m
[97m[INFO ] Model Forward Pass Done. Time: 0.04174685478210449 seconds[0m
[97m[INFO ] Conversion to Prediction Done. Time: 0.00032448768615722656 seconds[0m
depth: 1130/2000 frame=1129
[97m[INFO ] Processed Images Done taking 0.0060732364654541016 seconds. Shape:  torch.Size([1, 3, 518, 518])[0m
[97m[INFO ] Model Forward Pass Done. Time: 0.0401456356048584 seconds[0m
[97m[INFO ] Conversion to Prediction Done. Time: 0.00036787986755371094 seconds[0m
depth: 1131/2000 frame=1130
[97m[INFO ] Processed Images Done taking 0.006536722183227539 seconds. Shape:  torch.Size([1, 3, 518, 518])[0m
[97m[INFO ] Model Forward Pass Done. Time: 0.04042625427246094 seconds[0m
[97m[INFO ] Conversion to Prediction Done. Time: 0.00032901763916015625 seconds[0m
depth: 1132/2000 frame=1131
[97m[INFO ] Processed Images Done taking 0.006973981857299805 seconds. Shape:  torch.Size([1, 3, 518, 518])[0m
[97m[INFO ] Model Forward Pass Done. Time: 0.0406651496887207 seconds[0m
[97m[INFO ] Conversion to Prediction Done. Time: 0.0003294944763183594 seconds[0m
depth: 1133/2000 frame=1132
[97m[INFO ] Processed Images Done taking 0.006204128265380859 seconds. Shape:  torch.Size([1, 3, 518, 518])[0m
[97m[INFO ] Model Forward Pass Done. Time: 0.042617082595825195 seconds[0m
[97m[INFO ] Conversion to Prediction Done. Time: 0.00035190582275390625 seconds[0m
depth: 1134/2000 frame=1133
[97m[INFO ] Processed Images Done taking 0.00678706169128418 seconds. Shape:  torch.Size([1, 3, 518, 518])[0m
[97m[INFO ] Model Forward Pass Done. Time: 0.039606571197509766 seconds[0m
[97m[INFO ] Conversion to Prediction Done. Time: 0.0003135204315185547 seconds[0m
depth: 1135/2000 frame=1134
[97m[INFO ] Processed Images Done taking 0.00788116455078125 seconds. Shape:  torch.Size([1, 3, 518, 518])[0m
[97m[INFO ] Model Forward Pass Done. Time: 0.042305707931518555 seconds[0m
[97m[INFO ] Conversion to Prediction Done. Time: 0.00032830238342285156 seconds[0m
depth: 1136/2000 frame=1135
[97m[INFO ] Processed Images Done taking 0.006485939025878906 seconds. Shape:  torch.Size([1, 3, 518, 518])[0m
[97m[INFO ] Model Forward Pass Done. Time: 0.04227852821350098 seconds[0m
[97m[INFO ] Conversion to Prediction Done. Time: 0.00036406517028808594 seconds[0m
depth: 1137/2000 frame=1136
[97m[INFO ] Processed Images Done taking 0.0071637630462646484 seconds. Shape:  torch.Size([1, 3, 518, 518])[0m
[97m[INFO ] Model Forward Pass Done. Time: 0.041326045989990234 seconds[0m
[97m[INFO ] Conversion to Prediction Done. Time: 0.0003211498260498047 seconds[0m
depth: 1138/2000 frame=1137
[97m[INFO ] Processed Images Done taking 0.00664830207824707 seconds. Shape:  torch.Size([1, 3, 518, 518])[0m
[97m[INFO ] Model Forward Pass Done. Time: 0.04383683204650879 seconds[0m
[97m[INFO ] Conversion to Prediction Done. Time: 0.00032901763916015625 seconds[0m
depth: 1139/2000 frame=1138
[97m[INFO ] Processed Images Done taking 0.006334066390991211 seconds. Shape:  torch.Size([1, 3, 518, 518])[0m
[97m[INFO ] Model Forward Pass Done. Time: 0.041254281997680664 seconds[0m
[97m[INFO ] Conversion to Prediction Done. Time: 0.00035858154296875 seconds[0m
depth: 1140/2000 frame=1139
[97m[INFO ] Processed Images Done taking 0.006558656692504883 seconds. Shape:  torch.Size([1, 3, 518, 518])[0m
[97m[INFO ] Model Forward Pass Done. Time: 0.04257941246032715 seconds[0m
[97m[INFO ] Conversion to Prediction Done. Time: 0.0003173351287841797 seconds[0m
depth: 1141/2000 frame=1140
[97m[INFO ] Processed Images Done taking 0.0063250064849853516 seconds. Shape:  torch.Size([1, 3, 518, 518])[0m
[97m[INFO ] Model Forward Pass Done. Time: 0.041040658950805664 seconds[0m
[97m[INFO ] Conversion to Prediction Done. Time: 0.00033593177795410156 seconds[0m
depth: 1142/2000 frame=1141
[97m[INFO ] Processed Images Done taking 0.0062329769134521484 seconds. Shape:  torch.Size([1, 3, 518, 518])[0m
[97m[INFO ] Model Forward Pass Done. Time: 0.04126906394958496 seconds[0m
[97m[INFO ] Conversion to Prediction Done. Time: 0.000370025634765625 seconds[0m
depth: 1143/2000 frame=1142
[97m[INFO ] Processed Images Done taking 0.0064449310302734375 seconds. Shape:  torch.Size([1, 3, 518, 518])[0m
[97m[INFO ] Model Forward Pass Done. Time: 0.03997921943664551 seconds[0m
[97m[INFO ] Conversion to Prediction Done. Time: 0.0003311634063720703 seconds[0m
depth: 1144/2000 frame=1143
[97m[INFO ] Processed Images Done taking 0.006114482879638672 seconds. Shape:  torch.Size([1, 3, 518, 518])[0m
[97m[INFO ] Model Forward Pass Done. Time: 0.040884971618652344 seconds[0m
[97m[INFO ] Conversion to Prediction Done. Time: 0.00031828880310058594 seconds[0m
depth: 1145/2000 frame=1144
[97m[INFO ] Processed Images Done taking 0.006356000900268555 seconds. Shape:  torch.Size([1, 3, 518, 518])[0m
[97m[INFO ] Model Forward Pass Done. Time: 0.04115462303161621 seconds[0m
[97m[INFO ] Conversion to Prediction Done. Time: 0.0003559589385986328 seconds[0m
depth: 1146/2000 frame=1145
[97m[INFO ] Processed Images Done taking 0.005866527557373047 seconds. Shape:  torch.Size([1, 3, 518, 518])[0m
[97m[INFO ] Model Forward Pass Done. Time: 0.03789377212524414 seconds[0m
[97m[INFO ] Conversion to Prediction Done. Time: 0.00032830238342285156 seconds[0m
depth: 1147/2000 frame=1146
[97m[INFO ] Processed Images Done taking 0.006517887115478516 seconds. Shape:  torch.Size([1, 3, 518, 518])[0m
[97m[INFO ] Model Forward Pass Done. Time: 0.0410923957824707 seconds[0m
[97m[INFO ] Conversion to Prediction Done. Time: 0.00031375885009765625 seconds[0m
depth: 1148/2000 frame=1147
[97m[INFO ] Processed Images Done taking 0.006386280059814453 seconds. Shape:  torch.Size([1, 3, 518, 518])[0m
[97m[INFO ] Model Forward Pass Done. Time: 0.04116463661193848 seconds[0m
[97m[INFO ] Conversion to Prediction Done. Time: 0.0003635883331298828 seconds[0m
depth: 1149/2000 frame=1148
[97m[INFO ] Processed Images Done taking 0.005934238433837891 seconds. Shape:  torch.Size([1, 3, 518, 518])[0m
[97m[INFO ] Model Forward Pass Done. Time: 0.04114198684692383 seconds[0m
[97m[INFO ] Conversion to Prediction Done. Time: 0.00032806396484375 seconds[0m
depth: 1150/2000 frame=1149
[97m[INFO ] Processed Images Done taking 0.006590127944946289 seconds. Shape:  torch.Size([1, 3, 518, 518])[0m
[97m[INFO ] Model Forward Pass Done. Time: 0.041092872619628906 seconds[0m
[97m[INFO ] Conversion to Prediction Done. Time: 0.0003275871276855469 seconds[0m
depth: 1151/2000 frame=1150
[97m[INFO ] Processed Images Done taking 0.006133317947387695 seconds. Shape:  torch.Size([1, 3, 518, 518])[0m
[97m[INFO ] Model Forward Pass Done. Time: 0.04035830497741699 seconds[0m
[97m[INFO ] Conversion to Prediction Done. Time: 0.00035691261291503906 seconds[0m
depth: 1152/2000 frame=1151
[97m[INFO ] Processed Images Done taking 0.006279706954956055 seconds. Shape:  torch.Size([1, 3, 518, 518])[0m
[97m[INFO ] Model Forward Pass Done. Time: 0.04261517524719238 seconds[0m
[97m[INFO ] Conversion to Prediction Done. Time: 0.0003294944763183594 seconds[0m
depth: 1153/2000 frame=1152
[97m[INFO ] Processed Images Done taking 0.005828142166137695 seconds. Shape:  torch.Size([1, 3, 518, 518])[0m
[97m[INFO ] Model Forward Pass Done. Time: 0.04119372367858887 seconds[0m
[97m[INFO ] Conversion to Prediction Done. Time: 0.0003266334533691406 seconds[0m
depth: 1154/2000 frame=1153
[97m[INFO ] Processed Images Done taking 0.005777120590209961 seconds. Shape:  torch.Size([1, 3, 518, 518])[0m
[97m[INFO ] Model Forward Pass Done. Time: 0.041181325912475586 seconds[0m
[97m[INFO ] Conversion to Prediction Done. Time: 0.0003573894500732422 seconds[0m
depth: 1155/2000 frame=1154
[97m[INFO ] Processed Images Done taking 0.007084369659423828 seconds. Shape:  torch.Size([1, 3, 518, 518])[0m
[97m[INFO ] Model Forward Pass Done. Time: 0.04264640808105469 seconds[0m
[97m[INFO ] Conversion to Prediction Done. Time: 0.0003323554992675781 seconds[0m
depth: 1156/2000 frame=1155
[97m[INFO ] Processed Images Done taking 0.0065135955810546875 seconds. Shape:  torch.Size([1, 3, 518, 518])[0m
[97m[INFO ] Model Forward Pass Done. Time: 0.04269671440124512 seconds[0m
[97m[INFO ] Conversion to Prediction Done. Time: 0.0003256797790527344 seconds[0m
depth: 1157/2000 frame=1156
[97m[INFO ] Processed Images Done taking 0.0060329437255859375 seconds. Shape:  torch.Size([1, 3, 518, 518])[0m
[97m[INFO ] Model Forward Pass Done. Time: 0.04087257385253906 seconds[0m
[97m[INFO ] Conversion to Prediction Done. Time: 0.0003266334533691406 seconds[0m
depth: 1158/2000 frame=1157
[97m[INFO ] Processed Images Done taking 0.00658106803894043 seconds. Shape:  torch.Size([1, 3, 518, 518])[0m
[97m[INFO ] Model Forward Pass Done. Time: 0.03983664512634277 seconds[0m
[97m[INFO ] Conversion to Prediction Done. Time: 0.0003123283386230469 seconds[0m
depth: 1159/2000 frame=1158
[97m[INFO ] Processed Images Done taking 0.007073879241943359 seconds. Shape:  torch.Size([1, 3, 518, 518])[0m
[97m[INFO ] Model Forward Pass Done. Time: 0.042687177658081055 seconds[0m
[97m[INFO ] Conversion to Prediction Done. Time: 0.0003600120544433594 seconds[0m
depth: 1160/2000 frame=1159
[97m[INFO ] Processed Images Done taking 0.00878453254699707 seconds. Shape:  torch.Size([1, 3, 518, 518])[0m
[97m[INFO ] Model Forward Pass Done. Time: 0.04071497917175293 seconds[0m
[97m[INFO ] Conversion to Prediction Done. Time: 0.0003273487091064453 seconds[0m
depth: 1161/2000 frame=1160
[97m[INFO ] Processed Images Done taking 0.0076868534088134766 seconds. Shape:  torch.Size([1, 3, 518, 518])[0m
[97m[INFO ] Model Forward Pass Done. Time: 0.04413938522338867 seconds[0m
[97m[INFO ] Conversion to Prediction Done. Time: 0.0003330707550048828 seconds[0m
depth: 1162/2000 frame=1161
[97m[INFO ] Processed Images Done taking 0.006206035614013672 seconds. Shape:  torch.Size([1, 3, 518, 518])[0m
[97m[INFO ] Model Forward Pass Done. Time: 0.041190147399902344 seconds[0m
[97m[INFO ] Conversion to Prediction Done. Time: 0.00035691261291503906 seconds[0m
depth: 1163/2000 frame=1162
[97m[INFO ] Processed Images Done taking 0.0063283443450927734 seconds. Shape:  torch.Size([1, 3, 518, 518])[0m
[97m[INFO ] Model Forward Pass Done. Time: 0.04174971580505371 seconds[0m
[97m[INFO ] Conversion to Prediction Done. Time: 0.00033473968505859375 seconds[0m
depth: 1164/2000 frame=1163
[97m[INFO ] Processed Images Done taking 0.009233713150024414 seconds. Shape:  torch.Size([1, 3, 518, 518])[0m
[97m[INFO ] Model Forward Pass Done. Time: 0.041162729263305664 seconds[0m
[97m[INFO ] Conversion to Prediction Done. Time: 0.0003266334533691406 seconds[0m
depth: 1165/2000 frame=1164
[97m[INFO ] Processed Images Done taking 0.006790637969970703 seconds. Shape:  torch.Size([1, 3, 518, 518])[0m
[97m[INFO ] Model Forward Pass Done. Time: 0.04140901565551758 seconds[0m
[97m[INFO ] Conversion to Prediction Done. Time: 0.0003581047058105469 seconds[0m
depth: 1166/2000 frame=1165
[97m[INFO ] Processed Images Done taking 0.0077860355377197266 seconds. Shape:  torch.Size([1, 3, 518, 518])[0m
[97m[INFO ] Model Forward Pass Done. Time: 0.03988146781921387 seconds[0m
[97m[INFO ] Conversion to Prediction Done. Time: 0.00033593177795410156 seconds[0m
depth: 1167/2000 frame=1166
[97m[INFO ] Processed Images Done taking 0.0071027278900146484 seconds. Shape:  torch.Size([1, 3, 518, 518])[0m
[97m[INFO ] Model Forward Pass Done. Time: 0.04273629188537598 seconds[0m
[97m[INFO ] Conversion to Prediction Done. Time: 0.0003247261047363281 seconds[0m
depth: 1168/2000 frame=1167
[97m[INFO ] Processed Images Done taking 0.0070400238037109375 seconds. Shape:  torch.Size([1, 3, 518, 518])[0m
[97m[INFO ] Model Forward Pass Done. Time: 0.042887210845947266 seconds[0m
[97m[INFO ] Conversion to Prediction Done. Time: 0.00036025047302246094 seconds[0m
depth: 1169/2000 frame=1168
[97m[INFO ] Processed Images Done taking 0.0070192813873291016 seconds. Shape:  torch.Size([1, 3, 518, 518])[0m
[97m[INFO ] Model Forward Pass Done. Time: 0.04209089279174805 seconds[0m
[97m[INFO ] Conversion to Prediction Done. Time: 0.0003154277801513672 seconds[0m
depth: 1170/2000 frame=1169
[97m[INFO ] Processed Images Done taking 0.006460905075073242 seconds. Shape:  torch.Size([1, 3, 518, 518])[0m
[97m[INFO ] Model Forward Pass Done. Time: 0.041258811950683594 seconds[0m
[97m[INFO ] Conversion to Prediction Done. Time: 0.0003266334533691406 seconds[0m
depth: 1171/2000 frame=1170
[97m[INFO ] Processed Images Done taking 0.007158041000366211 seconds. Shape:  torch.Size([1, 3, 518, 518])[0m
[97m[INFO ] Model Forward Pass Done. Time: 0.04265284538269043 seconds[0m
[97m[INFO ] Conversion to Prediction Done. Time: 0.0003600120544433594 seconds[0m
depth: 1172/2000 frame=1171
[97m[INFO ] Processed Images Done taking 0.006833791732788086 seconds. Shape:  torch.Size([1, 3, 518, 518])[0m
[97m[INFO ] Model Forward Pass Done. Time: 0.04175734519958496 seconds[0m
[97m[INFO ] Conversion to Prediction Done. Time: 0.00032639503479003906 seconds[0m
depth: 1173/2000 frame=1172
[97m[INFO ] Processed Images Done taking 0.0060062408447265625 seconds. Shape:  torch.Size([1, 3, 518, 518])[0m
[97m[INFO ] Model Forward Pass Done. Time: 0.04120135307312012 seconds[0m
[97m[INFO ] Conversion to Prediction Done. Time: 0.00032448768615722656 seconds[0m
depth: 1174/2000 frame=1173
[97m[INFO ] Processed Images Done taking 0.0057201385498046875 seconds. Shape:  torch.Size([1, 3, 518, 518])[0m
[97m[INFO ] Model Forward Pass Done. Time: 0.04246997833251953 seconds[0m
[97m[INFO ] Conversion to Prediction Done. Time: 0.0003643035888671875 seconds[0m
depth: 1175/2000 frame=1174
[97m[INFO ] Processed Images Done taking 0.006602048873901367 seconds. Shape:  torch.Size([1, 3, 518, 518])[0m
[97m[INFO ] Model Forward Pass Done. Time: 0.0427401065826416 seconds[0m
[97m[INFO ] Conversion to Prediction Done. Time: 0.000331878662109375 seconds[0m
depth: 1176/2000 frame=1175
[97m[INFO ] Processed Images Done taking 0.006475210189819336 seconds. Shape:  torch.Size([1, 3, 518, 518])[0m
[97m[INFO ] Model Forward Pass Done. Time: 0.04131174087524414 seconds[0m
[97m[INFO ] Conversion to Prediction Done. Time: 0.00034117698669433594 seconds[0m
depth: 1177/2000 frame=1176
[97m[INFO ] Processed Images Done taking 0.006270170211791992 seconds. Shape:  torch.Size([1, 3, 518, 518])[0m
[97m[INFO ] Model Forward Pass Done. Time: 0.04074835777282715 seconds[0m
[97m[INFO ] Conversion to Prediction Done. Time: 0.0003619194030761719 seconds[0m
depth: 1178/2000 frame=1177
[97m[INFO ] Processed Images Done taking 0.006505727767944336 seconds. Shape:  torch.Size([1, 3, 518, 518])[0m
[97m[INFO ] Model Forward Pass Done. Time: 0.041037559509277344 seconds[0m
[97m[INFO ] Conversion to Prediction Done. Time: 0.0003273487091064453 seconds[0m
depth: 1179/2000 frame=1178
[97m[INFO ] Processed Images Done taking 0.007433652877807617 seconds. Shape:  torch.Size([1, 3, 518, 518])[0m
[97m[INFO ] Model Forward Pass Done. Time: 0.04007267951965332 seconds[0m
[97m[INFO ] Conversion to Prediction Done. Time: 0.0003273487091064453 seconds[0m
depth: 1180/2000 frame=1179
[97m[INFO ] Processed Images Done taking 0.0067577362060546875 seconds. Shape:  torch.Size([1, 3, 518, 518])[0m
[97m[INFO ] Model Forward Pass Done. Time: 0.04297661781311035 seconds[0m
[97m[INFO ] Conversion to Prediction Done. Time: 0.00036072731018066406 seconds[0m
depth: 1181/2000 frame=1180
[97m[INFO ] Processed Images Done taking 0.006586790084838867 seconds. Shape:  torch.Size([1, 3, 518, 518])[0m
[97m[INFO ] Model Forward Pass Done. Time: 0.04094719886779785 seconds[0m
[97m[INFO ] Conversion to Prediction Done. Time: 0.0003409385681152344 seconds[0m
depth: 1182/2000 frame=1181
[97m[INFO ] Processed Images Done taking 0.006557941436767578 seconds. Shape:  torch.Size([1, 3, 518, 518])[0m
[97m[INFO ] Model Forward Pass Done. Time: 0.04093050956726074 seconds[0m
[97m[INFO ] Conversion to Prediction Done. Time: 0.0003314018249511719 seconds[0m
depth: 1183/2000 frame=1182
[97m[INFO ] Processed Images Done taking 0.006093025207519531 seconds. Shape:  torch.Size([1, 3, 518, 518])[0m
[97m[INFO ] Model Forward Pass Done. Time: 0.0401611328125 seconds[0m
[97m[INFO ] Conversion to Prediction Done. Time: 0.00035881996154785156 seconds[0m
depth: 1184/2000 frame=1183
[97m[INFO ] Processed Images Done taking 0.006930828094482422 seconds. Shape:  torch.Size([1, 3, 518, 518])[0m
[97m[INFO ] Model Forward Pass Done. Time: 0.042421579360961914 seconds[0m
[97m[INFO ] Conversion to Prediction Done. Time: 0.0003285408020019531 seconds[0m
depth: 1185/2000 frame=1184
[97m[INFO ] Processed Images Done taking 0.007138729095458984 seconds. Shape:  torch.Size([1, 3, 518, 518])[0m
[97m[INFO ] Model Forward Pass Done. Time: 0.04432511329650879 seconds[0m
[97m[INFO ] Conversion to Prediction Done. Time: 0.00033974647521972656 seconds[0m
depth: 1186/2000 frame=1185
[97m[INFO ] Processed Images Done taking 0.006424903869628906 seconds. Shape:  torch.Size([1, 3, 518, 518])[0m
[97m[INFO ] Model Forward Pass Done. Time: 0.0411992073059082 seconds[0m
[97m[INFO ] Conversion to Prediction Done. Time: 0.0003743171691894531 seconds[0m
depth: 1187/2000 frame=1186
[97m[INFO ] Processed Images Done taking 0.006522655487060547 seconds. Shape:  torch.Size([1, 3, 518, 518])[0m
[97m[INFO ] Model Forward Pass Done. Time: 0.04095768928527832 seconds[0m
[97m[INFO ] Conversion to Prediction Done. Time: 0.0003294944763183594 seconds[0m
depth: 1188/2000 frame=1187
[97m[INFO ] Processed Images Done taking 0.006751537322998047 seconds. Shape:  torch.Size([1, 3, 518, 518])[0m
[97m[INFO ] Model Forward Pass Done. Time: 0.040703535079956055 seconds[0m
[97m[INFO ] Conversion to Prediction Done. Time: 0.0003230571746826172 seconds[0m
depth: 1189/2000 frame=1188
[97m[INFO ] Processed Images Done taking 0.007187604904174805 seconds. Shape:  torch.Size([1, 3, 518, 518])[0m
[97m[INFO ] Model Forward Pass Done. Time: 0.04446530342102051 seconds[0m
[97m[INFO ] Conversion to Prediction Done. Time: 0.00035262107849121094 seconds[0m
depth: 1190/2000 frame=1189
[97m[INFO ] Processed Images Done taking 0.0076236724853515625 seconds. Shape:  torch.Size([1, 3, 518, 518])[0m
[97m[INFO ] Model Forward Pass Done. Time: 0.0442044734954834 seconds[0m
[97m[INFO ] Conversion to Prediction Done. Time: 0.0003154277801513672 seconds[0m
depth: 1191/2000 frame=1190
[97m[INFO ] Processed Images Done taking 0.00621342658996582 seconds. Shape:  torch.Size([1, 3, 518, 518])[0m
[97m[INFO ] Model Forward Pass Done. Time: 0.03989863395690918 seconds[0m
[97m[INFO ] Conversion to Prediction Done. Time: 0.0003123283386230469 seconds[0m
depth: 1192/2000 frame=1191
[97m[INFO ] Processed Images Done taking 0.0061855316162109375 seconds. Shape:  torch.Size([1, 3, 518, 518])[0m
[97m[INFO ] Model Forward Pass Done. Time: 0.04105949401855469 seconds[0m
[97m[INFO ] Conversion to Prediction Done. Time: 0.0003466606140136719 seconds[0m
depth: 1193/2000 frame=1192
[97m[INFO ] Processed Images Done taking 0.006323814392089844 seconds. Shape:  torch.Size([1, 3, 518, 518])[0m
[97m[INFO ] Model Forward Pass Done. Time: 0.03957509994506836 seconds[0m
[97m[INFO ] Conversion to Prediction Done. Time: 0.00032448768615722656 seconds[0m
depth: 1194/2000 frame=1193
[97m[INFO ] Processed Images Done taking 0.0064542293548583984 seconds. Shape:  torch.Size([1, 3, 518, 518])[0m
[97m[INFO ] Model Forward Pass Done. Time: 0.0422823429107666 seconds[0m
[97m[INFO ] Conversion to Prediction Done. Time: 0.00032782554626464844 seconds[0m
depth: 1195/2000 frame=1194
[97m[INFO ] Processed Images Done taking 0.0074291229248046875 seconds. Shape:  torch.Size([1, 3, 518, 518])[0m
[97m[INFO ] Model Forward Pass Done. Time: 0.042151451110839844 seconds[0m
[97m[INFO ] Conversion to Prediction Done. Time: 0.00037598609924316406 seconds[0m
depth: 1196/2000 frame=1195
[97m[INFO ] Processed Images Done taking 0.006944894790649414 seconds. Shape:  torch.Size([1, 3, 518, 518])[0m
[97m[INFO ] Model Forward Pass Done. Time: 0.04232192039489746 seconds[0m
[97m[INFO ] Conversion to Prediction Done. Time: 0.00033354759216308594 seconds[0m
depth: 1197/2000 frame=1196
[97m[INFO ] Processed Images Done taking 0.007043600082397461 seconds. Shape:  torch.Size([1, 3, 518, 518])[0m
[97m[INFO ] Model Forward Pass Done. Time: 0.041420936584472656 seconds[0m
[97m[INFO ] Conversion to Prediction Done. Time: 0.00033092498779296875 seconds[0m
depth: 1198/2000 frame=1197
[97m[INFO ] Processed Images Done taking 0.006187915802001953 seconds. Shape:  torch.Size([1, 3, 518, 518])[0m
[97m[INFO ] Model Forward Pass Done. Time: 0.03998613357543945 seconds[0m
[97m[INFO ] Conversion to Prediction Done. Time: 0.00036263465881347656 seconds[0m
depth: 1199/2000 frame=1198
[97m[INFO ] Processed Images Done taking 0.007494211196899414 seconds. Shape:  torch.Size([1, 3, 518, 518])[0m
[97m[INFO ] Model Forward Pass Done. Time: 0.04147052764892578 seconds[0m
[97m[INFO ] Conversion to Prediction Done. Time: 0.0003304481506347656 seconds[0m
depth: 1200/2000 frame=1199
[97m[INFO ] Processed Images Done taking 0.0073163509368896484 seconds. Shape:  torch.Size([1, 3, 518, 518])[0m
[97m[INFO ] Model Forward Pass Done. Time: 0.044339895248413086 seconds[0m
[97m[INFO ] Conversion to Prediction Done. Time: 0.0003268718719482422 seconds[0m
depth: 1201/2000 frame=1200
[97m[INFO ] Processed Images Done taking 0.006335735321044922 seconds. Shape:  torch.Size([1, 3, 518, 518])[0m
[97m[INFO ] Model Forward Pass Done. Time: 0.040358543395996094 seconds[0m
[97m[INFO ] Conversion to Prediction Done. Time: 0.00034880638122558594 seconds[0m
depth: 1202/2000 frame=1201
[97m[INFO ] Processed Images Done taking 0.008577823638916016 seconds. Shape:  torch.Size([1, 3, 518, 518])[0m
[97m[INFO ] Model Forward Pass Done. Time: 0.04108095169067383 seconds[0m
[97m[INFO ] Conversion to Prediction Done. Time: 0.0003292560577392578 seconds[0m
depth: 1203/2000 frame=1202
[97m[INFO ] Processed Images Done taking 0.006265163421630859 seconds. Shape:  torch.Size([1, 3, 518, 518])[0m
[97m[INFO ] Model Forward Pass Done. Time: 0.039813995361328125 seconds[0m
[97m[INFO ] Conversion to Prediction Done. Time: 0.0003273487091064453 seconds[0m
depth: 1204/2000 frame=1203
[97m[INFO ] Processed Images Done taking 0.006359100341796875 seconds. Shape:  torch.Size([1, 3, 518, 518])[0m
[97m[INFO ] Model Forward Pass Done. Time: 0.042717695236206055 seconds[0m
[97m[INFO ] Conversion to Prediction Done. Time: 0.0003757476806640625 seconds[0m
depth: 1205/2000 frame=1204
[97m[INFO ] Processed Images Done taking 0.006484270095825195 seconds. Shape:  torch.Size([1, 3, 518, 518])[0m
[97m[INFO ] Model Forward Pass Done. Time: 0.04095888137817383 seconds[0m
[97m[INFO ] Conversion to Prediction Done. Time: 0.0003268718719482422 seconds[0m
depth: 1206/2000 frame=1205
[97m[INFO ] Processed Images Done taking 0.006918191909790039 seconds. Shape:  torch.Size([1, 3, 518, 518])[0m
[97m[INFO ] Model Forward Pass Done. Time: 0.04091000556945801 seconds[0m
[97m[INFO ] Conversion to Prediction Done. Time: 0.0003337860107421875 seconds[0m
depth: 1207/2000 frame=1206
[97m[INFO ] Processed Images Done taking 0.007164478302001953 seconds. Shape:  torch.Size([1, 3, 518, 518])[0m
[97m[INFO ] Model Forward Pass Done. Time: 0.041211605072021484 seconds[0m
[97m[INFO ] Conversion to Prediction Done. Time: 0.0003566741943359375 seconds[0m
depth: 1208/2000 frame=1207
[97m[INFO ] Processed Images Done taking 0.00683283805847168 seconds. Shape:  torch.Size([1, 3, 518, 518])[0m
[97m[INFO ] Model Forward Pass Done. Time: 0.04232382774353027 seconds[0m
[97m[INFO ] Conversion to Prediction Done. Time: 0.0003368854522705078 seconds[0m
depth: 1209/2000 frame=1208
[97m[INFO ] Processed Images Done taking 0.006005048751831055 seconds. Shape:  torch.Size([1, 3, 518, 518])[0m
[97m[INFO ] Model Forward Pass Done. Time: 0.04107856750488281 seconds[0m
[97m[INFO ] Conversion to Prediction Done. Time: 0.00035572052001953125 seconds[0m
depth: 1210/2000 frame=1209
[97m[INFO ] Processed Images Done taking 0.006469011306762695 seconds. Shape:  torch.Size([1, 3, 518, 518])[0m
[97m[INFO ] Model Forward Pass Done. Time: 0.04179501533508301 seconds[0m
[97m[INFO ] Conversion to Prediction Done. Time: 0.0003380775451660156 seconds[0m
depth: 1211/2000 frame=1210
[97m[INFO ] Processed Images Done taking 0.0070650577545166016 seconds. Shape:  torch.Size([1, 3, 518, 518])[0m
[97m[INFO ] Model Forward Pass Done. Time: 0.03989362716674805 seconds[0m
[97m[INFO ] Conversion to Prediction Done. Time: 0.0003261566162109375 seconds[0m
depth: 1212/2000 frame=1211
[97m[INFO ] Processed Images Done taking 0.006585359573364258 seconds. Shape:  torch.Size([1, 3, 518, 518])[0m
[97m[INFO ] Model Forward Pass Done. Time: 0.04033613204956055 seconds[0m
[97m[INFO ] Conversion to Prediction Done. Time: 0.00036215782165527344 seconds[0m
depth: 1213/2000 frame=1212
[97m[INFO ] Processed Images Done taking 0.006520271301269531 seconds. Shape:  torch.Size([1, 3, 518, 518])[0m
[97m[INFO ] Model Forward Pass Done. Time: 0.04239034652709961 seconds[0m
[97m[INFO ] Conversion to Prediction Done. Time: 0.0003120899200439453 seconds[0m
depth: 1214/2000 frame=1213
[97m[INFO ] Processed Images Done taking 0.006350278854370117 seconds. Shape:  torch.Size([1, 3, 518, 518])[0m
[97m[INFO ] Model Forward Pass Done. Time: 0.04094743728637695 seconds[0m
[97m[INFO ] Conversion to Prediction Done. Time: 0.0003256797790527344 seconds[0m
depth: 1215/2000 frame=1214
[97m[INFO ] Processed Images Done taking 0.006447553634643555 seconds. Shape:  torch.Size([1, 3, 518, 518])[0m
[97m[INFO ] Model Forward Pass Done. Time: 0.040718793869018555 seconds[0m
[97m[INFO ] Conversion to Prediction Done. Time: 0.0003573894500732422 seconds[0m
depth: 1216/2000 frame=1215
[97m[INFO ] Processed Images Done taking 0.005902290344238281 seconds. Shape:  torch.Size([1, 3, 518, 518])[0m
[97m[INFO ] Model Forward Pass Done. Time: 0.04087400436401367 seconds[0m
[97m[INFO ] Conversion to Prediction Done. Time: 0.00031256675720214844 seconds[0m
depth: 1217/2000 frame=1216
[97m[INFO ] Processed Images Done taking 0.0065746307373046875 seconds. Shape:  torch.Size([1, 3, 518, 518])[0m
[97m[INFO ] Model Forward Pass Done. Time: 0.040667057037353516 seconds[0m
[97m[INFO ] Conversion to Prediction Done. Time: 0.0003230571746826172 seconds[0m
depth: 1218/2000 frame=1217
[97m[INFO ] Processed Images Done taking 0.005875825881958008 seconds. Shape:  torch.Size([1, 3, 518, 518])[0m
[97m[INFO ] Model Forward Pass Done. Time: 0.0409393310546875 seconds[0m
[97m[INFO ] Conversion to Prediction Done. Time: 0.0003688335418701172 seconds[0m
depth: 1219/2000 frame=1218
[97m[INFO ] Processed Images Done taking 0.0059659481048583984 seconds. Shape:  torch.Size([1, 3, 518, 518])[0m
[97m[INFO ] Model Forward Pass Done. Time: 0.04086804389953613 seconds[0m
[97m[INFO ] Conversion to Prediction Done. Time: 0.0003261566162109375 seconds[0m
depth: 1220/2000 frame=1219
[97m[INFO ] Processed Images Done taking 0.007542848587036133 seconds. Shape:  torch.Size([1, 3, 518, 518])[0m
[97m[INFO ] Model Forward Pass Done. Time: 0.041939496994018555 seconds[0m
[97m[INFO ] Conversion to Prediction Done. Time: 0.00032901763916015625 seconds[0m
depth: 1221/2000 frame=1220
[97m[INFO ] Processed Images Done taking 0.006135463714599609 seconds. Shape:  torch.Size([1, 3, 518, 518])[0m
[97m[INFO ] Model Forward Pass Done. Time: 0.04103493690490723 seconds[0m
[97m[INFO ] Conversion to Prediction Done. Time: 0.0003566741943359375 seconds[0m
depth: 1222/2000 frame=1221
[97m[INFO ] Processed Images Done taking 0.00657963752746582 seconds. Shape:  torch.Size([1, 3, 518, 518])[0m
[97m[INFO ] Model Forward Pass Done. Time: 0.04075050354003906 seconds[0m
[97m[INFO ] Conversion to Prediction Done. Time: 0.0003123283386230469 seconds[0m
depth: 1223/2000 frame=1222
[97m[INFO ] Processed Images Done taking 0.006969451904296875 seconds. Shape:  torch.Size([1, 3, 518, 518])[0m
[97m[INFO ] Model Forward Pass Done. Time: 0.042314767837524414 seconds[0m
[97m[INFO ] Conversion to Prediction Done. Time: 0.00032520294189453125 seconds[0m
depth: 1224/2000 frame=1223
[97m[INFO ] Processed Images Done taking 0.005829811096191406 seconds. Shape:  torch.Size([1, 3, 518, 518])[0m
[97m[INFO ] Model Forward Pass Done. Time: 0.048119544982910156 seconds[0m
[97m[INFO ] Conversion to Prediction Done. Time: 0.0003819465637207031 seconds[0m
depth: 1225/2000 frame=1224
[97m[INFO ] Processed Images Done taking 0.006474733352661133 seconds. Shape:  torch.Size([1, 3, 518, 518])[0m
[97m[INFO ] Model Forward Pass Done. Time: 0.038066864013671875 seconds[0m
[97m[INFO ] Conversion to Prediction Done. Time: 0.00032639503479003906 seconds[0m
depth: 1226/2000 frame=1225
[97m[INFO ] Processed Images Done taking 0.007958650588989258 seconds. Shape:  torch.Size([1, 3, 518, 518])[0m
[97m[INFO ] Model Forward Pass Done. Time: 0.040924787521362305 seconds[0m
[97m[INFO ] Conversion to Prediction Done. Time: 0.00032639503479003906 seconds[0m
depth: 1227/2000 frame=1226
[97m[INFO ] Processed Images Done taking 0.006071329116821289 seconds. Shape:  torch.Size([1, 3, 518, 518])[0m
[97m[INFO ] Model Forward Pass Done. Time: 0.037987709045410156 seconds[0m
[97m[INFO ] Conversion to Prediction Done. Time: 0.00035691261291503906 seconds[0m
depth: 1228/2000 frame=1227
[97m[INFO ] Processed Images Done taking 0.006714582443237305 seconds. Shape:  torch.Size([1, 3, 518, 518])[0m
[97m[INFO ] Model Forward Pass Done. Time: 0.03890037536621094 seconds[0m
[97m[INFO ] Conversion to Prediction Done. Time: 0.0003292560577392578 seconds[0m
depth: 1229/2000 frame=1228
[97m[INFO ] Processed Images Done taking 0.0070285797119140625 seconds. Shape:  torch.Size([1, 3, 518, 518])[0m
[97m[INFO ] Model Forward Pass Done. Time: 0.0410459041595459 seconds[0m
[97m[INFO ] Conversion to Prediction Done. Time: 0.0003304481506347656 seconds[0m
depth: 1230/2000 frame=1229
[97m[INFO ] Processed Images Done taking 0.006394863128662109 seconds. Shape:  torch.Size([1, 3, 518, 518])[0m
[97m[INFO ] Model Forward Pass Done. Time: 0.03792738914489746 seconds[0m
[97m[INFO ] Conversion to Prediction Done. Time: 0.00036406517028808594 seconds[0m
depth: 1231/2000 frame=1230
[97m[INFO ] Processed Images Done taking 0.0074462890625 seconds. Shape:  torch.Size([1, 3, 518, 518])[0m
[97m[INFO ] Model Forward Pass Done. Time: 0.042569875717163086 seconds[0m
[97m[INFO ] Conversion to Prediction Done. Time: 0.0003209114074707031 seconds[0m
depth: 1232/2000 frame=1231
[97m[INFO ] Processed Images Done taking 0.007870197296142578 seconds. Shape:  torch.Size([1, 3, 518, 518])[0m
[97m[INFO ] Model Forward Pass Done. Time: 0.04099440574645996 seconds[0m
[97m[INFO ] Conversion to Prediction Done. Time: 0.0003273487091064453 seconds[0m
depth: 1233/2000 frame=1232
[97m[INFO ] Processed Images Done taking 0.007289409637451172 seconds. Shape:  torch.Size([1, 3, 518, 518])[0m
[97m[INFO ] Model Forward Pass Done. Time: 0.04195570945739746 seconds[0m
[97m[INFO ] Conversion to Prediction Done. Time: 0.00034332275390625 seconds[0m
depth: 1234/2000 frame=1233
[97m[INFO ] Processed Images Done taking 0.006574869155883789 seconds. Shape:  torch.Size([1, 3, 518, 518])[0m
[97m[INFO ] Model Forward Pass Done. Time: 0.04076719284057617 seconds[0m
[97m[INFO ] Conversion to Prediction Done. Time: 0.0003147125244140625 seconds[0m
depth: 1235/2000 frame=1234
[97m[INFO ] Processed Images Done taking 0.005694150924682617 seconds. Shape:  torch.Size([1, 3, 518, 518])[0m
[97m[INFO ] Model Forward Pass Done. Time: 0.0409853458404541 seconds[0m
[97m[INFO ] Conversion to Prediction Done. Time: 0.00034928321838378906 seconds[0m
depth: 1236/2000 frame=1235
[97m[INFO ] Processed Images Done taking 0.006675004959106445 seconds. Shape:  torch.Size([1, 3, 518, 518])[0m
[97m[INFO ] Model Forward Pass Done. Time: 0.04221630096435547 seconds[0m
[97m[INFO ] Conversion to Prediction Done. Time: 0.0003275871276855469 seconds[0m
depth: 1237/2000 frame=1236
[97m[INFO ] Processed Images Done taking 0.006993532180786133 seconds. Shape:  torch.Size([1, 3, 518, 518])[0m
[97m[INFO ] Model Forward Pass Done. Time: 0.041953325271606445 seconds[0m
[97m[INFO ] Conversion to Prediction Done. Time: 0.00030732154846191406 seconds[0m
depth: 1238/2000 frame=1237
[97m[INFO ] Processed Images Done taking 0.007147073745727539 seconds. Shape:  torch.Size([1, 3, 518, 518])[0m
[97m[INFO ] Model Forward Pass Done. Time: 0.040209293365478516 seconds[0m
[97m[INFO ] Conversion to Prediction Done. Time: 0.00035119056701660156 seconds[0m
depth: 1239/2000 frame=1238
[97m[INFO ] Processed Images Done taking 0.006779193878173828 seconds. Shape:  torch.Size([1, 3, 518, 518])[0m
[97m[INFO ] Model Forward Pass Done. Time: 0.04064154624938965 seconds[0m
[97m[INFO ] Conversion to Prediction Done. Time: 0.00032401084899902344 seconds[0m
depth: 1240/2000 frame=1239
[97m[INFO ] Processed Images Done taking 0.00749516487121582 seconds. Shape:  torch.Size([1, 3, 518, 518])[0m
[97m[INFO ] Model Forward Pass Done. Time: 0.04222869873046875 seconds[0m
[97m[INFO ] Conversion to Prediction Done. Time: 0.0003247261047363281 seconds[0m
depth: 1241/2000 frame=1240
[97m[INFO ] Processed Images Done taking 0.0067594051361083984 seconds. Shape:  torch.Size([1, 3, 518, 518])[0m
[97m[INFO ] Model Forward Pass Done. Time: 0.0406947135925293 seconds[0m
[97m[INFO ] Conversion to Prediction Done. Time: 0.0003407001495361328 seconds[0m
depth: 1242/2000 frame=1241
[97m[INFO ] Processed Images Done taking 0.006527900695800781 seconds. Shape:  torch.Size([1, 3, 518, 518])[0m
[97m[INFO ] Model Forward Pass Done. Time: 0.040178775787353516 seconds[0m
[97m[INFO ] Conversion to Prediction Done. Time: 0.00031304359436035156 seconds[0m
depth: 1243/2000 frame=1242
[97m[INFO ] Processed Images Done taking 0.008417129516601562 seconds. Shape:  torch.Size([1, 3, 518, 518])[0m
[97m[INFO ] Model Forward Pass Done. Time: 0.04392051696777344 seconds[0m
[97m[INFO ] Conversion to Prediction Done. Time: 0.00032782554626464844 seconds[0m
depth: 1244/2000 frame=1243
[97m[INFO ] Processed Images Done taking 0.006519794464111328 seconds. Shape:  torch.Size([1, 3, 518, 518])[0m
[97m[INFO ] Model Forward Pass Done. Time: 0.0409998893737793 seconds[0m
[97m[INFO ] Conversion to Prediction Done. Time: 0.0003597736358642578 seconds[0m
depth: 1245/2000 frame=1244
[97m[INFO ] Processed Images Done taking 0.0061359405517578125 seconds. Shape:  torch.Size([1, 3, 518, 518])[0m
[97m[INFO ] Model Forward Pass Done. Time: 0.04099678993225098 seconds[0m
[97m[INFO ] Conversion to Prediction Done. Time: 0.000335693359375 seconds[0m
depth: 1246/2000 frame=1245
[97m[INFO ] Processed Images Done taking 0.007963418960571289 seconds. Shape:  torch.Size([1, 3, 518, 518])[0m
[97m[INFO ] Model Forward Pass Done. Time: 0.0425570011138916 seconds[0m
[97m[INFO ] Conversion to Prediction Done. Time: 0.0003147125244140625 seconds[0m
depth: 1247/2000 frame=1246
[97m[INFO ] Processed Images Done taking 0.0067462921142578125 seconds. Shape:  torch.Size([1, 3, 518, 518])[0m
[97m[INFO ] Model Forward Pass Done. Time: 0.04097104072570801 seconds[0m
[97m[INFO ] Conversion to Prediction Done. Time: 0.000362396240234375 seconds[0m
depth: 1248/2000 frame=1247
[97m[INFO ] Processed Images Done taking 0.0068895816802978516 seconds. Shape:  torch.Size([1, 3, 518, 518])[0m
[97m[INFO ] Model Forward Pass Done. Time: 0.044072866439819336 seconds[0m
[97m[INFO ] Conversion to Prediction Done. Time: 0.0003211498260498047 seconds[0m
depth: 1249/2000 frame=1248
[97m[INFO ] Processed Images Done taking 0.007028818130493164 seconds. Shape:  torch.Size([1, 3, 518, 518])[0m
[97m[INFO ] Model Forward Pass Done. Time: 0.04065585136413574 seconds[0m
[97m[INFO ] Conversion to Prediction Done. Time: 0.0003192424774169922 seconds[0m
depth: 1250/2000 frame=1249
[97m[INFO ] Processed Images Done taking 0.007734060287475586 seconds. Shape:  torch.Size([1, 3, 518, 518])[0m
[97m[INFO ] Model Forward Pass Done. Time: 0.04422450065612793 seconds[0m
[97m[INFO ] Conversion to Prediction Done. Time: 0.0003762245178222656 seconds[0m
depth: 1251/2000 frame=1250
[97m[INFO ] Processed Images Done taking 0.0060329437255859375 seconds. Shape:  torch.Size([1, 3, 518, 518])[0m
[97m[INFO ] Model Forward Pass Done. Time: 0.040602684020996094 seconds[0m
[97m[INFO ] Conversion to Prediction Done. Time: 0.00032019615173339844 seconds[0m
depth: 1252/2000 frame=1251
[97m[INFO ] Processed Images Done taking 0.0064432621002197266 seconds. Shape:  torch.Size([1, 3, 518, 518])[0m
[97m[INFO ] Model Forward Pass Done. Time: 0.0422670841217041 seconds[0m
[97m[INFO ] Conversion to Prediction Done. Time: 0.0003192424774169922 seconds[0m
depth: 1253/2000 frame=1252
[97m[INFO ] Processed Images Done taking 0.006488800048828125 seconds. Shape:  torch.Size([1, 3, 518, 518])[0m
[97m[INFO ] Model Forward Pass Done. Time: 0.04070591926574707 seconds[0m
[97m[INFO ] Conversion to Prediction Done. Time: 0.00036215782165527344 seconds[0m
depth: 1254/2000 frame=1253
[97m[INFO ] Processed Images Done taking 0.007469892501831055 seconds. Shape:  torch.Size([1, 3, 518, 518])[0m
[97m[INFO ] Model Forward Pass Done. Time: 0.04219675064086914 seconds[0m
[97m[INFO ] Conversion to Prediction Done. Time: 0.0003325939178466797 seconds[0m
depth: 1255/2000 frame=1254
[97m[INFO ] Processed Images Done taking 0.006203413009643555 seconds. Shape:  torch.Size([1, 3, 518, 518])[0m
[97m[INFO ] Model Forward Pass Done. Time: 0.040880441665649414 seconds[0m
[97m[INFO ] Conversion to Prediction Done. Time: 0.0003330707550048828 seconds[0m
depth: 1256/2000 frame=1255
[97m[INFO ] Processed Images Done taking 0.007409811019897461 seconds. Shape:  torch.Size([1, 3, 518, 518])[0m
[97m[INFO ] Model Forward Pass Done. Time: 0.04125833511352539 seconds[0m
[97m[INFO ] Conversion to Prediction Done. Time: 0.0003552436828613281 seconds[0m
depth: 1257/2000 frame=1256
[97m[INFO ] Processed Images Done taking 0.006842613220214844 seconds. Shape:  torch.Size([1, 3, 518, 518])[0m
[97m[INFO ] Model Forward Pass Done. Time: 0.040021419525146484 seconds[0m
[97m[INFO ] Conversion to Prediction Done. Time: 0.0003237724304199219 seconds[0m
depth: 1258/2000 frame=1257
[97m[INFO ] Processed Images Done taking 0.006829023361206055 seconds. Shape:  torch.Size([1, 3, 518, 518])[0m
[97m[INFO ] Model Forward Pass Done. Time: 0.042363882064819336 seconds[0m
[97m[INFO ] Conversion to Prediction Done. Time: 0.0003230571746826172 seconds[0m
depth: 1259/2000 frame=1258
[97m[INFO ] Processed Images Done taking 0.006376504898071289 seconds. Shape:  torch.Size([1, 3, 518, 518])[0m
[97m[INFO ] Model Forward Pass Done. Time: 0.04096198081970215 seconds[0m
[97m[INFO ] Conversion to Prediction Done. Time: 0.0003571510314941406 seconds[0m
depth: 1260/2000 frame=1259
[97m[INFO ] Processed Images Done taking 0.006824970245361328 seconds. Shape:  torch.Size([1, 3, 518, 518])[0m
[97m[INFO ] Model Forward Pass Done. Time: 0.0375974178314209 seconds[0m
[97m[INFO ] Conversion to Prediction Done. Time: 0.0003299713134765625 seconds[0m
depth: 1261/2000 frame=1260
[97m[INFO ] Processed Images Done taking 0.007966995239257812 seconds. Shape:  torch.Size([1, 3, 518, 518])[0m
[97m[INFO ] Model Forward Pass Done. Time: 0.040831804275512695 seconds[0m
[97m[INFO ] Conversion to Prediction Done. Time: 0.00033926963806152344 seconds[0m
depth: 1262/2000 frame=1261
[97m[INFO ] Processed Images Done taking 0.006104469299316406 seconds. Shape:  torch.Size([1, 3, 518, 518])[0m
[97m[INFO ] Model Forward Pass Done. Time: 0.04074263572692871 seconds[0m
[97m[INFO ] Conversion to Prediction Done. Time: 0.0003573894500732422 seconds[0m
depth: 1263/2000 frame=1262
[97m[INFO ] Processed Images Done taking 0.00661468505859375 seconds. Shape:  torch.Size([1, 3, 518, 518])[0m
[97m[INFO ] Model Forward Pass Done. Time: 0.041533470153808594 seconds[0m
[97m[INFO ] Conversion to Prediction Done. Time: 0.00031256675720214844 seconds[0m
depth: 1264/2000 frame=1263
[97m[INFO ] Processed Images Done taking 0.008440017700195312 seconds. Shape:  torch.Size([1, 3, 518, 518])[0m
[97m[INFO ] Model Forward Pass Done. Time: 0.04077720642089844 seconds[0m
[97m[INFO ] Conversion to Prediction Done. Time: 0.0003345012664794922 seconds[0m
depth: 1265/2000 frame=1264
[97m[INFO ] Processed Images Done taking 0.007580995559692383 seconds. Shape:  torch.Size([1, 3, 518, 518])[0m
[97m[INFO ] Model Forward Pass Done. Time: 0.04429149627685547 seconds[0m
[97m[INFO ] Conversion to Prediction Done. Time: 0.00035071372985839844 seconds[0m
depth: 1266/2000 frame=1265
[97m[INFO ] Processed Images Done taking 0.007489442825317383 seconds. Shape:  torch.Size([1, 3, 518, 518])[0m
[97m[INFO ] Model Forward Pass Done. Time: 0.04007983207702637 seconds[0m
[97m[INFO ] Conversion to Prediction Done. Time: 0.0003345012664794922 seconds[0m
depth: 1267/2000 frame=1266
[97m[INFO ] Processed Images Done taking 0.007867813110351562 seconds. Shape:  torch.Size([1, 3, 518, 518])[0m
[97m[INFO ] Model Forward Pass Done. Time: 0.04089522361755371 seconds[0m
[97m[INFO ] Conversion to Prediction Done. Time: 0.00032711029052734375 seconds[0m
depth: 1268/2000 frame=1267
[97m[INFO ] Processed Images Done taking 0.007593393325805664 seconds. Shape:  torch.Size([1, 3, 518, 518])[0m
[97m[INFO ] Model Forward Pass Done. Time: 0.041623592376708984 seconds[0m
[97m[INFO ] Conversion to Prediction Done. Time: 0.00034999847412109375 seconds[0m
depth: 1269/2000 frame=1268
[97m[INFO ] Processed Images Done taking 0.006303071975708008 seconds. Shape:  torch.Size([1, 3, 518, 518])[0m
[97m[INFO ] Model Forward Pass Done. Time: 0.0407404899597168 seconds[0m
[97m[INFO ] Conversion to Prediction Done. Time: 0.0003383159637451172 seconds[0m
depth: 1270/2000 frame=1269
[97m[INFO ] Processed Images Done taking 0.006493330001831055 seconds. Shape:  torch.Size([1, 3, 518, 518])[0m
[97m[INFO ] Model Forward Pass Done. Time: 0.041901588439941406 seconds[0m
[97m[INFO ] Conversion to Prediction Done. Time: 0.00034737586975097656 seconds[0m
depth: 1271/2000 frame=1270
[97m[INFO ] Processed Images Done taking 0.006174802780151367 seconds. Shape:  torch.Size([1, 3, 518, 518])[0m
[97m[INFO ] Model Forward Pass Done. Time: 0.04117918014526367 seconds[0m
[97m[INFO ] Conversion to Prediction Done. Time: 0.0003581047058105469 seconds[0m
depth: 1272/2000 frame=1271
[97m[INFO ] Processed Images Done taking 0.006220579147338867 seconds. Shape:  torch.Size([1, 3, 518, 518])[0m
[97m[INFO ] Model Forward Pass Done. Time: 0.042571067810058594 seconds[0m
[97m[INFO ] Conversion to Prediction Done. Time: 0.00032901763916015625 seconds[0m
depth: 1273/2000 frame=1272
[97m[INFO ] Processed Images Done taking 0.00762176513671875 seconds. Shape:  torch.Size([1, 3, 518, 518])[0m
[97m[INFO ] Model Forward Pass Done. Time: 0.04176950454711914 seconds[0m
[97m[INFO ] Conversion to Prediction Done. Time: 0.0003256797790527344 seconds[0m
depth: 1274/2000 frame=1273
[97m[INFO ] Processed Images Done taking 0.006303548812866211 seconds. Shape:  torch.Size([1, 3, 518, 518])[0m
[97m[INFO ] Model Forward Pass Done. Time: 0.040175676345825195 seconds[0m
[97m[INFO ] Conversion to Prediction Done. Time: 0.00035691261291503906 seconds[0m
depth: 1275/2000 frame=1274
[97m[INFO ] Processed Images Done taking 0.007445573806762695 seconds. Shape:  torch.Size([1, 3, 518, 518])[0m
[97m[INFO ] Model Forward Pass Done. Time: 0.0424044132232666 seconds[0m
[97m[INFO ] Conversion to Prediction Done. Time: 0.0003285408020019531 seconds[0m
depth: 1276/2000 frame=1275
[97m[INFO ] Processed Images Done taking 0.007791042327880859 seconds. Shape:  torch.Size([1, 3, 518, 518])[0m
[97m[INFO ] Model Forward Pass Done. Time: 0.04130244255065918 seconds[0m
[97m[INFO ] Conversion to Prediction Done. Time: 0.00033283233642578125 seconds[0m
depth: 1277/2000 frame=1276
[97m[INFO ] Processed Images Done taking 0.00625300407409668 seconds. Shape:  torch.Size([1, 3, 518, 518])[0m
[97m[INFO ] Model Forward Pass Done. Time: 0.04196619987487793 seconds[0m
[97m[INFO ] Conversion to Prediction Done. Time: 0.0003631114959716797 seconds[0m
depth: 1278/2000 frame=1277
[97m[INFO ] Processed Images Done taking 0.006872653961181641 seconds. Shape:  torch.Size([1, 3, 518, 518])[0m
[97m[INFO ] Model Forward Pass Done. Time: 0.04151797294616699 seconds[0m
[97m[INFO ] Conversion to Prediction Done. Time: 0.00032591819763183594 seconds[0m
depth: 1279/2000 frame=1278
[97m[INFO ] Processed Images Done taking 0.006253719329833984 seconds. Shape:  torch.Size([1, 3, 518, 518])[0m
[97m[INFO ] Model Forward Pass Done. Time: 0.04051494598388672 seconds[0m
[97m[INFO ] Conversion to Prediction Done. Time: 0.00032329559326171875 seconds[0m
depth: 1280/2000 frame=1279
[97m[INFO ] Processed Images Done taking 0.0062160491943359375 seconds. Shape:  torch.Size([1, 3, 518, 518])[0m
[97m[INFO ] Model Forward Pass Done. Time: 0.04103565216064453 seconds[0m
[97m[INFO ] Conversion to Prediction Done. Time: 0.00035691261291503906 seconds[0m
depth: 1281/2000 frame=1280
[97m[INFO ] Processed Images Done taking 0.007434368133544922 seconds. Shape:  torch.Size([1, 3, 518, 518])[0m
[97m[INFO ] Model Forward Pass Done. Time: 0.042311668395996094 seconds[0m
[97m[INFO ] Conversion to Prediction Done. Time: 0.00032639503479003906 seconds[0m
depth: 1282/2000 frame=1281
[97m[INFO ] Processed Images Done taking 0.007347822189331055 seconds. Shape:  torch.Size([1, 3, 518, 518])[0m
[97m[INFO ] Model Forward Pass Done. Time: 0.040899038314819336 seconds[0m
[97m[INFO ] Conversion to Prediction Done. Time: 0.00032258033752441406 seconds[0m
depth: 1283/2000 frame=1282
[97m[INFO ] Processed Images Done taking 0.006869316101074219 seconds. Shape:  torch.Size([1, 3, 518, 518])[0m
[97m[INFO ] Model Forward Pass Done. Time: 0.04621553421020508 seconds[0m
[97m[INFO ] Conversion to Prediction Done. Time: 0.00036025047302246094 seconds[0m
depth: 1284/2000 frame=1283
[97m[INFO ] Processed Images Done taking 0.00608062744140625 seconds. Shape:  torch.Size([1, 3, 518, 518])[0m
[97m[INFO ] Model Forward Pass Done. Time: 0.04033517837524414 seconds[0m
[97m[INFO ] Conversion to Prediction Done. Time: 0.0003292560577392578 seconds[0m
depth: 1285/2000 frame=1284
[97m[INFO ] Processed Images Done taking 0.007443666458129883 seconds. Shape:  torch.Size([1, 3, 518, 518])[0m
[97m[INFO ] Model Forward Pass Done. Time: 0.040976524353027344 seconds[0m
[97m[INFO ] Conversion to Prediction Done. Time: 0.00031113624572753906 seconds[0m
depth: 1286/2000 frame=1285
[97m[INFO ] Processed Images Done taking 0.006821393966674805 seconds. Shape:  torch.Size([1, 3, 518, 518])[0m
[97m[INFO ] Model Forward Pass Done. Time: 0.04084467887878418 seconds[0m
[97m[INFO ] Conversion to Prediction Done. Time: 0.0003540515899658203 seconds[0m
depth: 1287/2000 frame=1286
[97m[INFO ] Processed Images Done taking 0.006984710693359375 seconds. Shape:  torch.Size([1, 3, 518, 518])[0m
[97m[INFO ] Model Forward Pass Done. Time: 0.043755531311035156 seconds[0m
[97m[INFO ] Conversion to Prediction Done. Time: 0.00032782554626464844 seconds[0m
depth: 1288/2000 frame=1287
[97m[INFO ] Processed Images Done taking 0.007787942886352539 seconds. Shape:  torch.Size([1, 3, 518, 518])[0m
[97m[INFO ] Model Forward Pass Done. Time: 0.04135465621948242 seconds[0m
[97m[INFO ] Conversion to Prediction Done. Time: 0.0003299713134765625 seconds[0m
depth: 1289/2000 frame=1288
[97m[INFO ] Processed Images Done taking 0.0071375370025634766 seconds. Shape:  torch.Size([1, 3, 518, 518])[0m
[97m[INFO ] Model Forward Pass Done. Time: 0.04027819633483887 seconds[0m
[97m[INFO ] Conversion to Prediction Done. Time: 0.0003421306610107422 seconds[0m
depth: 1290/2000 frame=1289
[97m[INFO ] Processed Images Done taking 0.00773930549621582 seconds. Shape:  torch.Size([1, 3, 518, 518])[0m
[97m[INFO ] Model Forward Pass Done. Time: 0.040921926498413086 seconds[0m
[97m[INFO ] Conversion to Prediction Done. Time: 0.0003275871276855469 seconds[0m
depth: 1291/2000 frame=1290
[97m[INFO ] Processed Images Done taking 0.00674891471862793 seconds. Shape:  torch.Size([1, 3, 518, 518])[0m
[97m[INFO ] Model Forward Pass Done. Time: 0.04231429100036621 seconds[0m
[97m[INFO ] Conversion to Prediction Done. Time: 0.00035500526428222656 seconds[0m
depth: 1292/2000 frame=1291
[97m[INFO ] Processed Images Done taking 0.005741596221923828 seconds. Shape:  torch.Size([1, 3, 518, 518])[0m
[97m[INFO ] Model Forward Pass Done. Time: 0.03781485557556152 seconds[0m
[97m[INFO ] Conversion to Prediction Done. Time: 0.0003254413604736328 seconds[0m
depth: 1293/2000 frame=1292
[97m[INFO ] Processed Images Done taking 0.0066776275634765625 seconds. Shape:  torch.Size([1, 3, 518, 518])[0m
[97m[INFO ] Model Forward Pass Done. Time: 0.04463076591491699 seconds[0m
[97m[INFO ] Conversion to Prediction Done. Time: 0.00032639503479003906 seconds[0m
depth: 1294/2000 frame=1293
[97m[INFO ] Processed Images Done taking 0.007867813110351562 seconds. Shape:  torch.Size([1, 3, 518, 518])[0m
[97m[INFO ] Model Forward Pass Done. Time: 0.04005694389343262 seconds[0m
[97m[INFO ] Conversion to Prediction Done. Time: 0.00032806396484375 seconds[0m
depth: 1295/2000 frame=1294
[97m[INFO ] Processed Images Done taking 0.0064313411712646484 seconds. Shape:  torch.Size([1, 3, 518, 518])[0m
[97m[INFO ] Model Forward Pass Done. Time: 0.04238557815551758 seconds[0m
[97m[INFO ] Conversion to Prediction Done. Time: 0.00032448768615722656 seconds[0m
depth: 1296/2000 frame=1295
[97m[INFO ] Processed Images Done taking 0.00651860237121582 seconds. Shape:  torch.Size([1, 3, 518, 518])[0m
[97m[INFO ] Model Forward Pass Done. Time: 0.04239797592163086 seconds[0m
[97m[INFO ] Conversion to Prediction Done. Time: 0.00032591819763183594 seconds[0m
depth: 1297/2000 frame=1296
[97m[INFO ] Processed Images Done taking 0.0073049068450927734 seconds. Shape:  torch.Size([1, 3, 518, 518])[0m
[97m[INFO ] Model Forward Pass Done. Time: 0.03999519348144531 seconds[0m
[97m[INFO ] Conversion to Prediction Done. Time: 0.0003108978271484375 seconds[0m
depth: 1298/2000 frame=1297
[97m[INFO ] Processed Images Done taking 0.008131027221679688 seconds. Shape:  torch.Size([1, 3, 518, 518])[0m
[97m[INFO ] Model Forward Pass Done. Time: 0.0408482551574707 seconds[0m
[97m[INFO ] Conversion to Prediction Done. Time: 0.00031566619873046875 seconds[0m
depth: 1299/2000 frame=1298
[97m[INFO ] Processed Images Done taking 0.0064640045166015625 seconds. Shape:  torch.Size([1, 3, 518, 518])[0m
[97m[INFO ] Model Forward Pass Done. Time: 0.04190826416015625 seconds[0m
[97m[INFO ] Conversion to Prediction Done. Time: 0.0003292560577392578 seconds[0m
depth: 1300/2000 frame=1299
[97m[INFO ] Processed Images Done taking 0.006657123565673828 seconds. Shape:  torch.Size([1, 3, 518, 518])[0m
[97m[INFO ] Model Forward Pass Done. Time: 0.040812015533447266 seconds[0m
[97m[INFO ] Conversion to Prediction Done. Time: 0.0003261566162109375 seconds[0m
depth: 1301/2000 frame=1300
[97m[INFO ] Processed Images Done taking 0.0065119266510009766 seconds. Shape:  torch.Size([1, 3, 518, 518])[0m
[97m[INFO ] Model Forward Pass Done. Time: 0.042104482650756836 seconds[0m
[97m[INFO ] Conversion to Prediction Done. Time: 0.0003268718719482422 seconds[0m
depth: 1302/2000 frame=1301
[97m[INFO ] Processed Images Done taking 0.006630659103393555 seconds. Shape:  torch.Size([1, 3, 518, 518])[0m
[97m[INFO ] Model Forward Pass Done. Time: 0.04097318649291992 seconds[0m
[97m[INFO ] Conversion to Prediction Done. Time: 0.00033736228942871094 seconds[0m
depth: 1303/2000 frame=1302
[97m[INFO ] Processed Images Done taking 0.006954669952392578 seconds. Shape:  torch.Size([1, 3, 518, 518])[0m
[97m[INFO ] Model Forward Pass Done. Time: 0.04143691062927246 seconds[0m
[97m[INFO ] Conversion to Prediction Done. Time: 0.0003268718719482422 seconds[0m
depth: 1304/2000 frame=1303
[97m[INFO ] Processed Images Done taking 0.006527423858642578 seconds. Shape:  torch.Size([1, 3, 518, 518])[0m
[97m[INFO ] Model Forward Pass Done. Time: 0.04087185859680176 seconds[0m
[97m[INFO ] Conversion to Prediction Done. Time: 0.0003483295440673828 seconds[0m
depth: 1305/2000 frame=1304
[97m[INFO ] Processed Images Done taking 0.007844209671020508 seconds. Shape:  torch.Size([1, 3, 518, 518])[0m
[97m[INFO ] Model Forward Pass Done. Time: 0.04195046424865723 seconds[0m
[97m[INFO ] Conversion to Prediction Done. Time: 0.0003235340118408203 seconds[0m
depth: 1306/2000 frame=1305
[97m[INFO ] Processed Images Done taking 0.006735801696777344 seconds. Shape:  torch.Size([1, 3, 518, 518])[0m
[97m[INFO ] Model Forward Pass Done. Time: 0.04075503349304199 seconds[0m
[97m[INFO ] Conversion to Prediction Done. Time: 0.00033855438232421875 seconds[0m
depth: 1307/2000 frame=1306
[97m[INFO ] Processed Images Done taking 0.0069637298583984375 seconds. Shape:  torch.Size([1, 3, 518, 518])[0m
[97m[INFO ] Model Forward Pass Done. Time: 0.04075217247009277 seconds[0m
[97m[INFO ] Conversion to Prediction Done. Time: 0.00032830238342285156 seconds[0m
depth: 1308/2000 frame=1307
[97m[INFO ] Processed Images Done taking 0.006590843200683594 seconds. Shape:  torch.Size([1, 3, 518, 518])[0m
[97m[INFO ] Model Forward Pass Done. Time: 0.0426335334777832 seconds[0m
[97m[INFO ] Conversion to Prediction Done. Time: 0.00031638145446777344 seconds[0m
depth: 1309/2000 frame=1308
[97m[INFO ] Processed Images Done taking 0.006960391998291016 seconds. Shape:  torch.Size([1, 3, 518, 518])[0m
[97m[INFO ] Model Forward Pass Done. Time: 0.041056156158447266 seconds[0m
[97m[INFO ] Conversion to Prediction Done. Time: 0.00033473968505859375 seconds[0m
depth: 1310/2000 frame=1309
[97m[INFO ] Processed Images Done taking 0.006977558135986328 seconds. Shape:  torch.Size([1, 3, 518, 518])[0m
[97m[INFO ] Model Forward Pass Done. Time: 0.04112696647644043 seconds[0m
[97m[INFO ] Conversion to Prediction Done. Time: 0.0003254413604736328 seconds[0m
depth: 1311/2000 frame=1310
[97m[INFO ] Processed Images Done taking 0.00702977180480957 seconds. Shape:  torch.Size([1, 3, 518, 518])[0m
[97m[INFO ] Model Forward Pass Done. Time: 0.04111433029174805 seconds[0m
[97m[INFO ] Conversion to Prediction Done. Time: 0.0003304481506347656 seconds[0m
depth: 1312/2000 frame=1311
[97m[INFO ] Processed Images Done taking 0.0065572261810302734 seconds. Shape:  torch.Size([1, 3, 518, 518])[0m
[97m[INFO ] Model Forward Pass Done. Time: 0.040814876556396484 seconds[0m
[97m[INFO ] Conversion to Prediction Done. Time: 0.0003612041473388672 seconds[0m
depth: 1313/2000 frame=1312
[97m[INFO ] Processed Images Done taking 0.006606101989746094 seconds. Shape:  torch.Size([1, 3, 518, 518])[0m
[97m[INFO ] Model Forward Pass Done. Time: 0.04076576232910156 seconds[0m
[97m[INFO ] Conversion to Prediction Done. Time: 0.0003292560577392578 seconds[0m
depth: 1314/2000 frame=1313
[97m[INFO ] Processed Images Done taking 0.006933689117431641 seconds. Shape:  torch.Size([1, 3, 518, 518])[0m
[97m[INFO ] Model Forward Pass Done. Time: 0.04445219039916992 seconds[0m
[97m[INFO ] Conversion to Prediction Done. Time: 0.0003361701965332031 seconds[0m
depth: 1315/2000 frame=1314
[97m[INFO ] Processed Images Done taking 0.006937742233276367 seconds. Shape:  torch.Size([1, 3, 518, 518])[0m
[97m[INFO ] Model Forward Pass Done. Time: 0.04098010063171387 seconds[0m
[97m[INFO ] Conversion to Prediction Done. Time: 0.0003600120544433594 seconds[0m
depth: 1316/2000 frame=1315
[97m[INFO ] Processed Images Done taking 0.006556272506713867 seconds. Shape:  torch.Size([1, 3, 518, 518])[0m
[97m[INFO ] Model Forward Pass Done. Time: 0.04064202308654785 seconds[0m
[97m[INFO ] Conversion to Prediction Done. Time: 0.00032901763916015625 seconds[0m
depth: 1317/2000 frame=1316
[97m[INFO ] Processed Images Done taking 0.007290840148925781 seconds. Shape:  torch.Size([1, 3, 518, 518])[0m
[97m[INFO ] Model Forward Pass Done. Time: 0.04234004020690918 seconds[0m
[97m[INFO ] Conversion to Prediction Done. Time: 0.00031304359436035156 seconds[0m
depth: 1318/2000 frame=1317
[97m[INFO ] Processed Images Done taking 0.0065767765045166016 seconds. Shape:  torch.Size([1, 3, 518, 518])[0m
[97m[INFO ] Model Forward Pass Done. Time: 0.0408778190612793 seconds[0m
[97m[INFO ] Conversion to Prediction Done. Time: 0.0003592967987060547 seconds[0m
depth: 1319/2000 frame=1318
[97m[INFO ] Processed Images Done taking 0.006371736526489258 seconds. Shape:  torch.Size([1, 3, 518, 518])[0m
[97m[INFO ] Model Forward Pass Done. Time: 0.04062151908874512 seconds[0m
[97m[INFO ] Conversion to Prediction Done. Time: 0.00033164024353027344 seconds[0m
depth: 1320/2000 frame=1319
[97m[INFO ] Processed Images Done taking 0.0067119598388671875 seconds. Shape:  torch.Size([1, 3, 518, 518])[0m
[97m[INFO ] Model Forward Pass Done. Time: 0.04071974754333496 seconds[0m
[97m[INFO ] Conversion to Prediction Done. Time: 0.00033092498779296875 seconds[0m
depth: 1321/2000 frame=1320
[97m[INFO ] Processed Images Done taking 0.00623631477355957 seconds. Shape:  torch.Size([1, 3, 518, 518])[0m
[97m[INFO ] Model Forward Pass Done. Time: 0.04156851768493652 seconds[0m
[97m[INFO ] Conversion to Prediction Done. Time: 0.0003483295440673828 seconds[0m
depth: 1322/2000 frame=1321
[97m[INFO ] Processed Images Done taking 0.006411075592041016 seconds. Shape:  torch.Size([1, 3, 518, 518])[0m
[97m[INFO ] Model Forward Pass Done. Time: 0.04035782814025879 seconds[0m
[97m[INFO ] Conversion to Prediction Done. Time: 0.00033211708068847656 seconds[0m
depth: 1323/2000 frame=1322
[97m[INFO ] Processed Images Done taking 0.0073010921478271484 seconds. Shape:  torch.Size([1, 3, 518, 518])[0m
[97m[INFO ] Model Forward Pass Done. Time: 0.04387378692626953 seconds[0m
[97m[INFO ] Conversion to Prediction Done. Time: 0.0003323554992675781 seconds[0m
depth: 1324/2000 frame=1323
[97m[INFO ] Processed Images Done taking 0.006333112716674805 seconds. Shape:  torch.Size([1, 3, 518, 518])[0m
[97m[INFO ] Model Forward Pass Done. Time: 0.04103255271911621 seconds[0m
[97m[INFO ] Conversion to Prediction Done. Time: 0.0003643035888671875 seconds[0m
depth: 1325/2000 frame=1324
[97m[INFO ] Processed Images Done taking 0.006356477737426758 seconds. Shape:  torch.Size([1, 3, 518, 518])[0m
[97m[INFO ] Model Forward Pass Done. Time: 0.04091644287109375 seconds[0m
[97m[INFO ] Conversion to Prediction Done. Time: 0.0003311634063720703 seconds[0m
depth: 1326/2000 frame=1325
[97m[INFO ] Processed Images Done taking 0.0073168277740478516 seconds. Shape:  torch.Size([1, 3, 518, 518])[0m
[97m[INFO ] Model Forward Pass Done. Time: 0.04179716110229492 seconds[0m
[97m[INFO ] Conversion to Prediction Done. Time: 0.00031256675720214844 seconds[0m
depth: 1327/2000 frame=1326
[97m[INFO ] Processed Images Done taking 0.007805347442626953 seconds. Shape:  torch.Size([1, 3, 518, 518])[0m
[97m[INFO ] Model Forward Pass Done. Time: 0.0441431999206543 seconds[0m
[97m[INFO ] Conversion to Prediction Done. Time: 0.0003561973571777344 seconds[0m
depth: 1328/2000 frame=1327
[97m[INFO ] Processed Images Done taking 0.006309032440185547 seconds. Shape:  torch.Size([1, 3, 518, 518])[0m
[97m[INFO ] Model Forward Pass Done. Time: 0.040364742279052734 seconds[0m
[97m[INFO ] Conversion to Prediction Done. Time: 0.0003192424774169922 seconds[0m
depth: 1329/2000 frame=1328
[97m[INFO ] Processed Images Done taking 0.007874011993408203 seconds. Shape:  torch.Size([1, 3, 518, 518])[0m
[97m[INFO ] Model Forward Pass Done. Time: 0.04085397720336914 seconds[0m
[97m[INFO ] Conversion to Prediction Done. Time: 0.0003299713134765625 seconds[0m
depth: 1330/2000 frame=1329
[97m[INFO ] Processed Images Done taking 0.006189584732055664 seconds. Shape:  torch.Size([1, 3, 518, 518])[0m
[97m[INFO ] Model Forward Pass Done. Time: 0.04109930992126465 seconds[0m
[97m[INFO ] Conversion to Prediction Done. Time: 0.0003561973571777344 seconds[0m
depth: 1331/2000 frame=1330
[97m[INFO ] Processed Images Done taking 0.00608515739440918 seconds. Shape:  torch.Size([1, 3, 518, 518])[0m
[97m[INFO ] Model Forward Pass Done. Time: 0.04076552391052246 seconds[0m
[97m[INFO ] Conversion to Prediction Done. Time: 0.0003273487091064453 seconds[0m
depth: 1332/2000 frame=1331
[97m[INFO ] Processed Images Done taking 0.007348775863647461 seconds. Shape:  torch.Size([1, 3, 518, 518])[0m
[97m[INFO ] Model Forward Pass Done. Time: 0.041767120361328125 seconds[0m
[97m[INFO ] Conversion to Prediction Done. Time: 0.00031948089599609375 seconds[0m
depth: 1333/2000 frame=1332
[97m[INFO ] Processed Images Done taking 0.0076160430908203125 seconds. Shape:  torch.Size([1, 3, 518, 518])[0m
[97m[INFO ] Model Forward Pass Done. Time: 0.04121899604797363 seconds[0m
[97m[INFO ] Conversion to Prediction Done. Time: 0.00035881996154785156 seconds[0m
depth: 1334/2000 frame=1333
[97m[INFO ] Processed Images Done taking 0.006241321563720703 seconds. Shape:  torch.Size([1, 3, 518, 518])[0m
[97m[INFO ] Model Forward Pass Done. Time: 0.04215073585510254 seconds[0m
[97m[INFO ] Conversion to Prediction Done. Time: 0.0003330707550048828 seconds[0m
depth: 1335/2000 frame=1334
[97m[INFO ] Processed Images Done taking 0.0067822933197021484 seconds. Shape:  torch.Size([1, 3, 518, 518])[0m
[97m[INFO ] Model Forward Pass Done. Time: 0.040685415267944336 seconds[0m
[97m[INFO ] Conversion to Prediction Done. Time: 0.00032711029052734375 seconds[0m
depth: 1336/2000 frame=1335
[97m[INFO ] Processed Images Done taking 0.006833791732788086 seconds. Shape:  torch.Size([1, 3, 518, 518])[0m
[97m[INFO ] Model Forward Pass Done. Time: 0.0411837100982666 seconds[0m
[97m[INFO ] Conversion to Prediction Done. Time: 0.0003628730773925781 seconds[0m
depth: 1337/2000 frame=1336
[97m[INFO ] Processed Images Done taking 0.006984233856201172 seconds. Shape:  torch.Size([1, 3, 518, 518])[0m
[97m[INFO ] Model Forward Pass Done. Time: 0.04091668128967285 seconds[0m
[97m[INFO ] Conversion to Prediction Done. Time: 0.0003292560577392578 seconds[0m
depth: 1338/2000 frame=1337
[97m[INFO ] Processed Images Done taking 0.006788730621337891 seconds. Shape:  torch.Size([1, 3, 518, 518])[0m
[97m[INFO ] Model Forward Pass Done. Time: 0.04074597358703613 seconds[0m
[97m[INFO ] Conversion to Prediction Done. Time: 0.000331878662109375 seconds[0m
depth: 1339/2000 frame=1338
[97m[INFO ] Processed Images Done taking 0.0067327022552490234 seconds. Shape:  torch.Size([1, 3, 518, 518])[0m
[97m[INFO ] Model Forward Pass Done. Time: 0.042822837829589844 seconds[0m
[97m[INFO ] Conversion to Prediction Done. Time: 0.0003600120544433594 seconds[0m
depth: 1340/2000 frame=1339
[97m[INFO ] Processed Images Done taking 0.0060689449310302734 seconds. Shape:  torch.Size([1, 3, 518, 518])[0m
[97m[INFO ] Model Forward Pass Done. Time: 0.040874481201171875 seconds[0m
[97m[INFO ] Conversion to Prediction Done. Time: 0.00031280517578125 seconds[0m
depth: 1341/2000 frame=1340
[97m[INFO ] Processed Images Done taking 0.006994724273681641 seconds. Shape:  torch.Size([1, 3, 518, 518])[0m
[97m[INFO ] Model Forward Pass Done. Time: 0.0420527458190918 seconds[0m
[97m[INFO ] Conversion to Prediction Done. Time: 0.0003256797790527344 seconds[0m
depth: 1342/2000 frame=1341
[97m[INFO ] Processed Images Done taking 0.0062444210052490234 seconds. Shape:  torch.Size([1, 3, 518, 518])[0m
[97m[INFO ] Model Forward Pass Done. Time: 0.04093003273010254 seconds[0m
[97m[INFO ] Conversion to Prediction Done. Time: 0.0003609657287597656 seconds[0m
depth: 1343/2000 frame=1342
[97m[INFO ] Processed Images Done taking 0.006715536117553711 seconds. Shape:  torch.Size([1, 3, 518, 518])[0m
[97m[INFO ] Model Forward Pass Done. Time: 0.04098153114318848 seconds[0m
[97m[INFO ] Conversion to Prediction Done. Time: 0.00033211708068847656 seconds[0m
depth: 1344/2000 frame=1343
[97m[INFO ] Processed Images Done taking 0.007918357849121094 seconds. Shape:  torch.Size([1, 3, 518, 518])[0m
[97m[INFO ] Model Forward Pass Done. Time: 0.042677879333496094 seconds[0m
[97m[INFO ] Conversion to Prediction Done. Time: 0.00033354759216308594 seconds[0m
depth: 1345/2000 frame=1344
[97m[INFO ] Processed Images Done taking 0.006498813629150391 seconds. Shape:  torch.Size([1, 3, 518, 518])[0m
[97m[INFO ] Model Forward Pass Done. Time: 0.04272747039794922 seconds[0m
[97m[INFO ] Conversion to Prediction Done. Time: 0.0003573894500732422 seconds[0m
depth: 1346/2000 frame=1345
[97m[INFO ] Processed Images Done taking 0.006918907165527344 seconds. Shape:  torch.Size([1, 3, 518, 518])[0m
[97m[INFO ] Model Forward Pass Done. Time: 0.04221796989440918 seconds[0m
[97m[INFO ] Conversion to Prediction Done. Time: 0.0003342628479003906 seconds[0m
depth: 1347/2000 frame=1346
[97m[INFO ] Processed Images Done taking 0.007006406784057617 seconds. Shape:  torch.Size([1, 3, 518, 518])[0m
[97m[INFO ] Model Forward Pass Done. Time: 0.040708065032958984 seconds[0m
[97m[INFO ] Conversion to Prediction Done. Time: 0.00032639503479003906 seconds[0m
depth: 1348/2000 frame=1347
[97m[INFO ] Processed Images Done taking 0.006948709487915039 seconds. Shape:  torch.Size([1, 3, 518, 518])[0m
[97m[INFO ] Model Forward Pass Done. Time: 0.04038047790527344 seconds[0m
[97m[INFO ] Conversion to Prediction Done. Time: 0.0003592967987060547 seconds[0m
depth: 1349/2000 frame=1348
[97m[INFO ] Processed Images Done taking 0.006643533706665039 seconds. Shape:  torch.Size([1, 3, 518, 518])[0m
[97m[INFO ] Model Forward Pass Done. Time: 0.04255056381225586 seconds[0m
[97m[INFO ] Conversion to Prediction Done. Time: 0.0003342628479003906 seconds[0m
depth: 1350/2000 frame=1349
[97m[INFO ] Processed Images Done taking 0.006742000579833984 seconds. Shape:  torch.Size([1, 3, 518, 518])[0m
[97m[INFO ] Model Forward Pass Done. Time: 0.04065585136413574 seconds[0m
[97m[INFO ] Conversion to Prediction Done. Time: 0.0003337860107421875 seconds[0m
depth: 1351/2000 frame=1350
[97m[INFO ] Processed Images Done taking 0.006649017333984375 seconds. Shape:  torch.Size([1, 3, 518, 518])[0m
[97m[INFO ] Model Forward Pass Done. Time: 0.041082143783569336 seconds[0m
[97m[INFO ] Conversion to Prediction Done. Time: 0.00035452842712402344 seconds[0m
depth: 1352/2000 frame=1351
[97m[INFO ] Processed Images Done taking 0.006827831268310547 seconds. Shape:  torch.Size([1, 3, 518, 518])[0m
[97m[INFO ] Model Forward Pass Done. Time: 0.040961503982543945 seconds[0m
[97m[INFO ] Conversion to Prediction Done. Time: 0.00031495094299316406 seconds[0m
depth: 1353/2000 frame=1352
[97m[INFO ] Processed Images Done taking 0.006520271301269531 seconds. Shape:  torch.Size([1, 3, 518, 518])[0m
[97m[INFO ] Model Forward Pass Done. Time: 0.041153907775878906 seconds[0m
[97m[INFO ] Conversion to Prediction Done. Time: 0.00036025047302246094 seconds[0m
depth: 1354/2000 frame=1353
[97m[INFO ] Processed Images Done taking 0.006186008453369141 seconds. Shape:  torch.Size([1, 3, 518, 518])[0m
[97m[INFO ] Model Forward Pass Done. Time: 0.040976524353027344 seconds[0m
[97m[INFO ] Conversion to Prediction Done. Time: 0.0003261566162109375 seconds[0m
depth: 1355/2000 frame=1354
[97m[INFO ] Processed Images Done taking 0.007003307342529297 seconds. Shape:  torch.Size([1, 3, 518, 518])[0m
[97m[INFO ] Model Forward Pass Done. Time: 0.042536258697509766 seconds[0m
[97m[INFO ] Conversion to Prediction Done. Time: 0.0003311634063720703 seconds[0m
depth: 1356/2000 frame=1355
[97m[INFO ] Processed Images Done taking 0.006569862365722656 seconds. Shape:  torch.Size([1, 3, 518, 518])[0m
[97m[INFO ] Model Forward Pass Done. Time: 0.04074978828430176 seconds[0m
[97m[INFO ] Conversion to Prediction Done. Time: 0.0003592967987060547 seconds[0m
depth: 1357/2000 frame=1356
[97m[INFO ] Processed Images Done taking 0.0064547061920166016 seconds. Shape:  torch.Size([1, 3, 518, 518])[0m
[97m[INFO ] Model Forward Pass Done. Time: 0.03994417190551758 seconds[0m
[97m[INFO ] Conversion to Prediction Done. Time: 0.0003306865692138672 seconds[0m
depth: 1358/2000 frame=1357
[97m[INFO ] Processed Images Done taking 0.0067751407623291016 seconds. Shape:  torch.Size([1, 3, 518, 518])[0m
[97m[INFO ] Model Forward Pass Done. Time: 0.040868520736694336 seconds[0m
[97m[INFO ] Conversion to Prediction Done. Time: 0.000331878662109375 seconds[0m
depth: 1359/2000 frame=1358
[97m[INFO ] Processed Images Done taking 0.006339550018310547 seconds. Shape:  torch.Size([1, 3, 518, 518])[0m
[97m[INFO ] Model Forward Pass Done. Time: 0.04109358787536621 seconds[0m
[97m[INFO ] Conversion to Prediction Done. Time: 0.00036215782165527344 seconds[0m
depth: 1360/2000 frame=1359
[97m[INFO ] Processed Images Done taking 0.007297515869140625 seconds. Shape:  torch.Size([1, 3, 518, 518])[0m
[97m[INFO ] Model Forward Pass Done. Time: 0.04083585739135742 seconds[0m
[97m[INFO ] Conversion to Prediction Done. Time: 0.0003333091735839844 seconds[0m
depth: 1361/2000 frame=1360
[97m[INFO ] Processed Images Done taking 0.006592988967895508 seconds. Shape:  torch.Size([1, 3, 518, 518])[0m
[97m[INFO ] Model Forward Pass Done. Time: 0.040517568588256836 seconds[0m
[97m[INFO ] Conversion to Prediction Done. Time: 0.0003249645233154297 seconds[0m
depth: 1362/2000 frame=1361
[97m[INFO ] Processed Images Done taking 0.007149934768676758 seconds. Shape:  torch.Size([1, 3, 518, 518])[0m
[97m[INFO ] Model Forward Pass Done. Time: 0.04265713691711426 seconds[0m
[97m[INFO ] Conversion to Prediction Done. Time: 0.0003666877746582031 seconds[0m
depth: 1363/2000 frame=1362
[97m[INFO ] Processed Images Done taking 0.006207466125488281 seconds. Shape:  torch.Size([1, 3, 518, 518])[0m
[97m[INFO ] Model Forward Pass Done. Time: 0.04103827476501465 seconds[0m
[97m[INFO ] Conversion to Prediction Done. Time: 0.00033020973205566406 seconds[0m
depth: 1364/2000 frame=1363
[97m[INFO ] Processed Images Done taking 0.006910800933837891 seconds. Shape:  torch.Size([1, 3, 518, 518])[0m
[97m[INFO ] Model Forward Pass Done. Time: 0.04246830940246582 seconds[0m
[97m[INFO ] Conversion to Prediction Done. Time: 0.0003311634063720703 seconds[0m
depth: 1365/2000 frame=1364
[97m[INFO ] Processed Images Done taking 0.0062673091888427734 seconds. Shape:  torch.Size([1, 3, 518, 518])[0m
[97m[INFO ] Model Forward Pass Done. Time: 0.04134345054626465 seconds[0m
[97m[INFO ] Conversion to Prediction Done. Time: 0.00033664703369140625 seconds[0m
depth: 1366/2000 frame=1365
[97m[INFO ] Processed Images Done taking 0.006984233856201172 seconds. Shape:  torch.Size([1, 3, 518, 518])[0m
[97m[INFO ] Model Forward Pass Done. Time: 0.04188895225524902 seconds[0m
[97m[INFO ] Conversion to Prediction Done. Time: 0.0003402233123779297 seconds[0m
depth: 1367/2000 frame=1366
[97m[INFO ] Processed Images Done taking 0.006951332092285156 seconds. Shape:  torch.Size([1, 3, 518, 518])[0m
[97m[INFO ] Model Forward Pass Done. Time: 0.042157888412475586 seconds[0m
[97m[INFO ] Conversion to Prediction Done. Time: 0.0003311634063720703 seconds[0m
depth: 1368/2000 frame=1367
[97m[INFO ] Processed Images Done taking 0.0065212249755859375 seconds. Shape:  torch.Size([1, 3, 518, 518])[0m
[97m[INFO ] Model Forward Pass Done. Time: 0.04075217247009277 seconds[0m
[97m[INFO ] Conversion to Prediction Done. Time: 0.0003261566162109375 seconds[0m
depth: 1369/2000 frame=1368
[97m[INFO ] Processed Images Done taking 0.007392168045043945 seconds. Shape:  torch.Size([1, 3, 518, 518])[0m
[97m[INFO ] Model Forward Pass Done. Time: 0.04222679138183594 seconds[0m
[97m[INFO ] Conversion to Prediction Done. Time: 0.0003292560577392578 seconds[0m
depth: 1370/2000 frame=1369
[97m[INFO ] Processed Images Done taking 0.0066416263580322266 seconds. Shape:  torch.Size([1, 3, 518, 518])[0m
[97m[INFO ] Model Forward Pass Done. Time: 0.040894269943237305 seconds[0m
[97m[INFO ] Conversion to Prediction Done. Time: 0.00033164024353027344 seconds[0m
depth: 1371/2000 frame=1370
[97m[INFO ] Processed Images Done taking 0.006934165954589844 seconds. Shape:  torch.Size([1, 3, 518, 518])[0m
[97m[INFO ] Model Forward Pass Done. Time: 0.04127073287963867 seconds[0m
[97m[INFO ] Conversion to Prediction Done. Time: 0.00033020973205566406 seconds[0m
depth: 1372/2000 frame=1371
[97m[INFO ] Processed Images Done taking 0.007676839828491211 seconds. Shape:  torch.Size([1, 3, 518, 518])[0m
[97m[INFO ] Model Forward Pass Done. Time: 0.04045701026916504 seconds[0m
[97m[INFO ] Conversion to Prediction Done. Time: 0.0004544258117675781 seconds[0m
depth: 1373/2000 frame=1372
[97m[INFO ] Processed Images Done taking 0.00673365592956543 seconds. Shape:  torch.Size([1, 3, 518, 518])[0m
[97m[INFO ] Model Forward Pass Done. Time: 0.042543888092041016 seconds[0m
[97m[INFO ] Conversion to Prediction Done. Time: 0.00031948089599609375 seconds[0m
depth: 1374/2000 frame=1373
[97m[INFO ] Processed Images Done taking 0.007334232330322266 seconds. Shape:  torch.Size([1, 3, 518, 518])[0m
[97m[INFO ] Model Forward Pass Done. Time: 0.04205441474914551 seconds[0m
[97m[INFO ] Conversion to Prediction Done. Time: 0.0003609657287597656 seconds[0m
depth: 1375/2000 frame=1374
[97m[INFO ] Processed Images Done taking 0.006747245788574219 seconds. Shape:  torch.Size([1, 3, 518, 518])[0m
[97m[INFO ] Model Forward Pass Done. Time: 0.037778615951538086 seconds[0m
[97m[INFO ] Conversion to Prediction Done. Time: 0.0003256797790527344 seconds[0m
depth: 1376/2000 frame=1375
[97m[INFO ] Processed Images Done taking 0.006588935852050781 seconds. Shape:  torch.Size([1, 3, 518, 518])[0m
[97m[INFO ] Model Forward Pass Done. Time: 0.04104781150817871 seconds[0m
[97m[INFO ] Conversion to Prediction Done. Time: 0.00033473968505859375 seconds[0m
depth: 1377/2000 frame=1376
[97m[INFO ] Processed Images Done taking 0.006818532943725586 seconds. Shape:  torch.Size([1, 3, 518, 518])[0m
[97m[INFO ] Model Forward Pass Done. Time: 0.042687177658081055 seconds[0m
[97m[INFO ] Conversion to Prediction Done. Time: 0.0003578662872314453 seconds[0m
depth: 1378/2000 frame=1377
[97m[INFO ] Processed Images Done taking 0.007786273956298828 seconds. Shape:  torch.Size([1, 3, 518, 518])[0m
[97m[INFO ] Model Forward Pass Done. Time: 0.041175127029418945 seconds[0m
[97m[INFO ] Conversion to Prediction Done. Time: 0.0003407001495361328 seconds[0m
depth: 1379/2000 frame=1378
[97m[INFO ] Processed Images Done taking 0.007071018218994141 seconds. Shape:  torch.Size([1, 3, 518, 518])[0m
[97m[INFO ] Model Forward Pass Done. Time: 0.04117226600646973 seconds[0m
[97m[INFO ] Conversion to Prediction Done. Time: 0.00032901763916015625 seconds[0m
depth: 1380/2000 frame=1379
[97m[INFO ] Processed Images Done taking 0.011501550674438477 seconds. Shape:  torch.Size([1, 3, 518, 518])[0m
[97m[INFO ] Model Forward Pass Done. Time: 0.04135537147521973 seconds[0m
[97m[INFO ] Conversion to Prediction Done. Time: 0.0003476142883300781 seconds[0m
depth: 1381/2000 frame=1380
[97m[INFO ] Processed Images Done taking 0.0070722103118896484 seconds. Shape:  torch.Size([1, 3, 518, 518])[0m
[97m[INFO ] Model Forward Pass Done. Time: 0.04417872428894043 seconds[0m
[97m[INFO ] Conversion to Prediction Done. Time: 0.0003371238708496094 seconds[0m
depth: 1382/2000 frame=1381
[97m[INFO ] Processed Images Done taking 0.007281064987182617 seconds. Shape:  torch.Size([1, 3, 518, 518])[0m
[97m[INFO ] Model Forward Pass Done. Time: 0.040425777435302734 seconds[0m
[97m[INFO ] Conversion to Prediction Done. Time: 0.0003275871276855469 seconds[0m
depth: 1383/2000 frame=1382
[97m[INFO ] Processed Images Done taking 0.006819486618041992 seconds. Shape:  torch.Size([1, 3, 518, 518])[0m
[97m[INFO ] Model Forward Pass Done. Time: 0.04059576988220215 seconds[0m
[97m[INFO ] Conversion to Prediction Done. Time: 0.0003628730773925781 seconds[0m
depth: 1384/2000 frame=1383
[97m[INFO ] Processed Images Done taking 0.0064122676849365234 seconds. Shape:  torch.Size([1, 3, 518, 518])[0m
[97m[INFO ] Model Forward Pass Done. Time: 0.040885210037231445 seconds[0m
[97m[INFO ] Conversion to Prediction Done. Time: 0.0003337860107421875 seconds[0m
depth: 1385/2000 frame=1384
[97m[INFO ] Processed Images Done taking 0.005530595779418945 seconds. Shape:  torch.Size([1, 3, 518, 518])[0m
[97m[INFO ] Model Forward Pass Done. Time: 0.041086673736572266 seconds[0m
[97m[INFO ] Conversion to Prediction Done. Time: 0.000354766845703125 seconds[0m
depth: 1386/2000 frame=1385
[97m[INFO ] Processed Images Done taking 0.006714820861816406 seconds. Shape:  torch.Size([1, 3, 518, 518])[0m
[97m[INFO ] Model Forward Pass Done. Time: 0.04074287414550781 seconds[0m
[97m[INFO ] Conversion to Prediction Done. Time: 0.00033855438232421875 seconds[0m
depth: 1387/2000 frame=1386
[97m[INFO ] Processed Images Done taking 0.007479667663574219 seconds. Shape:  torch.Size([1, 3, 518, 518])[0m
[97m[INFO ] Model Forward Pass Done. Time: 0.04078507423400879 seconds[0m
[97m[INFO ] Conversion to Prediction Done. Time: 0.00032448768615722656 seconds[0m
depth: 1388/2000 frame=1387
[97m[INFO ] Processed Images Done taking 0.00693964958190918 seconds. Shape:  torch.Size([1, 3, 518, 518])[0m
[97m[INFO ] Model Forward Pass Done. Time: 0.04110550880432129 seconds[0m
[97m[INFO ] Conversion to Prediction Done. Time: 0.0003476142883300781 seconds[0m
depth: 1389/2000 frame=1388
[97m[INFO ] Processed Images Done taking 0.007831573486328125 seconds. Shape:  torch.Size([1, 3, 518, 518])[0m
[97m[INFO ] Model Forward Pass Done. Time: 0.040044307708740234 seconds[0m
[97m[INFO ] Conversion to Prediction Done. Time: 0.0003218650817871094 seconds[0m
depth: 1390/2000 frame=1389
[97m[INFO ] Processed Images Done taking 0.006252765655517578 seconds. Shape:  torch.Size([1, 3, 518, 518])[0m
[97m[INFO ] Model Forward Pass Done. Time: 0.04173564910888672 seconds[0m
[97m[INFO ] Conversion to Prediction Done. Time: 0.0003361701965332031 seconds[0m
depth: 1391/2000 frame=1390
[97m[INFO ] Processed Images Done taking 0.006398200988769531 seconds. Shape:  torch.Size([1, 3, 518, 518])[0m
[97m[INFO ] Model Forward Pass Done. Time: 0.04051685333251953 seconds[0m
[97m[INFO ] Conversion to Prediction Done. Time: 0.00036215782165527344 seconds[0m
depth: 1392/2000 frame=1391
[97m[INFO ] Processed Images Done taking 0.006776571273803711 seconds. Shape:  torch.Size([1, 3, 518, 518])[0m
[97m[INFO ] Model Forward Pass Done. Time: 0.0410761833190918 seconds[0m
[97m[INFO ] Conversion to Prediction Done. Time: 0.0003306865692138672 seconds[0m
depth: 1393/2000 frame=1392
[97m[INFO ] Processed Images Done taking 0.007334709167480469 seconds. Shape:  torch.Size([1, 3, 518, 518])[0m
[97m[INFO ] Model Forward Pass Done. Time: 0.04100227355957031 seconds[0m
[97m[INFO ] Conversion to Prediction Done. Time: 0.00031685829162597656 seconds[0m
depth: 1394/2000 frame=1393
[97m[INFO ] Processed Images Done taking 0.00665593147277832 seconds. Shape:  torch.Size([1, 3, 518, 518])[0m
[97m[INFO ] Model Forward Pass Done. Time: 0.040769338607788086 seconds[0m
[97m[INFO ] Conversion to Prediction Done. Time: 0.00036263465881347656 seconds[0m
depth: 1395/2000 frame=1394
[97m[INFO ] Processed Images Done taking 0.007094621658325195 seconds. Shape:  torch.Size([1, 3, 518, 518])[0m
[97m[INFO ] Model Forward Pass Done. Time: 0.040757179260253906 seconds[0m
[97m[INFO ] Conversion to Prediction Done. Time: 0.0003311634063720703 seconds[0m
depth: 1396/2000 frame=1395
[97m[INFO ] Processed Images Done taking 0.006262063980102539 seconds. Shape:  torch.Size([1, 3, 518, 518])[0m
[97m[INFO ] Model Forward Pass Done. Time: 0.04047679901123047 seconds[0m
[97m[INFO ] Conversion to Prediction Done. Time: 0.00032258033752441406 seconds[0m
depth: 1397/2000 frame=1396
[97m[INFO ] Processed Images Done taking 0.006245851516723633 seconds. Shape:  torch.Size([1, 3, 518, 518])[0m
[97m[INFO ] Model Forward Pass Done. Time: 0.040734291076660156 seconds[0m
[97m[INFO ] Conversion to Prediction Done. Time: 0.0003604888916015625 seconds[0m
depth: 1398/2000 frame=1397
[97m[INFO ] Processed Images Done taking 0.00659632682800293 seconds. Shape:  torch.Size([1, 3, 518, 518])[0m
[97m[INFO ] Model Forward Pass Done. Time: 0.040636539459228516 seconds[0m
[97m[INFO ] Conversion to Prediction Done. Time: 0.00032711029052734375 seconds[0m
depth: 1399/2000 frame=1398
[97m[INFO ] Processed Images Done taking 0.007201671600341797 seconds. Shape:  torch.Size([1, 3, 518, 518])[0m
[97m[INFO ] Model Forward Pass Done. Time: 0.04198789596557617 seconds[0m
[97m[INFO ] Conversion to Prediction Done. Time: 0.00030922889709472656 seconds[0m
depth: 1400/2000 frame=1399
[97m[INFO ] Processed Images Done taking 0.007587909698486328 seconds. Shape:  torch.Size([1, 3, 518, 518])[0m
[97m[INFO ] Model Forward Pass Done. Time: 0.04179978370666504 seconds[0m
[97m[INFO ] Conversion to Prediction Done. Time: 0.00035190582275390625 seconds[0m
depth: 1401/2000 frame=1400
[97m[INFO ] Processed Images Done taking 0.006502628326416016 seconds. Shape:  torch.Size([1, 3, 518, 518])[0m
[97m[INFO ] Model Forward Pass Done. Time: 0.04169964790344238 seconds[0m
[97m[INFO ] Conversion to Prediction Done. Time: 0.0003337860107421875 seconds[0m
depth: 1402/2000 frame=1401
[97m[INFO ] Processed Images Done taking 0.00665283203125 seconds. Shape:  torch.Size([1, 3, 518, 518])[0m
[97m[INFO ] Model Forward Pass Done. Time: 0.0408320426940918 seconds[0m
[97m[INFO ] Conversion to Prediction Done. Time: 0.0003376007080078125 seconds[0m
depth: 1403/2000 frame=1402
[97m[INFO ] Processed Images Done taking 0.006285905838012695 seconds. Shape:  torch.Size([1, 3, 518, 518])[0m
[97m[INFO ] Model Forward Pass Done. Time: 0.04108572006225586 seconds[0m
[97m[INFO ] Conversion to Prediction Done. Time: 0.00032711029052734375 seconds[0m
depth: 1404/2000 frame=1403
[97m[INFO ] Processed Images Done taking 0.00645899772644043 seconds. Shape:  torch.Size([1, 3, 518, 518])[0m
[97m[INFO ] Model Forward Pass Done. Time: 0.04233741760253906 seconds[0m
[97m[INFO ] Conversion to Prediction Done. Time: 0.0003323554992675781 seconds[0m
depth: 1405/2000 frame=1404
[97m[INFO ] Processed Images Done taking 0.008064031600952148 seconds. Shape:  torch.Size([1, 3, 518, 518])[0m
[97m[INFO ] Model Forward Pass Done. Time: 0.04168128967285156 seconds[0m
[97m[INFO ] Conversion to Prediction Done. Time: 0.0003333091735839844 seconds[0m
depth: 1406/2000 frame=1405
[97m[INFO ] Processed Images Done taking 0.006499052047729492 seconds. Shape:  torch.Size([1, 3, 518, 518])[0m
[97m[INFO ] Model Forward Pass Done. Time: 0.04117608070373535 seconds[0m
[97m[INFO ] Conversion to Prediction Done. Time: 0.0003559589385986328 seconds[0m
depth: 1407/2000 frame=1406
[97m[INFO ] Processed Images Done taking 0.006658315658569336 seconds. Shape:  torch.Size([1, 3, 518, 518])[0m
[97m[INFO ] Model Forward Pass Done. Time: 0.04223370552062988 seconds[0m
[97m[INFO ] Conversion to Prediction Done. Time: 0.0003209114074707031 seconds[0m
depth: 1408/2000 frame=1407
[97m[INFO ] Processed Images Done taking 0.007542848587036133 seconds. Shape:  torch.Size([1, 3, 518, 518])[0m
[97m[INFO ] Model Forward Pass Done. Time: 0.042090415954589844 seconds[0m
[97m[INFO ] Conversion to Prediction Done. Time: 0.0003304481506347656 seconds[0m
depth: 1409/2000 frame=1408
[97m[INFO ] Processed Images Done taking 0.006376981735229492 seconds. Shape:  torch.Size([1, 3, 518, 518])[0m
[97m[INFO ] Model Forward Pass Done. Time: 0.04239773750305176 seconds[0m
[97m[INFO ] Conversion to Prediction Done. Time: 0.00032901763916015625 seconds[0m
depth: 1410/2000 frame=1409
[97m[INFO ] Processed Images Done taking 0.006877899169921875 seconds. Shape:  torch.Size([1, 3, 518, 518])[0m
[97m[INFO ] Model Forward Pass Done. Time: 0.04255962371826172 seconds[0m
[97m[INFO ] Conversion to Prediction Done. Time: 0.0003418922424316406 seconds[0m
depth: 1411/2000 frame=1410
[97m[INFO ] Processed Images Done taking 0.007073879241943359 seconds. Shape:  torch.Size([1, 3, 518, 518])[0m
[97m[INFO ] Model Forward Pass Done. Time: 0.04051685333251953 seconds[0m
[97m[INFO ] Conversion to Prediction Done. Time: 0.00032973289489746094 seconds[0m
depth: 1412/2000 frame=1411
[97m[INFO ] Processed Images Done taking 0.006011486053466797 seconds. Shape:  torch.Size([1, 3, 518, 518])[0m
[97m[INFO ] Model Forward Pass Done. Time: 0.04128837585449219 seconds[0m
[97m[INFO ] Conversion to Prediction Done. Time: 0.0003159046173095703 seconds[0m
depth: 1413/2000 frame=1412
[97m[INFO ] Processed Images Done taking 0.006762981414794922 seconds. Shape:  torch.Size([1, 3, 518, 518])[0m
[97m[INFO ] Model Forward Pass Done. Time: 0.039999961853027344 seconds[0m
[97m[INFO ] Conversion to Prediction Done. Time: 0.0003228187561035156 seconds[0m
depth: 1414/2000 frame=1413
[97m[INFO ] Processed Images Done taking 0.007113456726074219 seconds. Shape:  torch.Size([1, 3, 518, 518])[0m
[97m[INFO ] Model Forward Pass Done. Time: 0.04264068603515625 seconds[0m
[97m[INFO ] Conversion to Prediction Done. Time: 0.00031280517578125 seconds[0m
depth: 1415/2000 frame=1414
[97m[INFO ] Processed Images Done taking 0.0070841312408447266 seconds. Shape:  torch.Size([1, 3, 518, 518])[0m
[97m[INFO ] Model Forward Pass Done. Time: 0.04118037223815918 seconds[0m
[97m[INFO ] Conversion to Prediction Done. Time: 0.00033473968505859375 seconds[0m
depth: 1416/2000 frame=1415
[97m[INFO ] Processed Images Done taking 0.007069110870361328 seconds. Shape:  torch.Size([1, 3, 518, 518])[0m
[97m[INFO ] Model Forward Pass Done. Time: 0.0410611629486084 seconds[0m
[97m[INFO ] Conversion to Prediction Done. Time: 0.00033783912658691406 seconds[0m
depth: 1417/2000 frame=1416
[97m[INFO ] Processed Images Done taking 0.0060231685638427734 seconds. Shape:  torch.Size([1, 3, 518, 518])[0m
[97m[INFO ] Model Forward Pass Done. Time: 0.04239344596862793 seconds[0m
[97m[INFO ] Conversion to Prediction Done. Time: 0.00032019615173339844 seconds[0m
depth: 1418/2000 frame=1417
[97m[INFO ] Processed Images Done taking 0.006625175476074219 seconds. Shape:  torch.Size([1, 3, 518, 518])[0m
[97m[INFO ] Model Forward Pass Done. Time: 0.04119372367858887 seconds[0m
[97m[INFO ] Conversion to Prediction Done. Time: 0.00032711029052734375 seconds[0m
depth: 1419/2000 frame=1418
[97m[INFO ] Processed Images Done taking 0.006590604782104492 seconds. Shape:  torch.Size([1, 3, 518, 518])[0m
[97m[INFO ] Model Forward Pass Done. Time: 0.037738800048828125 seconds[0m
[97m[INFO ] Conversion to Prediction Done. Time: 0.00032401084899902344 seconds[0m
depth: 1420/2000 frame=1419
[97m[INFO ] Processed Images Done taking 0.006087541580200195 seconds. Shape:  torch.Size([1, 3, 518, 518])[0m
[97m[INFO ] Model Forward Pass Done. Time: 0.04089665412902832 seconds[0m
[97m[INFO ] Conversion to Prediction Done. Time: 0.0003139972686767578 seconds[0m
depth: 1421/2000 frame=1420
[97m[INFO ] Processed Images Done taking 0.006524085998535156 seconds. Shape:  torch.Size([1, 3, 518, 518])[0m
[97m[INFO ] Model Forward Pass Done. Time: 0.0449824333190918 seconds[0m
[97m[INFO ] Conversion to Prediction Done. Time: 0.0003132820129394531 seconds[0m
depth: 1422/2000 frame=1421
[97m[INFO ] Processed Images Done taking 0.00658106803894043 seconds. Shape:  torch.Size([1, 3, 518, 518])[0m
[97m[INFO ] Model Forward Pass Done. Time: 0.040225982666015625 seconds[0m
[97m[INFO ] Conversion to Prediction Done. Time: 0.0003228187561035156 seconds[0m
depth: 1423/2000 frame=1422
[97m[INFO ] Processed Images Done taking 0.007225751876831055 seconds. Shape:  torch.Size([1, 3, 518, 518])[0m
[97m[INFO ] Model Forward Pass Done. Time: 0.0421144962310791 seconds[0m
[97m[INFO ] Conversion to Prediction Done. Time: 0.0003199577331542969 seconds[0m
depth: 1424/2000 frame=1423
[97m[INFO ] Processed Images Done taking 0.006433248519897461 seconds. Shape:  torch.Size([1, 3, 518, 518])[0m
[97m[INFO ] Model Forward Pass Done. Time: 0.04115891456604004 seconds[0m
[97m[INFO ] Conversion to Prediction Done. Time: 0.0003337860107421875 seconds[0m
depth: 1425/2000 frame=1424
[97m[INFO ] Processed Images Done taking 0.006223440170288086 seconds. Shape:  torch.Size([1, 3, 518, 518])[0m
[97m[INFO ] Model Forward Pass Done. Time: 0.03769683837890625 seconds[0m
[97m[INFO ] Conversion to Prediction Done. Time: 0.00032711029052734375 seconds[0m
depth: 1426/2000 frame=1425
[97m[INFO ] Processed Images Done taking 0.006711006164550781 seconds. Shape:  torch.Size([1, 3, 518, 518])[0m
[97m[INFO ] Model Forward Pass Done. Time: 0.04051709175109863 seconds[0m
[97m[INFO ] Conversion to Prediction Done. Time: 0.0003266334533691406 seconds[0m
depth: 1427/2000 frame=1426
[97m[INFO ] Processed Images Done taking 0.006471872329711914 seconds. Shape:  torch.Size([1, 3, 518, 518])[0m
[97m[INFO ] Model Forward Pass Done. Time: 0.04443216323852539 seconds[0m
[97m[INFO ] Conversion to Prediction Done. Time: 0.0003287792205810547 seconds[0m
depth: 1428/2000 frame=1427
[97m[INFO ] Processed Images Done taking 0.006205320358276367 seconds. Shape:  torch.Size([1, 3, 518, 518])[0m
[97m[INFO ] Model Forward Pass Done. Time: 0.042203664779663086 seconds[0m
[97m[INFO ] Conversion to Prediction Done. Time: 0.00032448768615722656 seconds[0m
depth: 1429/2000 frame=1428
[97m[INFO ] Processed Images Done taking 0.006449222564697266 seconds. Shape:  torch.Size([1, 3, 518, 518])[0m
[97m[INFO ] Model Forward Pass Done. Time: 0.04089164733886719 seconds[0m
[97m[INFO ] Conversion to Prediction Done. Time: 0.00033354759216308594 seconds[0m
depth: 1430/2000 frame=1429
[97m[INFO ] Processed Images Done taking 0.0067899227142333984 seconds. Shape:  torch.Size([1, 3, 518, 518])[0m
[97m[INFO ] Model Forward Pass Done. Time: 0.04097485542297363 seconds[0m
[97m[INFO ] Conversion to Prediction Done. Time: 0.00033593177795410156 seconds[0m
depth: 1431/2000 frame=1430
[97m[INFO ] Processed Images Done taking 0.0062940120697021484 seconds. Shape:  torch.Size([1, 3, 518, 518])[0m
[97m[INFO ] Model Forward Pass Done. Time: 0.03977370262145996 seconds[0m
[97m[INFO ] Conversion to Prediction Done. Time: 0.00032210350036621094 seconds[0m
depth: 1432/2000 frame=1431
[97m[INFO ] Processed Images Done taking 0.008017539978027344 seconds. Shape:  torch.Size([1, 3, 518, 518])[0m
[97m[INFO ] Model Forward Pass Done. Time: 0.04117774963378906 seconds[0m
[97m[INFO ] Conversion to Prediction Done. Time: 0.00034117698669433594 seconds[0m
depth: 1433/2000 frame=1432
[97m[INFO ] Processed Images Done taking 0.00645756721496582 seconds. Shape:  torch.Size([1, 3, 518, 518])[0m
[97m[INFO ] Model Forward Pass Done. Time: 0.042485713958740234 seconds[0m
[97m[INFO ] Conversion to Prediction Done. Time: 0.0003650188446044922 seconds[0m
depth: 1434/2000 frame=1433
[97m[INFO ] Processed Images Done taking 0.006788969039916992 seconds. Shape:  torch.Size([1, 3, 518, 518])[0m
[97m[INFO ] Model Forward Pass Done. Time: 0.040360212326049805 seconds[0m
[97m[INFO ] Conversion to Prediction Done. Time: 0.00031280517578125 seconds[0m
depth: 1435/2000 frame=1434
[97m[INFO ] Processed Images Done taking 0.007088661193847656 seconds. Shape:  torch.Size([1, 3, 518, 518])[0m
[97m[INFO ] Model Forward Pass Done. Time: 0.04045748710632324 seconds[0m
[97m[INFO ] Conversion to Prediction Done. Time: 0.0003657341003417969 seconds[0m
depth: 1436/2000 frame=1435
[97m[INFO ] Processed Images Done taking 0.006365299224853516 seconds. Shape:  torch.Size([1, 3, 518, 518])[0m
[97m[INFO ] Model Forward Pass Done. Time: 0.04141950607299805 seconds[0m
[97m[INFO ] Conversion to Prediction Done. Time: 0.00032329559326171875 seconds[0m
depth: 1437/2000 frame=1436
[97m[INFO ] Processed Images Done taking 0.006958484649658203 seconds. Shape:  torch.Size([1, 3, 518, 518])[0m
[97m[INFO ] Model Forward Pass Done. Time: 0.0408015251159668 seconds[0m
[97m[INFO ] Conversion to Prediction Done. Time: 0.0003268718719482422 seconds[0m
depth: 1438/2000 frame=1437
[97m[INFO ] Processed Images Done taking 0.006526470184326172 seconds. Shape:  torch.Size([1, 3, 518, 518])[0m
[97m[INFO ] Model Forward Pass Done. Time: 0.039711713790893555 seconds[0m
[97m[INFO ] Conversion to Prediction Done. Time: 0.0003693103790283203 seconds[0m
depth: 1439/2000 frame=1438
[97m[INFO ] Processed Images Done taking 0.0072057247161865234 seconds. Shape:  torch.Size([1, 3, 518, 518])[0m
[97m[INFO ] Model Forward Pass Done. Time: 0.04187202453613281 seconds[0m
[97m[INFO ] Conversion to Prediction Done. Time: 0.00032401084899902344 seconds[0m
depth: 1440/2000 frame=1439
[97m[INFO ] Processed Images Done taking 0.007963895797729492 seconds. Shape:  torch.Size([1, 3, 518, 518])[0m
[97m[INFO ] Model Forward Pass Done. Time: 0.04071331024169922 seconds[0m
[97m[INFO ] Conversion to Prediction Done. Time: 0.0003275871276855469 seconds[0m
depth: 1441/2000 frame=1440
[97m[INFO ] Processed Images Done taking 0.006670713424682617 seconds. Shape:  torch.Size([1, 3, 518, 518])[0m
[97m[INFO ] Model Forward Pass Done. Time: 0.04099297523498535 seconds[0m
[97m[INFO ] Conversion to Prediction Done. Time: 0.0003592967987060547 seconds[0m
depth: 1442/2000 frame=1441
[97m[INFO ] Processed Images Done taking 0.00658726692199707 seconds. Shape:  torch.Size([1, 3, 518, 518])[0m
[97m[INFO ] Model Forward Pass Done. Time: 0.042156219482421875 seconds[0m
[97m[INFO ] Conversion to Prediction Done. Time: 0.00035190582275390625 seconds[0m
depth: 1443/2000 frame=1442
[97m[INFO ] Processed Images Done taking 0.005860567092895508 seconds. Shape:  torch.Size([1, 3, 518, 518])[0m
[97m[INFO ] Model Forward Pass Done. Time: 0.0411381721496582 seconds[0m
[97m[INFO ] Conversion to Prediction Done. Time: 0.00035762786865234375 seconds[0m
depth: 1444/2000 frame=1443
[97m[INFO ] Processed Images Done taking 0.006418466567993164 seconds. Shape:  torch.Size([1, 3, 518, 518])[0m
[97m[INFO ] Model Forward Pass Done. Time: 0.03781414031982422 seconds[0m
[97m[INFO ] Conversion to Prediction Done. Time: 0.0003256797790527344 seconds[0m
depth: 1445/2000 frame=1444
[97m[INFO ] Processed Images Done taking 0.007012128829956055 seconds. Shape:  torch.Size([1, 3, 518, 518])[0m
[97m[INFO ] Model Forward Pass Done. Time: 0.03997540473937988 seconds[0m
[97m[INFO ] Conversion to Prediction Done. Time: 0.00033020973205566406 seconds[0m
depth: 1446/2000 frame=1445
[97m[INFO ] Processed Images Done taking 0.0066127777099609375 seconds. Shape:  torch.Size([1, 3, 518, 518])[0m
[97m[INFO ] Model Forward Pass Done. Time: 0.04421257972717285 seconds[0m
[97m[INFO ] Conversion to Prediction Done. Time: 0.0003643035888671875 seconds[0m
depth: 1447/2000 frame=1446
[97m[INFO ] Processed Images Done taking 0.006826162338256836 seconds. Shape:  torch.Size([1, 3, 518, 518])[0m
[97m[INFO ] Model Forward Pass Done. Time: 0.04406309127807617 seconds[0m
[97m[INFO ] Conversion to Prediction Done. Time: 0.0003199577331542969 seconds[0m
depth: 1448/2000 frame=1447
[97m[INFO ] Processed Images Done taking 0.006871938705444336 seconds. Shape:  torch.Size([1, 3, 518, 518])[0m
[97m[INFO ] Model Forward Pass Done. Time: 0.03969931602478027 seconds[0m
[97m[INFO ] Conversion to Prediction Done. Time: 0.00031566619873046875 seconds[0m
depth: 1449/2000 frame=1448
[97m[INFO ] Processed Images Done taking 0.0072019100189208984 seconds. Shape:  torch.Size([1, 3, 518, 518])[0m
[97m[INFO ] Model Forward Pass Done. Time: 0.04106545448303223 seconds[0m
[97m[INFO ] Conversion to Prediction Done. Time: 0.0003552436828613281 seconds[0m
depth: 1450/2000 frame=1449
[97m[INFO ] Processed Images Done taking 0.006870746612548828 seconds. Shape:  torch.Size([1, 3, 518, 518])[0m
[97m[INFO ] Model Forward Pass Done. Time: 0.040808916091918945 seconds[0m
[97m[INFO ] Conversion to Prediction Done. Time: 0.0003325939178466797 seconds[0m
depth: 1451/2000 frame=1450
[97m[INFO ] Processed Images Done taking 0.006964683532714844 seconds. Shape:  torch.Size([1, 3, 518, 518])[0m
[97m[INFO ] Model Forward Pass Done. Time: 0.041203975677490234 seconds[0m
[97m[INFO ] Conversion to Prediction Done. Time: 0.0003254413604736328 seconds[0m
depth: 1452/2000 frame=1451
[97m[INFO ] Processed Images Done taking 0.006903886795043945 seconds. Shape:  torch.Size([1, 3, 518, 518])[0m
[97m[INFO ] Model Forward Pass Done. Time: 0.0402677059173584 seconds[0m
[97m[INFO ] Conversion to Prediction Done. Time: 0.0003631114959716797 seconds[0m
depth: 1453/2000 frame=1452
[97m[INFO ] Processed Images Done taking 0.0067255496978759766 seconds. Shape:  torch.Size([1, 3, 518, 518])[0m
[97m[INFO ] Model Forward Pass Done. Time: 0.040114402770996094 seconds[0m
[97m[INFO ] Conversion to Prediction Done. Time: 0.000331878662109375 seconds[0m
depth: 1454/2000 frame=1453
[97m[INFO ] Processed Images Done taking 0.006872415542602539 seconds. Shape:  torch.Size([1, 3, 518, 518])[0m
[97m[INFO ] Model Forward Pass Done. Time: 0.04414057731628418 seconds[0m
[97m[INFO ] Conversion to Prediction Done. Time: 0.000331878662109375 seconds[0m
depth: 1455/2000 frame=1454
[97m[INFO ] Processed Images Done taking 0.006577253341674805 seconds. Shape:  torch.Size([1, 3, 518, 518])[0m
[97m[INFO ] Model Forward Pass Done. Time: 0.04214668273925781 seconds[0m
[97m[INFO ] Conversion to Prediction Done. Time: 0.00035953521728515625 seconds[0m
depth: 1456/2000 frame=1455
[97m[INFO ] Processed Images Done taking 0.005913972854614258 seconds. Shape:  torch.Size([1, 3, 518, 518])[0m
[97m[INFO ] Model Forward Pass Done. Time: 0.040083885192871094 seconds[0m
[97m[INFO ] Conversion to Prediction Done. Time: 0.00034356117248535156 seconds[0m
depth: 1457/2000 frame=1456
[97m[INFO ] Processed Images Done taking 0.006712198257446289 seconds. Shape:  torch.Size([1, 3, 518, 518])[0m
[97m[INFO ] Model Forward Pass Done. Time: 0.04126882553100586 seconds[0m
[97m[INFO ] Conversion to Prediction Done. Time: 0.0003581047058105469 seconds[0m
depth: 1458/2000 frame=1457
[97m[INFO ] Processed Images Done taking 0.007227659225463867 seconds. Shape:  torch.Size([1, 3, 518, 518])[0m
[97m[INFO ] Model Forward Pass Done. Time: 0.040984392166137695 seconds[0m
[97m[INFO ] Conversion to Prediction Done. Time: 0.0003476142883300781 seconds[0m
depth: 1459/2000 frame=1458
[97m[INFO ] Processed Images Done taking 0.006200075149536133 seconds. Shape:  torch.Size([1, 3, 518, 518])[0m
[97m[INFO ] Model Forward Pass Done. Time: 0.044293880462646484 seconds[0m
[97m[INFO ] Conversion to Prediction Done. Time: 0.0003256797790527344 seconds[0m
depth: 1460/2000 frame=1459
[97m[INFO ] Processed Images Done taking 0.006977081298828125 seconds. Shape:  torch.Size([1, 3, 518, 518])[0m
[97m[INFO ] Model Forward Pass Done. Time: 0.04184365272521973 seconds[0m
[97m[INFO ] Conversion to Prediction Done. Time: 0.00036072731018066406 seconds[0m
depth: 1461/2000 frame=1460
[97m[INFO ] Processed Images Done taking 0.005990028381347656 seconds. Shape:  torch.Size([1, 3, 518, 518])[0m
[97m[INFO ] Model Forward Pass Done. Time: 0.039734840393066406 seconds[0m
[97m[INFO ] Conversion to Prediction Done. Time: 0.0003292560577392578 seconds[0m
depth: 1462/2000 frame=1461
[97m[INFO ] Processed Images Done taking 0.00659632682800293 seconds. Shape:  torch.Size([1, 3, 518, 518])[0m
[97m[INFO ] Model Forward Pass Done. Time: 0.04232621192932129 seconds[0m
[97m[INFO ] Conversion to Prediction Done. Time: 0.0003342628479003906 seconds[0m
depth: 1463/2000 frame=1462
[97m[INFO ] Processed Images Done taking 0.008650779724121094 seconds. Shape:  torch.Size([1, 3, 518, 518])[0m
[97m[INFO ] Model Forward Pass Done. Time: 0.04103446006774902 seconds[0m
[97m[INFO ] Conversion to Prediction Done. Time: 0.0003840923309326172 seconds[0m
depth: 1464/2000 frame=1463
[97m[INFO ] Processed Images Done taking 0.007424592971801758 seconds. Shape:  torch.Size([1, 3, 518, 518])[0m
[97m[INFO ] Model Forward Pass Done. Time: 0.0397946834564209 seconds[0m
[97m[INFO ] Conversion to Prediction Done. Time: 0.000335693359375 seconds[0m
depth: 1465/2000 frame=1464
[97m[INFO ] Processed Images Done taking 0.006106138229370117 seconds. Shape:  torch.Size([1, 3, 518, 518])[0m
[97m[INFO ] Model Forward Pass Done. Time: 0.04084634780883789 seconds[0m
[97m[INFO ] Conversion to Prediction Done. Time: 0.0003151893615722656 seconds[0m
depth: 1466/2000 frame=1465
[97m[INFO ] Processed Images Done taking 0.00628352165222168 seconds. Shape:  torch.Size([1, 3, 518, 518])[0m
[97m[INFO ] Model Forward Pass Done. Time: 0.04096817970275879 seconds[0m
[97m[INFO ] Conversion to Prediction Done. Time: 0.0003528594970703125 seconds[0m
depth: 1467/2000 frame=1466
[97m[INFO ] Processed Images Done taking 0.006532907485961914 seconds. Shape:  torch.Size([1, 3, 518, 518])[0m
[97m[INFO ] Model Forward Pass Done. Time: 0.042508602142333984 seconds[0m
[97m[INFO ] Conversion to Prediction Done. Time: 0.000331878662109375 seconds[0m
depth: 1468/2000 frame=1467
[97m[INFO ] Processed Images Done taking 0.007090568542480469 seconds. Shape:  torch.Size([1, 3, 518, 518])[0m
[97m[INFO ] Model Forward Pass Done. Time: 0.04080319404602051 seconds[0m
[97m[INFO ] Conversion to Prediction Done. Time: 0.00033211708068847656 seconds[0m
depth: 1469/2000 frame=1468
[97m[INFO ] Processed Images Done taking 0.0065538883209228516 seconds. Shape:  torch.Size([1, 3, 518, 518])[0m
[97m[INFO ] Model Forward Pass Done. Time: 0.04021167755126953 seconds[0m
[97m[INFO ] Conversion to Prediction Done. Time: 0.0003685951232910156 seconds[0m
depth: 1470/2000 frame=1469
[97m[INFO ] Processed Images Done taking 0.00605320930480957 seconds. Shape:  torch.Size([1, 3, 518, 518])[0m
[97m[INFO ] Model Forward Pass Done. Time: 0.042006731033325195 seconds[0m
[97m[INFO ] Conversion to Prediction Done. Time: 0.00031876564025878906 seconds[0m
depth: 1471/2000 frame=1470
[97m[INFO ] Processed Images Done taking 0.00664830207824707 seconds. Shape:  torch.Size([1, 3, 518, 518])[0m
[97m[INFO ] Model Forward Pass Done. Time: 0.04410982131958008 seconds[0m
[97m[INFO ] Conversion to Prediction Done. Time: 0.0003294944763183594 seconds[0m
depth: 1472/2000 frame=1471
[97m[INFO ] Processed Images Done taking 0.006528377532958984 seconds. Shape:  torch.Size([1, 3, 518, 518])[0m
[97m[INFO ] Model Forward Pass Done. Time: 0.04103732109069824 seconds[0m
[97m[INFO ] Conversion to Prediction Done. Time: 0.0003478527069091797 seconds[0m
depth: 1473/2000 frame=1472
[97m[INFO ] Processed Images Done taking 0.007085561752319336 seconds. Shape:  torch.Size([1, 3, 518, 518])[0m
[97m[INFO ] Model Forward Pass Done. Time: 0.040845632553100586 seconds[0m
[97m[INFO ] Conversion to Prediction Done. Time: 0.0003268718719482422 seconds[0m
depth: 1474/2000 frame=1473
[97m[INFO ] Processed Images Done taking 0.006861448287963867 seconds. Shape:  torch.Size([1, 3, 518, 518])[0m
[97m[INFO ] Model Forward Pass Done. Time: 0.04082059860229492 seconds[0m
[97m[INFO ] Conversion to Prediction Done. Time: 0.0003361701965332031 seconds[0m
depth: 1475/2000 frame=1474
[97m[INFO ] Processed Images Done taking 0.006072998046875 seconds. Shape:  torch.Size([1, 3, 518, 518])[0m
[97m[INFO ] Model Forward Pass Done. Time: 0.03989982604980469 seconds[0m
[97m[INFO ] Conversion to Prediction Done. Time: 0.0003604888916015625 seconds[0m
depth: 1476/2000 frame=1475
[97m[INFO ] Processed Images Done taking 0.006696462631225586 seconds. Shape:  torch.Size([1, 3, 518, 518])[0m
[97m[INFO ] Model Forward Pass Done. Time: 0.04417538642883301 seconds[0m
[97m[INFO ] Conversion to Prediction Done. Time: 0.00033092498779296875 seconds[0m
depth: 1477/2000 frame=1476
[97m[INFO ] Processed Images Done taking 0.007200479507446289 seconds. Shape:  torch.Size([1, 3, 518, 518])[0m
[97m[INFO ] Model Forward Pass Done. Time: 0.04103207588195801 seconds[0m
[97m[INFO ] Conversion to Prediction Done. Time: 0.00032806396484375 seconds[0m
depth: 1478/2000 frame=1477
[97m[INFO ] Processed Images Done taking 0.006247043609619141 seconds. Shape:  torch.Size([1, 3, 518, 518])[0m
[97m[INFO ] Model Forward Pass Done. Time: 0.03985762596130371 seconds[0m
[97m[INFO ] Conversion to Prediction Done. Time: 0.0003571510314941406 seconds[0m
depth: 1479/2000 frame=1478
[97m[INFO ] Processed Images Done taking 0.0064487457275390625 seconds. Shape:  torch.Size([1, 3, 518, 518])[0m
[97m[INFO ] Model Forward Pass Done. Time: 0.0398859977722168 seconds[0m
[97m[INFO ] Conversion to Prediction Done. Time: 0.00031495094299316406 seconds[0m
depth: 1480/2000 frame=1479
[97m[INFO ] Processed Images Done taking 0.006914377212524414 seconds. Shape:  torch.Size([1, 3, 518, 518])[0m
[97m[INFO ] Model Forward Pass Done. Time: 0.04119586944580078 seconds[0m
[97m[INFO ] Conversion to Prediction Done. Time: 0.0003337860107421875 seconds[0m
depth: 1481/2000 frame=1480
[97m[INFO ] Processed Images Done taking 0.006089925765991211 seconds. Shape:  torch.Size([1, 3, 518, 518])[0m
[97m[INFO ] Model Forward Pass Done. Time: 0.04445075988769531 seconds[0m
[97m[INFO ] Conversion to Prediction Done. Time: 0.00036907196044921875 seconds[0m
depth: 1482/2000 frame=1481
[97m[INFO ] Processed Images Done taking 0.006587982177734375 seconds. Shape:  torch.Size([1, 3, 518, 518])[0m
[97m[INFO ] Model Forward Pass Done. Time: 0.04005932807922363 seconds[0m
[97m[INFO ] Conversion to Prediction Done. Time: 0.00033164024353027344 seconds[0m
depth: 1483/2000 frame=1482
[97m[INFO ] Processed Images Done taking 0.006838083267211914 seconds. Shape:  torch.Size([1, 3, 518, 518])[0m
[97m[INFO ] Model Forward Pass Done. Time: 0.042246103286743164 seconds[0m
[97m[INFO ] Conversion to Prediction Done. Time: 0.000324249267578125 seconds[0m
depth: 1484/2000 frame=1483
[97m[INFO ] Processed Images Done taking 0.006373882293701172 seconds. Shape:  torch.Size([1, 3, 518, 518])[0m
[97m[INFO ] Model Forward Pass Done. Time: 0.04079031944274902 seconds[0m
[97m[INFO ] Conversion to Prediction Done. Time: 0.00035858154296875 seconds[0m
depth: 1485/2000 frame=1484
[97m[INFO ] Processed Images Done taking 0.006694793701171875 seconds. Shape:  torch.Size([1, 3, 518, 518])[0m
[97m[INFO ] Model Forward Pass Done. Time: 0.04432344436645508 seconds[0m
[97m[INFO ] Conversion to Prediction Done. Time: 0.0003292560577392578 seconds[0m
depth: 1486/2000 frame=1485
[97m[INFO ] Processed Images Done taking 0.006927013397216797 seconds. Shape:  torch.Size([1, 3, 518, 518])[0m
[97m[INFO ] Model Forward Pass Done. Time: 0.039927005767822266 seconds[0m
[97m[INFO ] Conversion to Prediction Done. Time: 0.0003371238708496094 seconds[0m
depth: 1487/2000 frame=1486
[97m[INFO ] Processed Images Done taking 0.0065691471099853516 seconds. Shape:  torch.Size([1, 3, 518, 518])[0m
[97m[INFO ] Model Forward Pass Done. Time: 0.04405856132507324 seconds[0m
[97m[INFO ] Conversion to Prediction Done. Time: 0.00036835670471191406 seconds[0m
depth: 1488/2000 frame=1487
[97m[INFO ] Processed Images Done taking 0.006490468978881836 seconds. Shape:  torch.Size([1, 3, 518, 518])[0m
[97m[INFO ] Model Forward Pass Done. Time: 0.04141688346862793 seconds[0m
[97m[INFO ] Conversion to Prediction Done. Time: 0.00031280517578125 seconds[0m
depth: 1489/2000 frame=1488
[97m[INFO ] Processed Images Done taking 0.00725102424621582 seconds. Shape:  torch.Size([1, 3, 518, 518])[0m
[97m[INFO ] Model Forward Pass Done. Time: 0.043845176696777344 seconds[0m
[97m[INFO ] Conversion to Prediction Done. Time: 0.0003275871276855469 seconds[0m
depth: 1490/2000 frame=1489
[97m[INFO ] Processed Images Done taking 0.006123781204223633 seconds. Shape:  torch.Size([1, 3, 518, 518])[0m
[97m[INFO ] Model Forward Pass Done. Time: 0.040320634841918945 seconds[0m
[97m[INFO ] Conversion to Prediction Done. Time: 0.0003292560577392578 seconds[0m
depth: 1491/2000 frame=1490
[97m[INFO ] Processed Images Done taking 0.0066187381744384766 seconds. Shape:  torch.Size([1, 3, 518, 518])[0m
[97m[INFO ] Model Forward Pass Done. Time: 0.03971385955810547 seconds[0m
[97m[INFO ] Conversion to Prediction Done. Time: 0.00033020973205566406 seconds[0m
depth: 1492/2000 frame=1491
[97m[INFO ] Processed Images Done taking 0.006730079650878906 seconds. Shape:  torch.Size([1, 3, 518, 518])[0m
[97m[INFO ] Model Forward Pass Done. Time: 0.042279958724975586 seconds[0m
[97m[INFO ] Conversion to Prediction Done. Time: 0.00033354759216308594 seconds[0m
depth: 1493/2000 frame=1492
[97m[INFO ] Processed Images Done taking 0.006657600402832031 seconds. Shape:  torch.Size([1, 3, 518, 518])[0m
[97m[INFO ] Model Forward Pass Done. Time: 0.04199409484863281 seconds[0m
[97m[INFO ] Conversion to Prediction Done. Time: 0.0003292560577392578 seconds[0m
depth: 1494/2000 frame=1493
[97m[INFO ] Processed Images Done taking 0.006775856018066406 seconds. Shape:  torch.Size([1, 3, 518, 518])[0m
[97m[INFO ] Model Forward Pass Done. Time: 0.04194211959838867 seconds[0m
[97m[INFO ] Conversion to Prediction Done. Time: 0.00033283233642578125 seconds[0m
depth: 1495/2000 frame=1494
[97m[INFO ] Processed Images Done taking 0.006737470626831055 seconds. Shape:  torch.Size([1, 3, 518, 518])[0m
[97m[INFO ] Model Forward Pass Done. Time: 0.04058241844177246 seconds[0m
[97m[INFO ] Conversion to Prediction Done. Time: 0.0003323554992675781 seconds[0m
depth: 1496/2000 frame=1495
[97m[INFO ] Processed Images Done taking 0.0067441463470458984 seconds. Shape:  torch.Size([1, 3, 518, 518])[0m
[97m[INFO ] Model Forward Pass Done. Time: 0.04248476028442383 seconds[0m
[97m[INFO ] Conversion to Prediction Done. Time: 0.000331878662109375 seconds[0m
depth: 1497/2000 frame=1496
[97m[INFO ] Processed Images Done taking 0.006627559661865234 seconds. Shape:  torch.Size([1, 3, 518, 518])[0m
[97m[INFO ] Model Forward Pass Done. Time: 0.04099416732788086 seconds[0m
[97m[INFO ] Conversion to Prediction Done. Time: 0.0003559589385986328 seconds[0m
depth: 1498/2000 frame=1497
[97m[INFO ] Processed Images Done taking 0.007149457931518555 seconds. Shape:  torch.Size([1, 3, 518, 518])[0m
[97m[INFO ] Model Forward Pass Done. Time: 0.04092121124267578 seconds[0m
[97m[INFO ] Conversion to Prediction Done. Time: 0.0003306865692138672 seconds[0m
depth: 1499/2000 frame=1498
[97m[INFO ] Processed Images Done taking 0.007219552993774414 seconds. Shape:  torch.Size([1, 3, 518, 518])[0m
[97m[INFO ] Model Forward Pass Done. Time: 0.042194366455078125 seconds[0m
[97m[INFO ] Conversion to Prediction Done. Time: 0.00033354759216308594 seconds[0m
depth: 1500/2000 frame=1499
[97m[INFO ] Processed Images Done taking 0.0061724185943603516 seconds. Shape:  torch.Size([1, 3, 518, 518])[0m
[97m[INFO ] Model Forward Pass Done. Time: 0.04264974594116211 seconds[0m
[97m[INFO ] Conversion to Prediction Done. Time: 0.00036334991455078125 seconds[0m
depth: 1501/2000 frame=1500
[97m[INFO ] Processed Images Done taking 0.0061054229736328125 seconds. Shape:  torch.Size([1, 3, 518, 518])[0m
[97m[INFO ] Model Forward Pass Done. Time: 0.04077291488647461 seconds[0m
[97m[INFO ] Conversion to Prediction Done. Time: 0.00032806396484375 seconds[0m
depth: 1502/2000 frame=1501
[97m[INFO ] Processed Images Done taking 0.006888151168823242 seconds. Shape:  torch.Size([1, 3, 518, 518])[0m
[97m[INFO ] Model Forward Pass Done. Time: 0.0412907600402832 seconds[0m
[97m[INFO ] Conversion to Prediction Done. Time: 0.00032782554626464844 seconds[0m
depth: 1503/2000 frame=1502
[97m[INFO ] Processed Images Done taking 0.00684356689453125 seconds. Shape:  torch.Size([1, 3, 518, 518])[0m
[97m[INFO ] Model Forward Pass Done. Time: 0.04260516166687012 seconds[0m
[97m[INFO ] Conversion to Prediction Done. Time: 0.0003635883331298828 seconds[0m
depth: 1504/2000 frame=1503
[97m[INFO ] Processed Images Done taking 0.006814479827880859 seconds. Shape:  torch.Size([1, 3, 518, 518])[0m
[97m[INFO ] Model Forward Pass Done. Time: 0.04172158241271973 seconds[0m
[97m[INFO ] Conversion to Prediction Done. Time: 0.00034117698669433594 seconds[0m
depth: 1505/2000 frame=1504
[97m[INFO ] Processed Images Done taking 0.0068132877349853516 seconds. Shape:  torch.Size([1, 3, 518, 518])[0m
[97m[INFO ] Model Forward Pass Done. Time: 0.04065513610839844 seconds[0m
[97m[INFO ] Conversion to Prediction Done. Time: 0.00032591819763183594 seconds[0m
depth: 1506/2000 frame=1505
[97m[INFO ] Processed Images Done taking 0.005818367004394531 seconds. Shape:  torch.Size([1, 3, 518, 518])[0m
[97m[INFO ] Model Forward Pass Done. Time: 0.03983426094055176 seconds[0m
[97m[INFO ] Conversion to Prediction Done. Time: 0.0003638267517089844 seconds[0m
depth: 1507/2000 frame=1506
[97m[INFO ] Processed Images Done taking 0.006900310516357422 seconds. Shape:  torch.Size([1, 3, 518, 518])[0m
[97m[INFO ] Model Forward Pass Done. Time: 0.04080915451049805 seconds[0m
[97m[INFO ] Conversion to Prediction Done. Time: 0.000316619873046875 seconds[0m
depth: 1508/2000 frame=1507
[97m[INFO ] Processed Images Done taking 0.00669407844543457 seconds. Shape:  torch.Size([1, 3, 518, 518])[0m
[97m[INFO ] Model Forward Pass Done. Time: 0.040584564208984375 seconds[0m
[97m[INFO ] Conversion to Prediction Done. Time: 0.0003345012664794922 seconds[0m
depth: 1509/2000 frame=1508
[97m[INFO ] Processed Images Done taking 0.006304502487182617 seconds. Shape:  torch.Size([1, 3, 518, 518])[0m
[97m[INFO ] Model Forward Pass Done. Time: 0.041887521743774414 seconds[0m
[97m[INFO ] Conversion to Prediction Done. Time: 0.0003650188446044922 seconds[0m
depth: 1510/2000 frame=1509
[97m[INFO ] Processed Images Done taking 0.006336688995361328 seconds. Shape:  torch.Size([1, 3, 518, 518])[0m
[97m[INFO ] Model Forward Pass Done. Time: 0.041846275329589844 seconds[0m
[97m[INFO ] Conversion to Prediction Done. Time: 0.0003204345703125 seconds[0m
depth: 1511/2000 frame=1510
[97m[INFO ] Processed Images Done taking 0.008121013641357422 seconds. Shape:  torch.Size([1, 3, 518, 518])[0m
[97m[INFO ] Model Forward Pass Done. Time: 0.041028499603271484 seconds[0m
[97m[INFO ] Conversion to Prediction Done. Time: 0.0003311634063720703 seconds[0m
depth: 1512/2000 frame=1511
[97m[INFO ] Processed Images Done taking 0.006369590759277344 seconds. Shape:  torch.Size([1, 3, 518, 518])[0m
[97m[INFO ] Model Forward Pass Done. Time: 0.03993034362792969 seconds[0m
[97m[INFO ] Conversion to Prediction Done. Time: 0.0003676414489746094 seconds[0m
depth: 1513/2000 frame=1512
[97m[INFO ] Processed Images Done taking 0.006022453308105469 seconds. Shape:  torch.Size([1, 3, 518, 518])[0m
[97m[INFO ] Model Forward Pass Done. Time: 0.040762901306152344 seconds[0m
[97m[INFO ] Conversion to Prediction Done. Time: 0.0003218650817871094 seconds[0m
depth: 1514/2000 frame=1513
[97m[INFO ] Processed Images Done taking 0.0068705081939697266 seconds. Shape:  torch.Size([1, 3, 518, 518])[0m
[97m[INFO ] Model Forward Pass Done. Time: 0.04065990447998047 seconds[0m
[97m[INFO ] Conversion to Prediction Done. Time: 0.00033164024353027344 seconds[0m
depth: 1515/2000 frame=1514
[97m[INFO ] Processed Images Done taking 0.0063037872314453125 seconds. Shape:  torch.Size([1, 3, 518, 518])[0m
[97m[INFO ] Model Forward Pass Done. Time: 0.04077792167663574 seconds[0m
[97m[INFO ] Conversion to Prediction Done. Time: 0.0003542900085449219 seconds[0m
depth: 1516/2000 frame=1515
[97m[INFO ] Processed Images Done taking 0.006128072738647461 seconds. Shape:  torch.Size([1, 3, 518, 518])[0m
[97m[INFO ] Model Forward Pass Done. Time: 0.0400846004486084 seconds[0m
[97m[INFO ] Conversion to Prediction Done. Time: 0.00032782554626464844 seconds[0m
depth: 1517/2000 frame=1516
[97m[INFO ] Processed Images Done taking 0.00789189338684082 seconds. Shape:  torch.Size([1, 3, 518, 518])[0m
[97m[INFO ] Model Forward Pass Done. Time: 0.04224991798400879 seconds[0m
[97m[INFO ] Conversion to Prediction Done. Time: 0.000339508056640625 seconds[0m
depth: 1518/2000 frame=1517
[97m[INFO ] Processed Images Done taking 0.006739139556884766 seconds. Shape:  torch.Size([1, 3, 518, 518])[0m
[97m[INFO ] Model Forward Pass Done. Time: 0.040886878967285156 seconds[0m
[97m[INFO ] Conversion to Prediction Done. Time: 0.0003821849822998047 seconds[0m
depth: 1519/2000 frame=1518
[97m[INFO ] Processed Images Done taking 0.0063898563385009766 seconds. Shape:  torch.Size([1, 3, 518, 518])[0m
[97m[INFO ] Model Forward Pass Done. Time: 0.04081249237060547 seconds[0m
[97m[INFO ] Conversion to Prediction Done. Time: 0.0003199577331542969 seconds[0m
depth: 1520/2000 frame=1519
[97m[INFO ] Processed Images Done taking 0.0071909427642822266 seconds. Shape:  torch.Size([1, 3, 518, 518])[0m
[97m[INFO ] Model Forward Pass Done. Time: 0.04395008087158203 seconds[0m
[97m[INFO ] Conversion to Prediction Done. Time: 0.0003306865692138672 seconds[0m
depth: 1521/2000 frame=1520
[97m[INFO ] Processed Images Done taking 0.006885528564453125 seconds. Shape:  torch.Size([1, 3, 518, 518])[0m
[97m[INFO ] Model Forward Pass Done. Time: 0.041014909744262695 seconds[0m
[97m[INFO ] Conversion to Prediction Done. Time: 0.00035643577575683594 seconds[0m
depth: 1522/2000 frame=1521
[97m[INFO ] Processed Images Done taking 0.006229400634765625 seconds. Shape:  torch.Size([1, 3, 518, 518])[0m
[97m[INFO ] Model Forward Pass Done. Time: 0.040618181228637695 seconds[0m
[97m[INFO ] Conversion to Prediction Done. Time: 0.00033092498779296875 seconds[0m
depth: 1523/2000 frame=1522
[97m[INFO ] Processed Images Done taking 0.007380247116088867 seconds. Shape:  torch.Size([1, 3, 518, 518])[0m
[97m[INFO ] Model Forward Pass Done. Time: 0.04101252555847168 seconds[0m
[97m[INFO ] Conversion to Prediction Done. Time: 0.00030922889709472656 seconds[0m
depth: 1524/2000 frame=1523
[97m[INFO ] Processed Images Done taking 0.006139516830444336 seconds. Shape:  torch.Size([1, 3, 518, 518])[0m
[97m[INFO ] Model Forward Pass Done. Time: 0.04191398620605469 seconds[0m
[97m[INFO ] Conversion to Prediction Done. Time: 0.00037932395935058594 seconds[0m
depth: 1525/2000 frame=1524
[97m[INFO ] Processed Images Done taking 0.006303310394287109 seconds. Shape:  torch.Size([1, 3, 518, 518])[0m
[97m[INFO ] Model Forward Pass Done. Time: 0.04177212715148926 seconds[0m
[97m[INFO ] Conversion to Prediction Done. Time: 0.00032639503479003906 seconds[0m
depth: 1526/2000 frame=1525
[97m[INFO ] Processed Images Done taking 0.007117509841918945 seconds. Shape:  torch.Size([1, 3, 518, 518])[0m
[97m[INFO ] Model Forward Pass Done. Time: 0.04071640968322754 seconds[0m
[97m[INFO ] Conversion to Prediction Done. Time: 0.0003204345703125 seconds[0m
depth: 1527/2000 frame=1526
[97m[INFO ] Processed Images Done taking 0.006499052047729492 seconds. Shape:  torch.Size([1, 3, 518, 518])[0m
[97m[INFO ] Model Forward Pass Done. Time: 0.041825294494628906 seconds[0m
[97m[INFO ] Conversion to Prediction Done. Time: 0.0003662109375 seconds[0m
depth: 1528/2000 frame=1527
[97m[INFO ] Processed Images Done taking 0.006346940994262695 seconds. Shape:  torch.Size([1, 3, 518, 518])[0m
[97m[INFO ] Model Forward Pass Done. Time: 0.04066920280456543 seconds[0m
[97m[INFO ] Conversion to Prediction Done. Time: 0.00033092498779296875 seconds[0m
depth: 1529/2000 frame=1528
[97m[INFO ] Processed Images Done taking 0.0061321258544921875 seconds. Shape:  torch.Size([1, 3, 518, 518])[0m
[97m[INFO ] Model Forward Pass Done. Time: 0.039639949798583984 seconds[0m
[97m[INFO ] Conversion to Prediction Done. Time: 0.0003135204315185547 seconds[0m
depth: 1530/2000 frame=1529
[97m[INFO ] Processed Images Done taking 0.006460666656494141 seconds. Shape:  torch.Size([1, 3, 518, 518])[0m
[97m[INFO ] Model Forward Pass Done. Time: 0.04422950744628906 seconds[0m
[97m[INFO ] Conversion to Prediction Done. Time: 0.00035643577575683594 seconds[0m
depth: 1531/2000 frame=1530
[97m[INFO ] Processed Images Done taking 0.006188631057739258 seconds. Shape:  torch.Size([1, 3, 518, 518])[0m
[97m[INFO ] Model Forward Pass Done. Time: 0.04394412040710449 seconds[0m
[97m[INFO ] Conversion to Prediction Done. Time: 0.00030994415283203125 seconds[0m
depth: 1532/2000 frame=1531
[97m[INFO ] Processed Images Done taking 0.006823539733886719 seconds. Shape:  torch.Size([1, 3, 518, 518])[0m
[97m[INFO ] Model Forward Pass Done. Time: 0.040787696838378906 seconds[0m
[97m[INFO ] Conversion to Prediction Done. Time: 0.0003323554992675781 seconds[0m
depth: 1533/2000 frame=1532
[97m[INFO ] Processed Images Done taking 0.006417989730834961 seconds. Shape:  torch.Size([1, 3, 518, 518])[0m
[97m[INFO ] Model Forward Pass Done. Time: 0.04438042640686035 seconds[0m
[97m[INFO ] Conversion to Prediction Done. Time: 0.0003523826599121094 seconds[0m
depth: 1534/2000 frame=1533
[97m[INFO ] Processed Images Done taking 0.00689244270324707 seconds. Shape:  torch.Size([1, 3, 518, 518])[0m
[97m[INFO ] Model Forward Pass Done. Time: 0.04134178161621094 seconds[0m
[97m[INFO ] Conversion to Prediction Done. Time: 0.0003306865692138672 seconds[0m
depth: 1535/2000 frame=1534
[97m[INFO ] Processed Images Done taking 0.0072765350341796875 seconds. Shape:  torch.Size([1, 3, 518, 518])[0m
[97m[INFO ] Model Forward Pass Done. Time: 0.04119873046875 seconds[0m
[97m[INFO ] Conversion to Prediction Done. Time: 0.00032711029052734375 seconds[0m
depth: 1536/2000 frame=1535
[97m[INFO ] Processed Images Done taking 0.006652355194091797 seconds. Shape:  torch.Size([1, 3, 518, 518])[0m
[97m[INFO ] Model Forward Pass Done. Time: 0.040021657943725586 seconds[0m
[97m[INFO ] Conversion to Prediction Done. Time: 0.00038361549377441406 seconds[0m
depth: 1537/2000 frame=1536
[97m[INFO ] Processed Images Done taking 0.006716489791870117 seconds. Shape:  torch.Size([1, 3, 518, 518])[0m
[97m[INFO ] Model Forward Pass Done. Time: 0.04081130027770996 seconds[0m
[97m[INFO ] Conversion to Prediction Done. Time: 0.00031113624572753906 seconds[0m
depth: 1538/2000 frame=1537
[97m[INFO ] Processed Images Done taking 0.006455421447753906 seconds. Shape:  torch.Size([1, 3, 518, 518])[0m
[97m[INFO ] Model Forward Pass Done. Time: 0.04123401641845703 seconds[0m
[97m[INFO ] Conversion to Prediction Done. Time: 0.00035834312438964844 seconds[0m
depth: 1539/2000 frame=1538
[97m[INFO ] Processed Images Done taking 0.006566286087036133 seconds. Shape:  torch.Size([1, 3, 518, 518])[0m
[97m[INFO ] Model Forward Pass Done. Time: 0.04183053970336914 seconds[0m
[97m[INFO ] Conversion to Prediction Done. Time: 0.0003108978271484375 seconds[0m
depth: 1540/2000 frame=1539
[97m[INFO ] Processed Images Done taking 0.007044553756713867 seconds. Shape:  torch.Size([1, 3, 518, 518])[0m
[97m[INFO ] Model Forward Pass Done. Time: 0.041991233825683594 seconds[0m
[97m[INFO ] Conversion to Prediction Done. Time: 0.0003299713134765625 seconds[0m
depth: 1541/2000 frame=1540
[97m[INFO ] Processed Images Done taking 0.00638890266418457 seconds. Shape:  torch.Size([1, 3, 518, 518])[0m
[97m[INFO ] Model Forward Pass Done. Time: 0.04101848602294922 seconds[0m
[97m[INFO ] Conversion to Prediction Done. Time: 0.00036144256591796875 seconds[0m
depth: 1542/2000 frame=1541
[97m[INFO ] Processed Images Done taking 0.006195545196533203 seconds. Shape:  torch.Size([1, 3, 518, 518])[0m
[97m[INFO ] Model Forward Pass Done. Time: 0.0401458740234375 seconds[0m
[97m[INFO ] Conversion to Prediction Done. Time: 0.00032782554626464844 seconds[0m
depth: 1543/2000 frame=1542
[97m[INFO ] Processed Images Done taking 0.00777125358581543 seconds. Shape:  torch.Size([1, 3, 518, 518])[0m
[97m[INFO ] Model Forward Pass Done. Time: 0.04094123840332031 seconds[0m
[97m[INFO ] Conversion to Prediction Done. Time: 0.0003097057342529297 seconds[0m
depth: 1544/2000 frame=1543
[97m[INFO ] Processed Images Done taking 0.006067991256713867 seconds. Shape:  torch.Size([1, 3, 518, 518])[0m
[97m[INFO ] Model Forward Pass Done. Time: 0.04065847396850586 seconds[0m
[97m[INFO ] Conversion to Prediction Done. Time: 0.0003457069396972656 seconds[0m
depth: 1545/2000 frame=1544
[97m[INFO ] Processed Images Done taking 0.0075321197509765625 seconds. Shape:  torch.Size([1, 3, 518, 518])[0m
[97m[INFO ] Model Forward Pass Done. Time: 0.04412269592285156 seconds[0m
[97m[INFO ] Conversion to Prediction Done. Time: 0.0003254413604736328 seconds[0m
depth: 1546/2000 frame=1545
[97m[INFO ] Processed Images Done taking 0.0066378116607666016 seconds. Shape:  torch.Size([1, 3, 518, 518])[0m
[97m[INFO ] Model Forward Pass Done. Time: 0.04085040092468262 seconds[0m
[97m[INFO ] Conversion to Prediction Done. Time: 0.0003142356872558594 seconds[0m
depth: 1547/2000 frame=1546
[97m[INFO ] Processed Images Done taking 0.00734257698059082 seconds. Shape:  torch.Size([1, 3, 518, 518])[0m
[97m[INFO ] Model Forward Pass Done. Time: 0.040938615798950195 seconds[0m
[97m[INFO ] Conversion to Prediction Done. Time: 0.0003457069396972656 seconds[0m
depth: 1548/2000 frame=1547
[97m[INFO ] Processed Images Done taking 0.0073490142822265625 seconds. Shape:  torch.Size([1, 3, 518, 518])[0m
[97m[INFO ] Model Forward Pass Done. Time: 0.042185068130493164 seconds[0m
[97m[INFO ] Conversion to Prediction Done. Time: 0.0003275871276855469 seconds[0m
depth: 1549/2000 frame=1548
[97m[INFO ] Processed Images Done taking 0.00668644905090332 seconds. Shape:  torch.Size([1, 3, 518, 518])[0m
[97m[INFO ] Model Forward Pass Done. Time: 0.04157900810241699 seconds[0m
[97m[INFO ] Conversion to Prediction Done. Time: 0.0003185272216796875 seconds[0m
depth: 1550/2000 frame=1549
[97m[INFO ] Processed Images Done taking 0.006396770477294922 seconds. Shape:  torch.Size([1, 3, 518, 518])[0m
[97m[INFO ] Model Forward Pass Done. Time: 0.04054975509643555 seconds[0m
[97m[INFO ] Conversion to Prediction Done. Time: 0.0003542900085449219 seconds[0m
depth: 1551/2000 frame=1550
[97m[INFO ] Processed Images Done taking 0.007115602493286133 seconds. Shape:  torch.Size([1, 3, 518, 518])[0m
[97m[INFO ] Model Forward Pass Done. Time: 0.04067397117614746 seconds[0m
[97m[INFO ] Conversion to Prediction Done. Time: 0.0003266334533691406 seconds[0m
depth: 1552/2000 frame=1551
[97m[INFO ] Processed Images Done taking 0.0071108341217041016 seconds. Shape:  torch.Size([1, 3, 518, 518])[0m
[97m[INFO ] Model Forward Pass Done. Time: 0.03973841667175293 seconds[0m
[97m[INFO ] Conversion to Prediction Done. Time: 0.0003304481506347656 seconds[0m
depth: 1553/2000 frame=1552
[97m[INFO ] Processed Images Done taking 0.00800180435180664 seconds. Shape:  torch.Size([1, 3, 518, 518])[0m
[97m[INFO ] Model Forward Pass Done. Time: 0.04146313667297363 seconds[0m
[97m[INFO ] Conversion to Prediction Done. Time: 0.00036144256591796875 seconds[0m
depth: 1554/2000 frame=1553
[97m[INFO ] Processed Images Done taking 0.006325244903564453 seconds. Shape:  torch.Size([1, 3, 518, 518])[0m
[97m[INFO ] Model Forward Pass Done. Time: 0.04434657096862793 seconds[0m
[97m[INFO ] Conversion to Prediction Done. Time: 0.0003123283386230469 seconds[0m
depth: 1555/2000 frame=1554
[97m[INFO ] Processed Images Done taking 0.006592273712158203 seconds. Shape:  torch.Size([1, 3, 518, 518])[0m
[97m[INFO ] Model Forward Pass Done. Time: 0.041359901428222656 seconds[0m
[97m[INFO ] Conversion to Prediction Done. Time: 0.0003170967102050781 seconds[0m
depth: 1556/2000 frame=1555
[97m[INFO ] Processed Images Done taking 0.0070760250091552734 seconds. Shape:  torch.Size([1, 3, 518, 518])[0m
[97m[INFO ] Model Forward Pass Done. Time: 0.04188656806945801 seconds[0m
[97m[INFO ] Conversion to Prediction Done. Time: 0.00037026405334472656 seconds[0m
depth: 1557/2000 frame=1556
[97m[INFO ] Processed Images Done taking 0.0073397159576416016 seconds. Shape:  torch.Size([1, 3, 518, 518])[0m
[97m[INFO ] Model Forward Pass Done. Time: 0.040795087814331055 seconds[0m
[97m[INFO ] Conversion to Prediction Done. Time: 0.00032401084899902344 seconds[0m
depth: 1558/2000 frame=1557
[97m[INFO ] Processed Images Done taking 0.006937742233276367 seconds. Shape:  torch.Size([1, 3, 518, 518])[0m
[97m[INFO ] Model Forward Pass Done. Time: 0.04214668273925781 seconds[0m
[97m[INFO ] Conversion to Prediction Done. Time: 0.0003376007080078125 seconds[0m
depth: 1559/2000 frame=1558
[97m[INFO ] Processed Images Done taking 0.00661921501159668 seconds. Shape:  torch.Size([1, 3, 518, 518])[0m
[97m[INFO ] Model Forward Pass Done. Time: 0.0409393310546875 seconds[0m
[97m[INFO ] Conversion to Prediction Done. Time: 0.00037169456481933594 seconds[0m
depth: 1560/2000 frame=1559
[97m[INFO ] Processed Images Done taking 0.006745815277099609 seconds. Shape:  torch.Size([1, 3, 518, 518])[0m
[97m[INFO ] Model Forward Pass Done. Time: 0.044115304946899414 seconds[0m
[97m[INFO ] Conversion to Prediction Done. Time: 0.0003216266632080078 seconds[0m
depth: 1561/2000 frame=1560
[97m[INFO ] Processed Images Done taking 0.005991220474243164 seconds. Shape:  torch.Size([1, 3, 518, 518])[0m
[97m[INFO ] Model Forward Pass Done. Time: 0.04225325584411621 seconds[0m
[97m[INFO ] Conversion to Prediction Done. Time: 0.0003478527069091797 seconds[0m
depth: 1562/2000 frame=1561
[97m[INFO ] Processed Images Done taking 0.007466554641723633 seconds. Shape:  torch.Size([1, 3, 518, 518])[0m
[97m[INFO ] Model Forward Pass Done. Time: 0.0407869815826416 seconds[0m
[97m[INFO ] Conversion to Prediction Done. Time: 0.0003142356872558594 seconds[0m
depth: 1563/2000 frame=1562
[97m[INFO ] Processed Images Done taking 0.00698089599609375 seconds. Shape:  torch.Size([1, 3, 518, 518])[0m
[97m[INFO ] Model Forward Pass Done. Time: 0.039845943450927734 seconds[0m
[97m[INFO ] Conversion to Prediction Done. Time: 0.00031375885009765625 seconds[0m
depth: 1564/2000 frame=1563
[97m[INFO ] Processed Images Done taking 0.0060176849365234375 seconds. Shape:  torch.Size([1, 3, 518, 518])[0m
[97m[INFO ] Model Forward Pass Done. Time: 0.042305946350097656 seconds[0m
[97m[INFO ] Conversion to Prediction Done. Time: 0.00036406517028808594 seconds[0m
depth: 1565/2000 frame=1564
[97m[INFO ] Processed Images Done taking 0.006844758987426758 seconds. Shape:  torch.Size([1, 3, 518, 518])[0m
[97m[INFO ] Model Forward Pass Done. Time: 0.03957176208496094 seconds[0m
[97m[INFO ] Conversion to Prediction Done. Time: 0.00031304359436035156 seconds[0m
depth: 1566/2000 frame=1565
[97m[INFO ] Processed Images Done taking 0.0070645809173583984 seconds. Shape:  torch.Size([1, 3, 518, 518])[0m
[97m[INFO ] Model Forward Pass Done. Time: 0.04091930389404297 seconds[0m
[97m[INFO ] Conversion to Prediction Done. Time: 0.0003306865692138672 seconds[0m
depth: 1567/2000 frame=1566
[97m[INFO ] Processed Images Done taking 0.005701541900634766 seconds. Shape:  torch.Size([1, 3, 518, 518])[0m
[97m[INFO ] Model Forward Pass Done. Time: 0.0409846305847168 seconds[0m
[97m[INFO ] Conversion to Prediction Done. Time: 0.0003476142883300781 seconds[0m
depth: 1568/2000 frame=1567
[97m[INFO ] Processed Images Done taking 0.006790637969970703 seconds. Shape:  torch.Size([1, 3, 518, 518])[0m
[97m[INFO ] Model Forward Pass Done. Time: 0.041712045669555664 seconds[0m
[97m[INFO ] Conversion to Prediction Done. Time: 0.0003135204315185547 seconds[0m
depth: 1569/2000 frame=1568
[97m[INFO ] Processed Images Done taking 0.0065424442291259766 seconds. Shape:  torch.Size([1, 3, 518, 518])[0m
[97m[INFO ] Model Forward Pass Done. Time: 0.04169416427612305 seconds[0m
[97m[INFO ] Conversion to Prediction Done. Time: 0.00031304359436035156 seconds[0m
depth: 1570/2000 frame=1569
[97m[INFO ] Processed Images Done taking 0.0062103271484375 seconds. Shape:  torch.Size([1, 3, 518, 518])[0m
[97m[INFO ] Model Forward Pass Done. Time: 0.041182518005371094 seconds[0m
[97m[INFO ] Conversion to Prediction Done. Time: 0.0003662109375 seconds[0m
depth: 1571/2000 frame=1570
[97m[INFO ] Processed Images Done taking 0.006414890289306641 seconds. Shape:  torch.Size([1, 3, 518, 518])[0m
[97m[INFO ] Model Forward Pass Done. Time: 0.042350053787231445 seconds[0m
[97m[INFO ] Conversion to Prediction Done. Time: 0.0003268718719482422 seconds[0m
depth: 1572/2000 frame=1571
[97m[INFO ] Processed Images Done taking 0.00677943229675293 seconds. Shape:  torch.Size([1, 3, 518, 518])[0m
[97m[INFO ] Model Forward Pass Done. Time: 0.040970563888549805 seconds[0m
[97m[INFO ] Conversion to Prediction Done. Time: 0.00031685829162597656 seconds[0m
depth: 1573/2000 frame=1572
[97m[INFO ] Processed Images Done taking 0.006585836410522461 seconds. Shape:  torch.Size([1, 3, 518, 518])[0m
[97m[INFO ] Model Forward Pass Done. Time: 0.04099416732788086 seconds[0m
[97m[INFO ] Conversion to Prediction Done. Time: 0.0003504753112792969 seconds[0m
depth: 1574/2000 frame=1573
[97m[INFO ] Processed Images Done taking 0.006224155426025391 seconds. Shape:  torch.Size([1, 3, 518, 518])[0m
[97m[INFO ] Model Forward Pass Done. Time: 0.04067277908325195 seconds[0m
[97m[INFO ] Conversion to Prediction Done. Time: 0.0003285408020019531 seconds[0m
depth: 1575/2000 frame=1574
[97m[INFO ] Processed Images Done taking 0.006707906723022461 seconds. Shape:  torch.Size([1, 3, 518, 518])[0m
[97m[INFO ] Model Forward Pass Done. Time: 0.040821075439453125 seconds[0m
[97m[INFO ] Conversion to Prediction Done. Time: 0.0003261566162109375 seconds[0m
depth: 1576/2000 frame=1575
[97m[INFO ] Processed Images Done taking 0.006030559539794922 seconds. Shape:  torch.Size([1, 3, 518, 518])[0m
[97m[INFO ] Model Forward Pass Done. Time: 0.042264699935913086 seconds[0m
[97m[INFO ] Conversion to Prediction Done. Time: 0.0003497600555419922 seconds[0m
depth: 1577/2000 frame=1576
[97m[INFO ] Processed Images Done taking 0.0062923431396484375 seconds. Shape:  torch.Size([1, 3, 518, 518])[0m
[97m[INFO ] Model Forward Pass Done. Time: 0.04230928421020508 seconds[0m
[97m[INFO ] Conversion to Prediction Done. Time: 0.0003235340118408203 seconds[0m
depth: 1578/2000 frame=1577
[97m[INFO ] Processed Images Done taking 0.006308794021606445 seconds. Shape:  torch.Size([1, 3, 518, 518])[0m
[97m[INFO ] Model Forward Pass Done. Time: 0.040670156478881836 seconds[0m
[97m[INFO ] Conversion to Prediction Done. Time: 0.00032782554626464844 seconds[0m
depth: 1579/2000 frame=1578
[97m[INFO ] Processed Images Done taking 0.006314754486083984 seconds. Shape:  torch.Size([1, 3, 518, 518])[0m
[97m[INFO ] Model Forward Pass Done. Time: 0.04102754592895508 seconds[0m
[97m[INFO ] Conversion to Prediction Done. Time: 0.0003478527069091797 seconds[0m
depth: 1580/2000 frame=1579
[97m[INFO ] Processed Images Done taking 0.006029367446899414 seconds. Shape:  torch.Size([1, 3, 518, 518])[0m
[97m[INFO ] Model Forward Pass Done. Time: 0.03974652290344238 seconds[0m
[97m[INFO ] Conversion to Prediction Done. Time: 0.0003147125244140625 seconds[0m
depth: 1581/2000 frame=1580
[97m[INFO ] Processed Images Done taking 0.006390094757080078 seconds. Shape:  torch.Size([1, 3, 518, 518])[0m
[97m[INFO ] Model Forward Pass Done. Time: 0.04241180419921875 seconds[0m
[97m[INFO ] Conversion to Prediction Done. Time: 0.00031256675720214844 seconds[0m
depth: 1582/2000 frame=1581
[97m[INFO ] Processed Images Done taking 0.0061719417572021484 seconds. Shape:  torch.Size([1, 3, 518, 518])[0m
[97m[INFO ] Model Forward Pass Done. Time: 0.04250931739807129 seconds[0m
[97m[INFO ] Conversion to Prediction Done. Time: 0.0003485679626464844 seconds[0m
depth: 1583/2000 frame=1582
[97m[INFO ] Processed Images Done taking 0.0064449310302734375 seconds. Shape:  torch.Size([1, 3, 518, 518])[0m
[97m[INFO ] Model Forward Pass Done. Time: 0.04181647300720215 seconds[0m
[97m[INFO ] Conversion to Prediction Done. Time: 0.0003173351287841797 seconds[0m
depth: 1584/2000 frame=1583
[97m[INFO ] Processed Images Done taking 0.006425142288208008 seconds. Shape:  torch.Size([1, 3, 518, 518])[0m
[97m[INFO ] Model Forward Pass Done. Time: 0.04003620147705078 seconds[0m
[97m[INFO ] Conversion to Prediction Done. Time: 0.0003237724304199219 seconds[0m
depth: 1585/2000 frame=1584
[97m[INFO ] Processed Images Done taking 0.006123781204223633 seconds. Shape:  torch.Size([1, 3, 518, 518])[0m
[97m[INFO ] Model Forward Pass Done. Time: 0.041723012924194336 seconds[0m
[97m[INFO ] Conversion to Prediction Done. Time: 0.00035881996154785156 seconds[0m
depth: 1586/2000 frame=1585
[97m[INFO ] Processed Images Done taking 0.00597071647644043 seconds. Shape:  torch.Size([1, 3, 518, 518])[0m
[97m[INFO ] Model Forward Pass Done. Time: 0.04240584373474121 seconds[0m
[97m[INFO ] Conversion to Prediction Done. Time: 0.0003173351287841797 seconds[0m
depth: 1587/2000 frame=1586
[97m[INFO ] Processed Images Done taking 0.00678253173828125 seconds. Shape:  torch.Size([1, 3, 518, 518])[0m
[97m[INFO ] Model Forward Pass Done. Time: 0.04087257385253906 seconds[0m
[97m[INFO ] Conversion to Prediction Done. Time: 0.00033020973205566406 seconds[0m
depth: 1588/2000 frame=1587
[97m[INFO ] Processed Images Done taking 0.005890607833862305 seconds. Shape:  torch.Size([1, 3, 518, 518])[0m
[97m[INFO ] Model Forward Pass Done. Time: 0.04254961013793945 seconds[0m
[97m[INFO ] Conversion to Prediction Done. Time: 0.00034928321838378906 seconds[0m
depth: 1589/2000 frame=1588
[97m[INFO ] Processed Images Done taking 0.006157636642456055 seconds. Shape:  torch.Size([1, 3, 518, 518])[0m
[97m[INFO ] Model Forward Pass Done. Time: 0.04086780548095703 seconds[0m
[97m[INFO ] Conversion to Prediction Done. Time: 0.0003323554992675781 seconds[0m
depth: 1590/2000 frame=1589
[97m[INFO ] Processed Images Done taking 0.006508350372314453 seconds. Shape:  torch.Size([1, 3, 518, 518])[0m
[97m[INFO ] Model Forward Pass Done. Time: 0.040877342224121094 seconds[0m
[97m[INFO ] Conversion to Prediction Done. Time: 0.0003407001495361328 seconds[0m
depth: 1591/2000 frame=1590
[97m[INFO ] Processed Images Done taking 0.006699562072753906 seconds. Shape:  torch.Size([1, 3, 518, 518])[0m
[97m[INFO ] Model Forward Pass Done. Time: 0.044872283935546875 seconds[0m
[97m[INFO ] Conversion to Prediction Done. Time: 0.00035691261291503906 seconds[0m
depth: 1592/2000 frame=1591
[97m[INFO ] Processed Images Done taking 0.007650852203369141 seconds. Shape:  torch.Size([1, 3, 518, 518])[0m
[97m[INFO ] Model Forward Pass Done. Time: 0.04405403137207031 seconds[0m
[97m[INFO ] Conversion to Prediction Done. Time: 0.0003314018249511719 seconds[0m
depth: 1593/2000 frame=1592
[97m[INFO ] Processed Images Done taking 0.008001327514648438 seconds. Shape:  torch.Size([1, 3, 518, 518])[0m
[97m[INFO ] Model Forward Pass Done. Time: 0.04399228096008301 seconds[0m
[97m[INFO ] Conversion to Prediction Done. Time: 0.0003097057342529297 seconds[0m
depth: 1594/2000 frame=1593
[97m[INFO ] Processed Images Done taking 0.0059051513671875 seconds. Shape:  torch.Size([1, 3, 518, 518])[0m
[97m[INFO ] Model Forward Pass Done. Time: 0.04110121726989746 seconds[0m
[97m[INFO ] Conversion to Prediction Done. Time: 0.00035858154296875 seconds[0m
depth: 1595/2000 frame=1594
[97m[INFO ] Processed Images Done taking 0.007578372955322266 seconds. Shape:  torch.Size([1, 3, 518, 518])[0m
[97m[INFO ] Model Forward Pass Done. Time: 0.042092323303222656 seconds[0m
[97m[INFO ] Conversion to Prediction Done. Time: 0.00032448768615722656 seconds[0m
depth: 1596/2000 frame=1595
[97m[INFO ] Processed Images Done taking 0.0072841644287109375 seconds. Shape:  torch.Size([1, 3, 518, 518])[0m
[97m[INFO ] Model Forward Pass Done. Time: 0.04088616371154785 seconds[0m
[97m[INFO ] Conversion to Prediction Done. Time: 0.0003132820129394531 seconds[0m
depth: 1597/2000 frame=1596
[97m[INFO ] Processed Images Done taking 0.0064580440521240234 seconds. Shape:  torch.Size([1, 3, 518, 518])[0m
[97m[INFO ] Model Forward Pass Done. Time: 0.0419011116027832 seconds[0m
[97m[INFO ] Conversion to Prediction Done. Time: 0.0003600120544433594 seconds[0m
depth: 1598/2000 frame=1597
[97m[INFO ] Processed Images Done taking 0.005720376968383789 seconds. Shape:  torch.Size([1, 3, 518, 518])[0m
[97m[INFO ] Model Forward Pass Done. Time: 0.04216814041137695 seconds[0m
[97m[INFO ] Conversion to Prediction Done. Time: 0.0003085136413574219 seconds[0m
depth: 1599/2000 frame=1598
[97m[INFO ] Processed Images Done taking 0.006428718566894531 seconds. Shape:  torch.Size([1, 3, 518, 518])[0m
[97m[INFO ] Model Forward Pass Done. Time: 0.04091954231262207 seconds[0m
[97m[INFO ] Conversion to Prediction Done. Time: 0.00032639503479003906 seconds[0m
depth: 1600/2000 frame=1599
[97m[INFO ] Processed Images Done taking 0.006187915802001953 seconds. Shape:  torch.Size([1, 3, 518, 518])[0m
[97m[INFO ] Model Forward Pass Done. Time: 0.0403590202331543 seconds[0m
[97m[INFO ] Conversion to Prediction Done. Time: 0.00034618377685546875 seconds[0m
depth: 1601/2000 frame=1600
[97m[INFO ] Processed Images Done taking 0.0066373348236083984 seconds. Shape:  torch.Size([1, 3, 518, 518])[0m
[97m[INFO ] Model Forward Pass Done. Time: 0.04206252098083496 seconds[0m
[97m[INFO ] Conversion to Prediction Done. Time: 0.0003230571746826172 seconds[0m
depth: 1602/2000 frame=1601
[97m[INFO ] Processed Images Done taking 0.006812572479248047 seconds. Shape:  torch.Size([1, 3, 518, 518])[0m
[97m[INFO ] Model Forward Pass Done. Time: 0.04191946983337402 seconds[0m
[97m[INFO ] Conversion to Prediction Done. Time: 0.0003287792205810547 seconds[0m
depth: 1603/2000 frame=1602
[97m[INFO ] Processed Images Done taking 0.0069580078125 seconds. Shape:  torch.Size([1, 3, 518, 518])[0m
[97m[INFO ] Model Forward Pass Done. Time: 0.0407404899597168 seconds[0m
[97m[INFO ] Conversion to Prediction Done. Time: 0.0003552436828613281 seconds[0m
depth: 1604/2000 frame=1603
[97m[INFO ] Processed Images Done taking 0.00639033317565918 seconds. Shape:  torch.Size([1, 3, 518, 518])[0m
[97m[INFO ] Model Forward Pass Done. Time: 0.03773951530456543 seconds[0m
[97m[INFO ] Conversion to Prediction Done. Time: 0.00032258033752441406 seconds[0m
depth: 1605/2000 frame=1604
[97m[INFO ] Processed Images Done taking 0.006492137908935547 seconds. Shape:  torch.Size([1, 3, 518, 518])[0m
[97m[INFO ] Model Forward Pass Done. Time: 0.04074740409851074 seconds[0m
[97m[INFO ] Conversion to Prediction Done. Time: 0.00032329559326171875 seconds[0m
depth: 1606/2000 frame=1605
[97m[INFO ] Processed Images Done taking 0.006685495376586914 seconds. Shape:  torch.Size([1, 3, 518, 518])[0m
[97m[INFO ] Model Forward Pass Done. Time: 0.0418548583984375 seconds[0m
[97m[INFO ] Conversion to Prediction Done. Time: 0.0003490447998046875 seconds[0m
depth: 1607/2000 frame=1606
[97m[INFO ] Processed Images Done taking 0.0063626766204833984 seconds. Shape:  torch.Size([1, 3, 518, 518])[0m
[97m[INFO ] Model Forward Pass Done. Time: 0.040697336196899414 seconds[0m
[97m[INFO ] Conversion to Prediction Done. Time: 0.0003178119659423828 seconds[0m
depth: 1608/2000 frame=1607
[97m[INFO ] Processed Images Done taking 0.006718635559082031 seconds. Shape:  torch.Size([1, 3, 518, 518])[0m
[97m[INFO ] Model Forward Pass Done. Time: 0.04163384437561035 seconds[0m
[97m[INFO ] Conversion to Prediction Done. Time: 0.00031757354736328125 seconds[0m
depth: 1609/2000 frame=1608
[97m[INFO ] Processed Images Done taking 0.00643467903137207 seconds. Shape:  torch.Size([1, 3, 518, 518])[0m
[97m[INFO ] Model Forward Pass Done. Time: 0.04065346717834473 seconds[0m
[97m[INFO ] Conversion to Prediction Done. Time: 0.00035953521728515625 seconds[0m
depth: 1610/2000 frame=1609
[97m[INFO ] Processed Images Done taking 0.007071733474731445 seconds. Shape:  torch.Size([1, 3, 518, 518])[0m
[97m[INFO ] Model Forward Pass Done. Time: 0.039780378341674805 seconds[0m
[97m[INFO ] Conversion to Prediction Done. Time: 0.0003161430358886719 seconds[0m
depth: 1611/2000 frame=1610
[97m[INFO ] Processed Images Done taking 0.007071256637573242 seconds. Shape:  torch.Size([1, 3, 518, 518])[0m
[97m[INFO ] Model Forward Pass Done. Time: 0.04369020462036133 seconds[0m
[97m[INFO ] Conversion to Prediction Done. Time: 0.0003323554992675781 seconds[0m
depth: 1612/2000 frame=1611
[97m[INFO ] Processed Images Done taking 0.006497859954833984 seconds. Shape:  torch.Size([1, 3, 518, 518])[0m
[97m[INFO ] Model Forward Pass Done. Time: 0.04190182685852051 seconds[0m
[97m[INFO ] Conversion to Prediction Done. Time: 0.00035572052001953125 seconds[0m
depth: 1613/2000 frame=1612
[97m[INFO ] Processed Images Done taking 0.0067484378814697266 seconds. Shape:  torch.Size([1, 3, 518, 518])[0m
[97m[INFO ] Model Forward Pass Done. Time: 0.039777278900146484 seconds[0m
[97m[INFO ] Conversion to Prediction Done. Time: 0.00030994415283203125 seconds[0m
depth: 1614/2000 frame=1613
[97m[INFO ] Processed Images Done taking 0.0065691471099853516 seconds. Shape:  torch.Size([1, 3, 518, 518])[0m
[97m[INFO ] Model Forward Pass Done. Time: 0.04404449462890625 seconds[0m
[97m[INFO ] Conversion to Prediction Done. Time: 0.0003275871276855469 seconds[0m
depth: 1615/2000 frame=1614
[97m[INFO ] Processed Images Done taking 0.0060193538665771484 seconds. Shape:  torch.Size([1, 3, 518, 518])[0m
[97m[INFO ] Model Forward Pass Done. Time: 0.04069352149963379 seconds[0m
[97m[INFO ] Conversion to Prediction Done. Time: 0.0003476142883300781 seconds[0m
depth: 1616/2000 frame=1615
[97m[INFO ] Processed Images Done taking 0.006525993347167969 seconds. Shape:  torch.Size([1, 3, 518, 518])[0m
[97m[INFO ] Model Forward Pass Done. Time: 0.04174089431762695 seconds[0m
[97m[INFO ] Conversion to Prediction Done. Time: 0.0003209114074707031 seconds[0m
depth: 1617/2000 frame=1616
[97m[INFO ] Processed Images Done taking 0.008329153060913086 seconds. Shape:  torch.Size([1, 3, 518, 518])[0m
[97m[INFO ] Model Forward Pass Done. Time: 0.04089760780334473 seconds[0m
[97m[INFO ] Conversion to Prediction Done. Time: 0.00032448768615722656 seconds[0m
depth: 1618/2000 frame=1617
[97m[INFO ] Processed Images Done taking 0.005574226379394531 seconds. Shape:  torch.Size([1, 3, 518, 518])[0m
[97m[INFO ] Model Forward Pass Done. Time: 0.04100823402404785 seconds[0m
[97m[INFO ] Conversion to Prediction Done. Time: 0.00035500526428222656 seconds[0m
depth: 1619/2000 frame=1618
[97m[INFO ] Processed Images Done taking 0.006130218505859375 seconds. Shape:  torch.Size([1, 3, 518, 518])[0m
[97m[INFO ] Model Forward Pass Done. Time: 0.04004526138305664 seconds[0m
[97m[INFO ] Conversion to Prediction Done. Time: 0.0003116130828857422 seconds[0m
depth: 1620/2000 frame=1619
[97m[INFO ] Processed Images Done taking 0.006758213043212891 seconds. Shape:  torch.Size([1, 3, 518, 518])[0m
[97m[INFO ] Model Forward Pass Done. Time: 0.04091501235961914 seconds[0m
[97m[INFO ] Conversion to Prediction Done. Time: 0.0003535747528076172 seconds[0m
depth: 1621/2000 frame=1620
[97m[INFO ] Processed Images Done taking 0.0073337554931640625 seconds. Shape:  torch.Size([1, 3, 518, 518])[0m
[97m[INFO ] Model Forward Pass Done. Time: 0.04072141647338867 seconds[0m
[97m[INFO ] Conversion to Prediction Done. Time: 0.00032329559326171875 seconds[0m
depth: 1622/2000 frame=1621
[97m[INFO ] Processed Images Done taking 0.006234645843505859 seconds. Shape:  torch.Size([1, 3, 518, 518])[0m
[97m[INFO ] Model Forward Pass Done. Time: 0.0397191047668457 seconds[0m
[97m[INFO ] Conversion to Prediction Done. Time: 0.0003287792205810547 seconds[0m
depth: 1623/2000 frame=1622
[97m[INFO ] Processed Images Done taking 0.006410121917724609 seconds. Shape:  torch.Size([1, 3, 518, 518])[0m
[97m[INFO ] Model Forward Pass Done. Time: 0.042223453521728516 seconds[0m
[97m[INFO ] Conversion to Prediction Done. Time: 0.00034928321838378906 seconds[0m
depth: 1624/2000 frame=1623
[97m[INFO ] Processed Images Done taking 0.006706953048706055 seconds. Shape:  torch.Size([1, 3, 518, 518])[0m
[97m[INFO ] Model Forward Pass Done. Time: 0.04222226142883301 seconds[0m
[97m[INFO ] Conversion to Prediction Done. Time: 0.0003314018249511719 seconds[0m
depth: 1625/2000 frame=1624
[97m[INFO ] Processed Images Done taking 0.0068149566650390625 seconds. Shape:  torch.Size([1, 3, 518, 518])[0m
[97m[INFO ] Model Forward Pass Done. Time: 0.040578365325927734 seconds[0m
[97m[INFO ] Conversion to Prediction Done. Time: 0.0003285408020019531 seconds[0m
depth: 1626/2000 frame=1625
[97m[INFO ] Processed Images Done taking 0.006348609924316406 seconds. Shape:  torch.Size([1, 3, 518, 518])[0m
[97m[INFO ] Model Forward Pass Done. Time: 0.040049076080322266 seconds[0m
[97m[INFO ] Conversion to Prediction Done. Time: 0.0003407001495361328 seconds[0m
depth: 1627/2000 frame=1626
[97m[INFO ] Processed Images Done taking 0.0071010589599609375 seconds. Shape:  torch.Size([1, 3, 518, 518])[0m
[97m[INFO ] Model Forward Pass Done. Time: 0.040493011474609375 seconds[0m
[97m[INFO ] Conversion to Prediction Done. Time: 0.0003161430358886719 seconds[0m
depth: 1628/2000 frame=1627
[97m[INFO ] Processed Images Done taking 0.007790565490722656 seconds. Shape:  torch.Size([1, 3, 518, 518])[0m
[97m[INFO ] Model Forward Pass Done. Time: 0.04080963134765625 seconds[0m
[97m[INFO ] Conversion to Prediction Done. Time: 0.00031757354736328125 seconds[0m
depth: 1629/2000 frame=1628
[97m[INFO ] Processed Images Done taking 0.0063402652740478516 seconds. Shape:  torch.Size([1, 3, 518, 518])[0m
[97m[INFO ] Model Forward Pass Done. Time: 0.04188394546508789 seconds[0m
[97m[INFO ] Conversion to Prediction Done. Time: 0.00035071372985839844 seconds[0m
depth: 1630/2000 frame=1629
[97m[INFO ] Processed Images Done taking 0.006765842437744141 seconds. Shape:  torch.Size([1, 3, 518, 518])[0m
[97m[INFO ] Model Forward Pass Done. Time: 0.03995394706726074 seconds[0m
[97m[INFO ] Conversion to Prediction Done. Time: 0.0003123283386230469 seconds[0m
depth: 1631/2000 frame=1630
[97m[INFO ] Processed Images Done taking 0.007161140441894531 seconds. Shape:  torch.Size([1, 3, 518, 518])[0m
[97m[INFO ] Model Forward Pass Done. Time: 0.040781497955322266 seconds[0m
[97m[INFO ] Conversion to Prediction Done. Time: 0.0003352165222167969 seconds[0m
depth: 1632/2000 frame=1631
[97m[INFO ] Processed Images Done taking 0.007143259048461914 seconds. Shape:  torch.Size([1, 3, 518, 518])[0m
[97m[INFO ] Model Forward Pass Done. Time: 0.04192495346069336 seconds[0m
[97m[INFO ] Conversion to Prediction Done. Time: 0.0003542900085449219 seconds[0m
depth: 1633/2000 frame=1632
[97m[INFO ] Processed Images Done taking 0.00769352912902832 seconds. Shape:  torch.Size([1, 3, 518, 518])[0m
[97m[INFO ] Model Forward Pass Done. Time: 0.04352259635925293 seconds[0m
[97m[INFO ] Conversion to Prediction Done. Time: 0.0003132820129394531 seconds[0m
depth: 1634/2000 frame=1633
[97m[INFO ] Processed Images Done taking 0.006382942199707031 seconds. Shape:  torch.Size([1, 3, 518, 518])[0m
[97m[INFO ] Model Forward Pass Done. Time: 0.0419309139251709 seconds[0m
[97m[INFO ] Conversion to Prediction Done. Time: 0.00031280517578125 seconds[0m
depth: 1635/2000 frame=1634
[97m[INFO ] Processed Images Done taking 0.006030559539794922 seconds. Shape:  torch.Size([1, 3, 518, 518])[0m
[97m[INFO ] Model Forward Pass Done. Time: 0.04117393493652344 seconds[0m
[97m[INFO ] Conversion to Prediction Done. Time: 0.00035071372985839844 seconds[0m
depth: 1636/2000 frame=1635
[97m[INFO ] Processed Images Done taking 0.006740570068359375 seconds. Shape:  torch.Size([1, 3, 518, 518])[0m
[97m[INFO ] Model Forward Pass Done. Time: 0.041657447814941406 seconds[0m
[97m[INFO ] Conversion to Prediction Done. Time: 0.0003287792205810547 seconds[0m
depth: 1637/2000 frame=1636
[97m[INFO ] Processed Images Done taking 0.006700992584228516 seconds. Shape:  torch.Size([1, 3, 518, 518])[0m
[97m[INFO ] Model Forward Pass Done. Time: 0.04066276550292969 seconds[0m
[97m[INFO ] Conversion to Prediction Done. Time: 0.0003180503845214844 seconds[0m
depth: 1638/2000 frame=1637
[97m[INFO ] Processed Images Done taking 0.007049083709716797 seconds. Shape:  torch.Size([1, 3, 518, 518])[0m
[97m[INFO ] Model Forward Pass Done. Time: 0.04081130027770996 seconds[0m
[97m[INFO ] Conversion to Prediction Done. Time: 0.0003647804260253906 seconds[0m
depth: 1639/2000 frame=1638
[97m[INFO ] Processed Images Done taking 0.008645296096801758 seconds. Shape:  torch.Size([1, 3, 518, 518])[0m
[97m[INFO ] Model Forward Pass Done. Time: 0.04308366775512695 seconds[0m
[97m[INFO ] Conversion to Prediction Done. Time: 0.00032901763916015625 seconds[0m
depth: 1640/2000 frame=1639
[97m[INFO ] Processed Images Done taking 0.0068149566650390625 seconds. Shape:  torch.Size([1, 3, 518, 518])[0m
[97m[INFO ] Model Forward Pass Done. Time: 0.040413618087768555 seconds[0m
[97m[INFO ] Conversion to Prediction Done. Time: 0.0003178119659423828 seconds[0m
depth: 1641/2000 frame=1640
[97m[INFO ] Processed Images Done taking 0.006244659423828125 seconds. Shape:  torch.Size([1, 3, 518, 518])[0m
[97m[INFO ] Model Forward Pass Done. Time: 0.04110288619995117 seconds[0m
[97m[INFO ] Conversion to Prediction Done. Time: 0.0003581047058105469 seconds[0m
depth: 1642/2000 frame=1641
[97m[INFO ] Processed Images Done taking 0.006722688674926758 seconds. Shape:  torch.Size([1, 3, 518, 518])[0m
[97m[INFO ] Model Forward Pass Done. Time: 0.04047083854675293 seconds[0m
[97m[INFO ] Conversion to Prediction Done. Time: 0.0003261566162109375 seconds[0m
depth: 1643/2000 frame=1642
[97m[INFO ] Processed Images Done taking 0.00716710090637207 seconds. Shape:  torch.Size([1, 3, 518, 518])[0m
[97m[INFO ] Model Forward Pass Done. Time: 0.04044961929321289 seconds[0m
[97m[INFO ] Conversion to Prediction Done. Time: 0.00035309791564941406 seconds[0m
depth: 1644/2000 frame=1643
[97m[INFO ] Processed Images Done taking 0.006701231002807617 seconds. Shape:  torch.Size([1, 3, 518, 518])[0m
[97m[INFO ] Model Forward Pass Done. Time: 0.04093337059020996 seconds[0m
[97m[INFO ] Conversion to Prediction Done. Time: 0.00031948089599609375 seconds[0m
depth: 1645/2000 frame=1644
[97m[INFO ] Processed Images Done taking 0.006880760192871094 seconds. Shape:  torch.Size([1, 3, 518, 518])[0m
[97m[INFO ] Model Forward Pass Done. Time: 0.04078364372253418 seconds[0m
[97m[INFO ] Conversion to Prediction Done. Time: 0.0003139972686767578 seconds[0m
depth: 1646/2000 frame=1645
[97m[INFO ] Processed Images Done taking 0.006563901901245117 seconds. Shape:  torch.Size([1, 3, 518, 518])[0m
[97m[INFO ] Model Forward Pass Done. Time: 0.04019761085510254 seconds[0m
[97m[INFO ] Conversion to Prediction Done. Time: 0.00036215782165527344 seconds[0m
depth: 1647/2000 frame=1646
[97m[INFO ] Processed Images Done taking 0.005959033966064453 seconds. Shape:  torch.Size([1, 3, 518, 518])[0m
[97m[INFO ] Model Forward Pass Done. Time: 0.04076337814331055 seconds[0m
[97m[INFO ] Conversion to Prediction Done. Time: 0.0003116130828857422 seconds[0m
depth: 1648/2000 frame=1647
[97m[INFO ] Processed Images Done taking 0.005837917327880859 seconds. Shape:  torch.Size([1, 3, 518, 518])[0m
[97m[INFO ] Model Forward Pass Done. Time: 0.04038095474243164 seconds[0m
[97m[INFO ] Conversion to Prediction Done. Time: 0.0003216266632080078 seconds[0m
depth: 1649/2000 frame=1648
[97m[INFO ] Processed Images Done taking 0.006209135055541992 seconds. Shape:  torch.Size([1, 3, 518, 518])[0m
[97m[INFO ] Model Forward Pass Done. Time: 0.03990960121154785 seconds[0m
[97m[INFO ] Conversion to Prediction Done. Time: 0.0003495216369628906 seconds[0m
depth: 1650/2000 frame=1649
[97m[INFO ] Processed Images Done taking 0.006972789764404297 seconds. Shape:  torch.Size([1, 3, 518, 518])[0m
[97m[INFO ] Model Forward Pass Done. Time: 0.04095888137817383 seconds[0m
[97m[INFO ] Conversion to Prediction Done. Time: 0.00032639503479003906 seconds[0m
depth: 1651/2000 frame=1650
[97m[INFO ] Processed Images Done taking 0.006137371063232422 seconds. Shape:  torch.Size([1, 3, 518, 518])[0m
[97m[INFO ] Model Forward Pass Done. Time: 0.04073953628540039 seconds[0m
[97m[INFO ] Conversion to Prediction Done. Time: 0.0003323554992675781 seconds[0m
depth: 1652/2000 frame=1651
[97m[INFO ] Processed Images Done taking 0.0060274600982666016 seconds. Shape:  torch.Size([1, 3, 518, 518])[0m
[97m[INFO ] Model Forward Pass Done. Time: 0.037483930587768555 seconds[0m
[97m[INFO ] Conversion to Prediction Done. Time: 0.0003650188446044922 seconds[0m
depth: 1653/2000 frame=1652
[97m[INFO ] Processed Images Done taking 0.007244110107421875 seconds. Shape:  torch.Size([1, 3, 518, 518])[0m
[97m[INFO ] Model Forward Pass Done. Time: 0.04076814651489258 seconds[0m
[97m[INFO ] Conversion to Prediction Done. Time: 0.00033211708068847656 seconds[0m
depth: 1654/2000 frame=1653
[97m[INFO ] Processed Images Done taking 0.006068229675292969 seconds. Shape:  torch.Size([1, 3, 518, 518])[0m
[97m[INFO ] Model Forward Pass Done. Time: 0.0409083366394043 seconds[0m
[97m[INFO ] Conversion to Prediction Done. Time: 0.00035190582275390625 seconds[0m
depth: 1655/2000 frame=1654
[97m[INFO ] Processed Images Done taking 0.006714344024658203 seconds. Shape:  torch.Size([1, 3, 518, 518])[0m
[97m[INFO ] Model Forward Pass Done. Time: 0.043976545333862305 seconds[0m
[97m[INFO ] Conversion to Prediction Done. Time: 0.00032830238342285156 seconds[0m
depth: 1656/2000 frame=1655
[97m[INFO ] Processed Images Done taking 0.006944417953491211 seconds. Shape:  torch.Size([1, 3, 518, 518])[0m
[97m[INFO ] Model Forward Pass Done. Time: 0.04397153854370117 seconds[0m
[97m[INFO ] Conversion to Prediction Done. Time: 0.0003349781036376953 seconds[0m
depth: 1657/2000 frame=1656
[97m[INFO ] Processed Images Done taking 0.007071495056152344 seconds. Shape:  torch.Size([1, 3, 518, 518])[0m
[97m[INFO ] Model Forward Pass Done. Time: 0.04208207130432129 seconds[0m
[97m[INFO ] Conversion to Prediction Done. Time: 0.00035452842712402344 seconds[0m
depth: 1658/2000 frame=1657
[97m[INFO ] Processed Images Done taking 0.006399393081665039 seconds. Shape:  torch.Size([1, 3, 518, 518])[0m
[97m[INFO ] Model Forward Pass Done. Time: 0.04423689842224121 seconds[0m
[97m[INFO ] Conversion to Prediction Done. Time: 0.00033473968505859375 seconds[0m
depth: 1659/2000 frame=1658
[97m[INFO ] Processed Images Done taking 0.006414890289306641 seconds. Shape:  torch.Size([1, 3, 518, 518])[0m
[97m[INFO ] Model Forward Pass Done. Time: 0.04076361656188965 seconds[0m
[97m[INFO ] Conversion to Prediction Done. Time: 0.0003352165222167969 seconds[0m
depth: 1660/2000 frame=1659
[97m[INFO ] Processed Images Done taking 0.006048679351806641 seconds. Shape:  torch.Size([1, 3, 518, 518])[0m
[97m[INFO ] Model Forward Pass Done. Time: 0.040979623794555664 seconds[0m
[97m[INFO ] Conversion to Prediction Done. Time: 0.00035881996154785156 seconds[0m
depth: 1661/2000 frame=1660
[97m[INFO ] Processed Images Done taking 0.006632089614868164 seconds. Shape:  torch.Size([1, 3, 518, 518])[0m
[97m[INFO ] Model Forward Pass Done. Time: 0.039961814880371094 seconds[0m
[97m[INFO ] Conversion to Prediction Done. Time: 0.0003237724304199219 seconds[0m
depth: 1662/2000 frame=1661
[97m[INFO ] Processed Images Done taking 0.00684046745300293 seconds. Shape:  torch.Size([1, 3, 518, 518])[0m
[97m[INFO ] Model Forward Pass Done. Time: 0.04233527183532715 seconds[0m
[97m[INFO ] Conversion to Prediction Done. Time: 0.0003402233123779297 seconds[0m
depth: 1663/2000 frame=1662
[97m[INFO ] Processed Images Done taking 0.006039619445800781 seconds. Shape:  torch.Size([1, 3, 518, 518])[0m
[97m[INFO ] Model Forward Pass Done. Time: 0.040996551513671875 seconds[0m
[97m[INFO ] Conversion to Prediction Done. Time: 0.0003612041473388672 seconds[0m
depth: 1664/2000 frame=1663
[97m[INFO ] Processed Images Done taking 0.006501436233520508 seconds. Shape:  torch.Size([1, 3, 518, 518])[0m
[97m[INFO ] Model Forward Pass Done. Time: 0.04030752182006836 seconds[0m
[97m[INFO ] Conversion to Prediction Done. Time: 0.0003407001495361328 seconds[0m
depth: 1665/2000 frame=1664
[97m[INFO ] Processed Images Done taking 0.0073091983795166016 seconds. Shape:  torch.Size([1, 3, 518, 518])[0m
[97m[INFO ] Model Forward Pass Done. Time: 0.04238438606262207 seconds[0m
[97m[INFO ] Conversion to Prediction Done. Time: 0.0003299713134765625 seconds[0m
depth: 1666/2000 frame=1665
[97m[INFO ] Processed Images Done taking 0.006410837173461914 seconds. Shape:  torch.Size([1, 3, 518, 518])[0m
[97m[INFO ] Model Forward Pass Done. Time: 0.04428291320800781 seconds[0m
[97m[INFO ] Conversion to Prediction Done. Time: 0.00037670135498046875 seconds[0m
depth: 1667/2000 frame=1666
[97m[INFO ] Processed Images Done taking 0.006330013275146484 seconds. Shape:  torch.Size([1, 3, 518, 518])[0m
[97m[INFO ] Model Forward Pass Done. Time: 0.04174351692199707 seconds[0m
[97m[INFO ] Conversion to Prediction Done. Time: 0.00032591819763183594 seconds[0m
depth: 1668/2000 frame=1667
[97m[INFO ] Processed Images Done taking 0.006638526916503906 seconds. Shape:  torch.Size([1, 3, 518, 518])[0m
[97m[INFO ] Model Forward Pass Done. Time: 0.041735172271728516 seconds[0m
[97m[INFO ] Conversion to Prediction Done. Time: 0.0003414154052734375 seconds[0m
depth: 1669/2000 frame=1668
[97m[INFO ] Processed Images Done taking 0.0066111087799072266 seconds. Shape:  torch.Size([1, 3, 518, 518])[0m
[97m[INFO ] Model Forward Pass Done. Time: 0.044832468032836914 seconds[0m
[97m[INFO ] Conversion to Prediction Done. Time: 0.00036597251892089844 seconds[0m
depth: 1670/2000 frame=1669
[97m[INFO ] Processed Images Done taking 0.006365060806274414 seconds. Shape:  torch.Size([1, 3, 518, 518])[0m
[97m[INFO ] Model Forward Pass Done. Time: 0.041741371154785156 seconds[0m
[97m[INFO ] Conversion to Prediction Done. Time: 0.000335693359375 seconds[0m
depth: 1671/2000 frame=1670
[97m[INFO ] Processed Images Done taking 0.006772041320800781 seconds. Shape:  torch.Size([1, 3, 518, 518])[0m
[97m[INFO ] Model Forward Pass Done. Time: 0.04393792152404785 seconds[0m
[97m[INFO ] Conversion to Prediction Done. Time: 0.00032711029052734375 seconds[0m
depth: 1672/2000 frame=1671
[97m[INFO ] Processed Images Done taking 0.00696563720703125 seconds. Shape:  torch.Size([1, 3, 518, 518])[0m
[97m[INFO ] Model Forward Pass Done. Time: 0.04027128219604492 seconds[0m
[97m[INFO ] Conversion to Prediction Done. Time: 0.00035953521728515625 seconds[0m
depth: 1673/2000 frame=1672
[97m[INFO ] Processed Images Done taking 0.006681919097900391 seconds. Shape:  torch.Size([1, 3, 518, 518])[0m
[97m[INFO ] Model Forward Pass Done. Time: 0.04047966003417969 seconds[0m
[97m[INFO ] Conversion to Prediction Done. Time: 0.0003261566162109375 seconds[0m
depth: 1674/2000 frame=1673
[97m[INFO ] Processed Images Done taking 0.007093906402587891 seconds. Shape:  torch.Size([1, 3, 518, 518])[0m
[97m[INFO ] Model Forward Pass Done. Time: 0.040022850036621094 seconds[0m
[97m[INFO ] Conversion to Prediction Done. Time: 0.0003249645233154297 seconds[0m
depth: 1675/2000 frame=1674
[97m[INFO ] Processed Images Done taking 0.006476879119873047 seconds. Shape:  torch.Size([1, 3, 518, 518])[0m
[97m[INFO ] Model Forward Pass Done. Time: 0.041788578033447266 seconds[0m
[97m[INFO ] Conversion to Prediction Done. Time: 0.0003452301025390625 seconds[0m
depth: 1676/2000 frame=1675
[97m[INFO ] Processed Images Done taking 0.006682157516479492 seconds. Shape:  torch.Size([1, 3, 518, 518])[0m
[97m[INFO ] Model Forward Pass Done. Time: 0.044019222259521484 seconds[0m
[97m[INFO ] Conversion to Prediction Done. Time: 0.0003311634063720703 seconds[0m
depth: 1677/2000 frame=1676
[97m[INFO ] Processed Images Done taking 0.006651878356933594 seconds. Shape:  torch.Size([1, 3, 518, 518])[0m
[97m[INFO ] Model Forward Pass Done. Time: 0.039757728576660156 seconds[0m
[97m[INFO ] Conversion to Prediction Done. Time: 0.000308990478515625 seconds[0m
depth: 1678/2000 frame=1677
[97m[INFO ] Processed Images Done taking 0.006402254104614258 seconds. Shape:  torch.Size([1, 3, 518, 518])[0m
[97m[INFO ] Model Forward Pass Done. Time: 0.042310476303100586 seconds[0m
[97m[INFO ] Conversion to Prediction Done. Time: 0.00035858154296875 seconds[0m
depth: 1679/2000 frame=1678
[97m[INFO ] Processed Images Done taking 0.006513833999633789 seconds. Shape:  torch.Size([1, 3, 518, 518])[0m
[97m[INFO ] Model Forward Pass Done. Time: 0.04049539566040039 seconds[0m
[97m[INFO ] Conversion to Prediction Done. Time: 0.0003275871276855469 seconds[0m
depth: 1680/2000 frame=1679
[97m[INFO ] Processed Images Done taking 0.0068624019622802734 seconds. Shape:  torch.Size([1, 3, 518, 518])[0m
[97m[INFO ] Model Forward Pass Done. Time: 0.04066300392150879 seconds[0m
[97m[INFO ] Conversion to Prediction Done. Time: 0.0003159046173095703 seconds[0m
depth: 1681/2000 frame=1680
[97m[INFO ] Processed Images Done taking 0.006264925003051758 seconds. Shape:  torch.Size([1, 3, 518, 518])[0m
[97m[INFO ] Model Forward Pass Done. Time: 0.04632711410522461 seconds[0m
[97m[INFO ] Conversion to Prediction Done. Time: 0.0003490447998046875 seconds[0m
depth: 1682/2000 frame=1681
[97m[INFO ] Processed Images Done taking 0.0063686370849609375 seconds. Shape:  torch.Size([1, 3, 518, 518])[0m
[97m[INFO ] Model Forward Pass Done. Time: 0.040589332580566406 seconds[0m
[97m[INFO ] Conversion to Prediction Done. Time: 0.0003299713134765625 seconds[0m
depth: 1683/2000 frame=1682
[97m[INFO ] Processed Images Done taking 0.0067272186279296875 seconds. Shape:  torch.Size([1, 3, 518, 518])[0m
[97m[INFO ] Model Forward Pass Done. Time: 0.042439937591552734 seconds[0m
[97m[INFO ] Conversion to Prediction Done. Time: 0.000339508056640625 seconds[0m
depth: 1684/2000 frame=1683
[97m[INFO ] Processed Images Done taking 0.007096290588378906 seconds. Shape:  torch.Size([1, 3, 518, 518])[0m
[97m[INFO ] Model Forward Pass Done. Time: 0.04105234146118164 seconds[0m
[97m[INFO ] Conversion to Prediction Done. Time: 0.0003638267517089844 seconds[0m
depth: 1685/2000 frame=1684
[97m[INFO ] Processed Images Done taking 0.006233692169189453 seconds. Shape:  torch.Size([1, 3, 518, 518])[0m
[97m[INFO ] Model Forward Pass Done. Time: 0.03985404968261719 seconds[0m
[97m[INFO ] Conversion to Prediction Done. Time: 0.00032711029052734375 seconds[0m
depth: 1686/2000 frame=1685
[97m[INFO ] Processed Images Done taking 0.006718158721923828 seconds. Shape:  torch.Size([1, 3, 518, 518])[0m
[97m[INFO ] Model Forward Pass Done. Time: 0.04238390922546387 seconds[0m
[97m[INFO ] Conversion to Prediction Done. Time: 0.0003464221954345703 seconds[0m
depth: 1687/2000 frame=1686
[97m[INFO ] Processed Images Done taking 0.006949424743652344 seconds. Shape:  torch.Size([1, 3, 518, 518])[0m
[97m[INFO ] Model Forward Pass Done. Time: 0.04157543182373047 seconds[0m
[97m[INFO ] Conversion to Prediction Done. Time: 0.0003573894500732422 seconds[0m
depth: 1688/2000 frame=1687
[97m[INFO ] Processed Images Done taking 0.006693840026855469 seconds. Shape:  torch.Size([1, 3, 518, 518])[0m
[97m[INFO ] Model Forward Pass Done. Time: 0.04165911674499512 seconds[0m
[97m[INFO ] Conversion to Prediction Done. Time: 0.00031256675720214844 seconds[0m
depth: 1689/2000 frame=1688
[97m[INFO ] Processed Images Done taking 0.007390260696411133 seconds. Shape:  torch.Size([1, 3, 518, 518])[0m
[97m[INFO ] Model Forward Pass Done. Time: 0.04023170471191406 seconds[0m
[97m[INFO ] Conversion to Prediction Done. Time: 0.0003304481506347656 seconds[0m
depth: 1690/2000 frame=1689
[97m[INFO ] Processed Images Done taking 0.006724119186401367 seconds. Shape:  torch.Size([1, 3, 518, 518])[0m
[97m[INFO ] Model Forward Pass Done. Time: 0.04210972785949707 seconds[0m
[97m[INFO ] Conversion to Prediction Done. Time: 0.00036144256591796875 seconds[0m
depth: 1691/2000 frame=1690
[97m[INFO ] Processed Images Done taking 0.007281303405761719 seconds. Shape:  torch.Size([1, 3, 518, 518])[0m
[97m[INFO ] Model Forward Pass Done. Time: 0.042237043380737305 seconds[0m
[97m[INFO ] Conversion to Prediction Done. Time: 0.000331878662109375 seconds[0m
depth: 1692/2000 frame=1691
[97m[INFO ] Processed Images Done taking 0.006514072418212891 seconds. Shape:  torch.Size([1, 3, 518, 518])[0m
[97m[INFO ] Model Forward Pass Done. Time: 0.04111981391906738 seconds[0m
[97m[INFO ] Conversion to Prediction Done. Time: 0.0003311634063720703 seconds[0m
depth: 1693/2000 frame=1692
[97m[INFO ] Processed Images Done taking 0.006145477294921875 seconds. Shape:  torch.Size([1, 3, 518, 518])[0m
[97m[INFO ] Model Forward Pass Done. Time: 0.040574073791503906 seconds[0m
[97m[INFO ] Conversion to Prediction Done. Time: 0.00036025047302246094 seconds[0m
depth: 1694/2000 frame=1693
[97m[INFO ] Processed Images Done taking 0.006338596343994141 seconds. Shape:  torch.Size([1, 3, 518, 518])[0m
[97m[INFO ] Model Forward Pass Done. Time: 0.04088616371154785 seconds[0m
[97m[INFO ] Conversion to Prediction Done. Time: 0.0003333091735839844 seconds[0m
depth: 1695/2000 frame=1694
[97m[INFO ] Processed Images Done taking 0.006560564041137695 seconds. Shape:  torch.Size([1, 3, 518, 518])[0m
[97m[INFO ] Model Forward Pass Done. Time: 0.04256486892700195 seconds[0m
[97m[INFO ] Conversion to Prediction Done. Time: 0.0003273487091064453 seconds[0m
depth: 1696/2000 frame=1695
[97m[INFO ] Processed Images Done taking 0.006360054016113281 seconds. Shape:  torch.Size([1, 3, 518, 518])[0m
[97m[INFO ] Model Forward Pass Done. Time: 0.04100990295410156 seconds[0m
[97m[INFO ] Conversion to Prediction Done. Time: 0.0003552436828613281 seconds[0m
depth: 1697/2000 frame=1696
[97m[INFO ] Processed Images Done taking 0.006447553634643555 seconds. Shape:  torch.Size([1, 3, 518, 518])[0m
[97m[INFO ] Model Forward Pass Done. Time: 0.04185676574707031 seconds[0m
[97m[INFO ] Conversion to Prediction Done. Time: 0.0003292560577392578 seconds[0m
depth: 1698/2000 frame=1697
[97m[INFO ] Processed Images Done taking 0.005947113037109375 seconds. Shape:  torch.Size([1, 3, 518, 518])[0m
[97m[INFO ] Model Forward Pass Done. Time: 0.04226398468017578 seconds[0m
[97m[INFO ] Conversion to Prediction Done. Time: 0.000331878662109375 seconds[0m
depth: 1699/2000 frame=1698
[97m[INFO ] Processed Images Done taking 0.00588226318359375 seconds. Shape:  torch.Size([1, 3, 518, 518])[0m
[97m[INFO ] Model Forward Pass Done. Time: 0.04091310501098633 seconds[0m
[97m[INFO ] Conversion to Prediction Done. Time: 0.00035834312438964844 seconds[0m
depth: 1700/2000 frame=1699
[97m[INFO ] Processed Images Done taking 0.006744384765625 seconds. Shape:  torch.Size([1, 3, 518, 518])[0m
[97m[INFO ] Model Forward Pass Done. Time: 0.04186248779296875 seconds[0m
[97m[INFO ] Conversion to Prediction Done. Time: 0.000331878662109375 seconds[0m
depth: 1701/2000 frame=1700
[97m[INFO ] Processed Images Done taking 0.0065381526947021484 seconds. Shape:  torch.Size([1, 3, 518, 518])[0m
[97m[INFO ] Model Forward Pass Done. Time: 0.041841745376586914 seconds[0m
[97m[INFO ] Conversion to Prediction Done. Time: 0.0003299713134765625 seconds[0m
depth: 1702/2000 frame=1701
[97m[INFO ] Processed Images Done taking 0.00706171989440918 seconds. Shape:  torch.Size([1, 3, 518, 518])[0m
[97m[INFO ] Model Forward Pass Done. Time: 0.0418391227722168 seconds[0m
[97m[INFO ] Conversion to Prediction Done. Time: 0.0003559589385986328 seconds[0m
depth: 1703/2000 frame=1702
[97m[INFO ] Processed Images Done taking 0.00647425651550293 seconds. Shape:  torch.Size([1, 3, 518, 518])[0m
[97m[INFO ] Model Forward Pass Done. Time: 0.04032588005065918 seconds[0m
[97m[INFO ] Conversion to Prediction Done. Time: 0.00033092498779296875 seconds[0m
depth: 1704/2000 frame=1703
[97m[INFO ] Processed Images Done taking 0.007389545440673828 seconds. Shape:  torch.Size([1, 3, 518, 518])[0m
[97m[INFO ] Model Forward Pass Done. Time: 0.042632102966308594 seconds[0m
[97m[INFO ] Conversion to Prediction Done. Time: 0.00032782554626464844 seconds[0m
depth: 1705/2000 frame=1704
[97m[INFO ] Processed Images Done taking 0.005510091781616211 seconds. Shape:  torch.Size([1, 3, 518, 518])[0m
[97m[INFO ] Model Forward Pass Done. Time: 0.04101681709289551 seconds[0m
[97m[INFO ] Conversion to Prediction Done. Time: 0.00035858154296875 seconds[0m
depth: 1706/2000 frame=1705
[97m[INFO ] Processed Images Done taking 0.0057942867279052734 seconds. Shape:  torch.Size([1, 3, 518, 518])[0m
[97m[INFO ] Model Forward Pass Done. Time: 0.04098963737487793 seconds[0m
[97m[INFO ] Conversion to Prediction Done. Time: 0.00033020973205566406 seconds[0m
depth: 1707/2000 frame=1706
[97m[INFO ] Processed Images Done taking 0.0071604251861572266 seconds. Shape:  torch.Size([1, 3, 518, 518])[0m
[97m[INFO ] Model Forward Pass Done. Time: 0.042520761489868164 seconds[0m
[97m[INFO ] Conversion to Prediction Done. Time: 0.0003337860107421875 seconds[0m
depth: 1708/2000 frame=1707
[97m[INFO ] Processed Images Done taking 0.007280826568603516 seconds. Shape:  torch.Size([1, 3, 518, 518])[0m
[97m[INFO ] Model Forward Pass Done. Time: 0.04297280311584473 seconds[0m
[97m[INFO ] Conversion to Prediction Done. Time: 0.00036263465881347656 seconds[0m
depth: 1709/2000 frame=1708
[97m[INFO ] Processed Images Done taking 0.006821155548095703 seconds. Shape:  torch.Size([1, 3, 518, 518])[0m
[97m[INFO ] Model Forward Pass Done. Time: 0.04051923751831055 seconds[0m
[97m[INFO ] Conversion to Prediction Done. Time: 0.00033354759216308594 seconds[0m
depth: 1710/2000 frame=1709
[97m[INFO ] Processed Images Done taking 0.007527351379394531 seconds. Shape:  torch.Size([1, 3, 518, 518])[0m
[97m[INFO ] Model Forward Pass Done. Time: 0.04201316833496094 seconds[0m
[97m[INFO ] Conversion to Prediction Done. Time: 0.00032591819763183594 seconds[0m
depth: 1711/2000 frame=1710
[97m[INFO ] Processed Images Done taking 0.006711721420288086 seconds. Shape:  torch.Size([1, 3, 518, 518])[0m
[97m[INFO ] Model Forward Pass Done. Time: 0.040909767150878906 seconds[0m
[97m[INFO ] Conversion to Prediction Done. Time: 0.0003581047058105469 seconds[0m
depth: 1712/2000 frame=1711
[97m[INFO ] Processed Images Done taking 0.006155729293823242 seconds. Shape:  torch.Size([1, 3, 518, 518])[0m
[97m[INFO ] Model Forward Pass Done. Time: 0.04428434371948242 seconds[0m
[97m[INFO ] Conversion to Prediction Done. Time: 0.0003390312194824219 seconds[0m
depth: 1713/2000 frame=1712
[97m[INFO ] Processed Images Done taking 0.007641792297363281 seconds. Shape:  torch.Size([1, 3, 518, 518])[0m
[97m[INFO ] Model Forward Pass Done. Time: 0.0411376953125 seconds[0m
[97m[INFO ] Conversion to Prediction Done. Time: 0.0003325939178466797 seconds[0m
depth: 1714/2000 frame=1713
[97m[INFO ] Processed Images Done taking 0.0060307979583740234 seconds. Shape:  torch.Size([1, 3, 518, 518])[0m
[97m[INFO ] Model Forward Pass Done. Time: 0.04094195365905762 seconds[0m
[97m[INFO ] Conversion to Prediction Done. Time: 0.0003635883331298828 seconds[0m
depth: 1715/2000 frame=1714
[97m[INFO ] Processed Images Done taking 0.006366729736328125 seconds. Shape:  torch.Size([1, 3, 518, 518])[0m
[97m[INFO ] Model Forward Pass Done. Time: 0.04065418243408203 seconds[0m
[97m[INFO ] Conversion to Prediction Done. Time: 0.0003285408020019531 seconds[0m
depth: 1716/2000 frame=1715
[97m[INFO ] Processed Images Done taking 0.006351947784423828 seconds. Shape:  torch.Size([1, 3, 518, 518])[0m
[97m[INFO ] Model Forward Pass Done. Time: 0.04248642921447754 seconds[0m
[97m[INFO ] Conversion to Prediction Done. Time: 0.0003638267517089844 seconds[0m
depth: 1717/2000 frame=1716
[97m[INFO ] Processed Images Done taking 0.007097005844116211 seconds. Shape:  torch.Size([1, 3, 518, 518])[0m
[97m[INFO ] Model Forward Pass Done. Time: 0.040290117263793945 seconds[0m
[97m[INFO ] Conversion to Prediction Done. Time: 0.0003266334533691406 seconds[0m
depth: 1718/2000 frame=1717
[97m[INFO ] Processed Images Done taking 0.00742650032043457 seconds. Shape:  torch.Size([1, 3, 518, 518])[0m
[97m[INFO ] Model Forward Pass Done. Time: 0.04215884208679199 seconds[0m
[97m[INFO ] Conversion to Prediction Done. Time: 0.00035071372985839844 seconds[0m
depth: 1719/2000 frame=1718
[97m[INFO ] Processed Images Done taking 0.006741523742675781 seconds. Shape:  torch.Size([1, 3, 518, 518])[0m
[97m[INFO ] Model Forward Pass Done. Time: 0.04087972640991211 seconds[0m
[97m[INFO ] Conversion to Prediction Done. Time: 0.0003578662872314453 seconds[0m
depth: 1720/2000 frame=1719
[97m[INFO ] Processed Images Done taking 0.0057735443115234375 seconds. Shape:  torch.Size([1, 3, 518, 518])[0m
[97m[INFO ] Model Forward Pass Done. Time: 0.03780770301818848 seconds[0m
[97m[INFO ] Conversion to Prediction Done. Time: 0.0003342628479003906 seconds[0m
depth: 1721/2000 frame=1720
[97m[INFO ] Processed Images Done taking 0.00666356086730957 seconds. Shape:  torch.Size([1, 3, 518, 518])[0m
[97m[INFO ] Model Forward Pass Done. Time: 0.04191899299621582 seconds[0m
[97m[INFO ] Conversion to Prediction Done. Time: 0.00034999847412109375 seconds[0m
depth: 1722/2000 frame=1721
[97m[INFO ] Processed Images Done taking 0.007474660873413086 seconds. Shape:  torch.Size([1, 3, 518, 518])[0m
[97m[INFO ] Model Forward Pass Done. Time: 0.04185938835144043 seconds[0m
[97m[INFO ] Conversion to Prediction Done. Time: 0.00034046173095703125 seconds[0m
depth: 1723/2000 frame=1722
[97m[INFO ] Processed Images Done taking 0.006441593170166016 seconds. Shape:  torch.Size([1, 3, 518, 518])[0m
[97m[INFO ] Model Forward Pass Done. Time: 0.03966641426086426 seconds[0m
[97m[INFO ] Conversion to Prediction Done. Time: 0.0003247261047363281 seconds[0m
depth: 1724/2000 frame=1723
[97m[INFO ] Processed Images Done taking 0.006547689437866211 seconds. Shape:  torch.Size([1, 3, 518, 518])[0m
[97m[INFO ] Model Forward Pass Done. Time: 0.042865753173828125 seconds[0m
[97m[INFO ] Conversion to Prediction Done. Time: 0.0003631114959716797 seconds[0m
depth: 1725/2000 frame=1724
[97m[INFO ] Processed Images Done taking 0.0066721439361572266 seconds. Shape:  torch.Size([1, 3, 518, 518])[0m
[97m[INFO ] Model Forward Pass Done. Time: 0.04433035850524902 seconds[0m
[97m[INFO ] Conversion to Prediction Done. Time: 0.0003235340118408203 seconds[0m
depth: 1726/2000 frame=1725
[97m[INFO ] Processed Images Done taking 0.006642580032348633 seconds. Shape:  torch.Size([1, 3, 518, 518])[0m
[97m[INFO ] Model Forward Pass Done. Time: 0.042038917541503906 seconds[0m
[97m[INFO ] Conversion to Prediction Done. Time: 0.0003147125244140625 seconds[0m
depth: 1727/2000 frame=1726
[97m[INFO ] Processed Images Done taking 0.006879091262817383 seconds. Shape:  torch.Size([1, 3, 518, 518])[0m
[97m[INFO ] Model Forward Pass Done. Time: 0.041200876235961914 seconds[0m
[97m[INFO ] Conversion to Prediction Done. Time: 0.00036144256591796875 seconds[0m
depth: 1728/2000 frame=1727
[97m[INFO ] Processed Images Done taking 0.00537419319152832 seconds. Shape:  torch.Size([1, 3, 518, 518])[0m
[97m[INFO ] Model Forward Pass Done. Time: 0.037700653076171875 seconds[0m
[97m[INFO ] Conversion to Prediction Done. Time: 0.0003266334533691406 seconds[0m
depth: 1729/2000 frame=1728
[97m[INFO ] Processed Images Done taking 0.006857872009277344 seconds. Shape:  torch.Size([1, 3, 518, 518])[0m
[97m[INFO ] Model Forward Pass Done. Time: 0.040689945220947266 seconds[0m
[97m[INFO ] Conversion to Prediction Done. Time: 0.00032210350036621094 seconds[0m
depth: 1730/2000 frame=1729
[97m[INFO ] Processed Images Done taking 0.007439374923706055 seconds. Shape:  torch.Size([1, 3, 518, 518])[0m
[97m[INFO ] Model Forward Pass Done. Time: 0.04189562797546387 seconds[0m
[97m[INFO ] Conversion to Prediction Done. Time: 0.0003566741943359375 seconds[0m
depth: 1731/2000 frame=1730
[97m[INFO ] Processed Images Done taking 0.007427215576171875 seconds. Shape:  torch.Size([1, 3, 518, 518])[0m
[97m[INFO ] Model Forward Pass Done. Time: 0.040903329849243164 seconds[0m
[97m[INFO ] Conversion to Prediction Done. Time: 0.0003292560577392578 seconds[0m
depth: 1732/2000 frame=1731
[97m[INFO ] Processed Images Done taking 0.008146286010742188 seconds. Shape:  torch.Size([1, 3, 518, 518])[0m
[97m[INFO ] Model Forward Pass Done. Time: 0.04061412811279297 seconds[0m
[97m[INFO ] Conversion to Prediction Done. Time: 0.0003299713134765625 seconds[0m
depth: 1733/2000 frame=1732
[97m[INFO ] Processed Images Done taking 0.007436037063598633 seconds. Shape:  torch.Size([1, 3, 518, 518])[0m
[97m[INFO ] Model Forward Pass Done. Time: 0.04101204872131348 seconds[0m
[97m[INFO ] Conversion to Prediction Done. Time: 0.0003616809844970703 seconds[0m
depth: 1734/2000 frame=1733
[97m[INFO ] Processed Images Done taking 0.007915258407592773 seconds. Shape:  torch.Size([1, 3, 518, 518])[0m
[97m[INFO ] Model Forward Pass Done. Time: 0.04262661933898926 seconds[0m
[97m[INFO ] Conversion to Prediction Done. Time: 0.0003299713134765625 seconds[0m
depth: 1735/2000 frame=1734
[97m[INFO ] Processed Images Done taking 0.006887912750244141 seconds. Shape:  torch.Size([1, 3, 518, 518])[0m
[97m[INFO ] Model Forward Pass Done. Time: 0.04165530204772949 seconds[0m
[97m[INFO ] Conversion to Prediction Done. Time: 0.0003380775451660156 seconds[0m
depth: 1736/2000 frame=1735
[97m[INFO ] Processed Images Done taking 0.006430149078369141 seconds. Shape:  torch.Size([1, 3, 518, 518])[0m
[97m[INFO ] Model Forward Pass Done. Time: 0.042691707611083984 seconds[0m
[97m[INFO ] Conversion to Prediction Done. Time: 0.00036716461181640625 seconds[0m
depth: 1737/2000 frame=1736
[97m[INFO ] Processed Images Done taking 0.006474971771240234 seconds. Shape:  torch.Size([1, 3, 518, 518])[0m
[97m[INFO ] Model Forward Pass Done. Time: 0.042524099349975586 seconds[0m
[97m[INFO ] Conversion to Prediction Done. Time: 0.00033593177795410156 seconds[0m
depth: 1738/2000 frame=1737
[97m[INFO ] Processed Images Done taking 0.0067882537841796875 seconds. Shape:  torch.Size([1, 3, 518, 518])[0m
[97m[INFO ] Model Forward Pass Done. Time: 0.04090476036071777 seconds[0m
[97m[INFO ] Conversion to Prediction Done. Time: 0.0003306865692138672 seconds[0m
depth: 1739/2000 frame=1738
[97m[INFO ] Processed Images Done taking 0.0065784454345703125 seconds. Shape:  torch.Size([1, 3, 518, 518])[0m
[97m[INFO ] Model Forward Pass Done. Time: 0.0410161018371582 seconds[0m
[97m[INFO ] Conversion to Prediction Done. Time: 0.0003457069396972656 seconds[0m
depth: 1740/2000 frame=1739
[97m[INFO ] Processed Images Done taking 0.005950212478637695 seconds. Shape:  torch.Size([1, 3, 518, 518])[0m
[97m[INFO ] Model Forward Pass Done. Time: 0.04074835777282715 seconds[0m
[97m[INFO ] Conversion to Prediction Done. Time: 0.0003273487091064453 seconds[0m
depth: 1741/2000 frame=1740
[97m[INFO ] Processed Images Done taking 0.007226228713989258 seconds. Shape:  torch.Size([1, 3, 518, 518])[0m
[97m[INFO ] Model Forward Pass Done. Time: 0.04099464416503906 seconds[0m
[97m[INFO ] Conversion to Prediction Done. Time: 0.00031185150146484375 seconds[0m
depth: 1742/2000 frame=1741
[97m[INFO ] Processed Images Done taking 0.0065615177154541016 seconds. Shape:  torch.Size([1, 3, 518, 518])[0m
[97m[INFO ] Model Forward Pass Done. Time: 0.040735721588134766 seconds[0m
[97m[INFO ] Conversion to Prediction Done. Time: 0.0003600120544433594 seconds[0m
depth: 1743/2000 frame=1742
[97m[INFO ] Processed Images Done taking 0.006440877914428711 seconds. Shape:  torch.Size([1, 3, 518, 518])[0m
[97m[INFO ] Model Forward Pass Done. Time: 0.039708852767944336 seconds[0m
[97m[INFO ] Conversion to Prediction Done. Time: 0.0003292560577392578 seconds[0m
depth: 1744/2000 frame=1743
[97m[INFO ] Processed Images Done taking 0.006539821624755859 seconds. Shape:  torch.Size([1, 3, 518, 518])[0m
[97m[INFO ] Model Forward Pass Done. Time: 0.042410850524902344 seconds[0m
[97m[INFO ] Conversion to Prediction Done. Time: 0.0003275871276855469 seconds[0m
depth: 1745/2000 frame=1744
[97m[INFO ] Processed Images Done taking 0.007986307144165039 seconds. Shape:  torch.Size([1, 3, 518, 518])[0m
[97m[INFO ] Model Forward Pass Done. Time: 0.04432249069213867 seconds[0m
[97m[INFO ] Conversion to Prediction Done. Time: 0.0003750324249267578 seconds[0m
depth: 1746/2000 frame=1745
[97m[INFO ] Processed Images Done taking 0.0074253082275390625 seconds. Shape:  torch.Size([1, 3, 518, 518])[0m
[97m[INFO ] Model Forward Pass Done. Time: 0.042352914810180664 seconds[0m
[97m[INFO ] Conversion to Prediction Done. Time: 0.0003299713134765625 seconds[0m
depth: 1747/2000 frame=1746
[97m[INFO ] Processed Images Done taking 0.006840944290161133 seconds. Shape:  torch.Size([1, 3, 518, 518])[0m
[97m[INFO ] Model Forward Pass Done. Time: 0.042321205139160156 seconds[0m
[97m[INFO ] Conversion to Prediction Done. Time: 0.00037479400634765625 seconds[0m
depth: 1748/2000 frame=1747
[97m[INFO ] Processed Images Done taking 0.006224155426025391 seconds. Shape:  torch.Size([1, 3, 518, 518])[0m
[97m[INFO ] Model Forward Pass Done. Time: 0.04089760780334473 seconds[0m
[97m[INFO ] Conversion to Prediction Done. Time: 0.0003330707550048828 seconds[0m
depth: 1749/2000 frame=1748
[97m[INFO ] Processed Images Done taking 0.006793498992919922 seconds. Shape:  torch.Size([1, 3, 518, 518])[0m
[97m[INFO ] Model Forward Pass Done. Time: 0.04130744934082031 seconds[0m
[97m[INFO ] Conversion to Prediction Done. Time: 0.00032210350036621094 seconds[0m
depth: 1750/2000 frame=1749
[97m[INFO ] Processed Images Done taking 0.0068225860595703125 seconds. Shape:  torch.Size([1, 3, 518, 518])[0m
[97m[INFO ] Model Forward Pass Done. Time: 0.0415949821472168 seconds[0m
[97m[INFO ] Conversion to Prediction Done. Time: 0.0003654956817626953 seconds[0m
depth: 1751/2000 frame=1750
[97m[INFO ] Processed Images Done taking 0.00656890869140625 seconds. Shape:  torch.Size([1, 3, 518, 518])[0m
[97m[INFO ] Model Forward Pass Done. Time: 0.040248870849609375 seconds[0m
[97m[INFO ] Conversion to Prediction Done. Time: 0.00031304359436035156 seconds[0m
depth: 1752/2000 frame=1751
[97m[INFO ] Processed Images Done taking 0.007437467575073242 seconds. Shape:  torch.Size([1, 3, 518, 518])[0m
[97m[INFO ] Model Forward Pass Done. Time: 0.04109907150268555 seconds[0m
[97m[INFO ] Conversion to Prediction Done. Time: 0.0003337860107421875 seconds[0m
depth: 1753/2000 frame=1752
[97m[INFO ] Processed Images Done taking 0.0075151920318603516 seconds. Shape:  torch.Size([1, 3, 518, 518])[0m
[97m[INFO ] Model Forward Pass Done. Time: 0.04105997085571289 seconds[0m
[97m[INFO ] Conversion to Prediction Done. Time: 0.00035858154296875 seconds[0m
depth: 1754/2000 frame=1753
[97m[INFO ] Processed Images Done taking 0.006814241409301758 seconds. Shape:  torch.Size([1, 3, 518, 518])[0m
[97m[INFO ] Model Forward Pass Done. Time: 0.04157757759094238 seconds[0m
[97m[INFO ] Conversion to Prediction Done. Time: 0.00033020973205566406 seconds[0m
depth: 1755/2000 frame=1754
[97m[INFO ] Processed Images Done taking 0.007435798645019531 seconds. Shape:  torch.Size([1, 3, 518, 518])[0m
[97m[INFO ] Model Forward Pass Done. Time: 0.04208993911743164 seconds[0m
[97m[INFO ] Conversion to Prediction Done. Time: 0.0003421306610107422 seconds[0m
depth: 1756/2000 frame=1755
[97m[INFO ] Processed Images Done taking 0.006455898284912109 seconds. Shape:  torch.Size([1, 3, 518, 518])[0m
[97m[INFO ] Model Forward Pass Done. Time: 0.04244112968444824 seconds[0m
[97m[INFO ] Conversion to Prediction Done. Time: 0.0003609657287597656 seconds[0m
depth: 1757/2000 frame=1756
[97m[INFO ] Processed Images Done taking 0.006359100341796875 seconds. Shape:  torch.Size([1, 3, 518, 518])[0m
[97m[INFO ] Model Forward Pass Done. Time: 0.04098939895629883 seconds[0m
[97m[INFO ] Conversion to Prediction Done. Time: 0.0003268718719482422 seconds[0m
depth: 1758/2000 frame=1757
[97m[INFO ] Processed Images Done taking 0.0073773860931396484 seconds. Shape:  torch.Size([1, 3, 518, 518])[0m
[97m[INFO ] Model Forward Pass Done. Time: 0.0414731502532959 seconds[0m
[97m[INFO ] Conversion to Prediction Done. Time: 0.00033211708068847656 seconds[0m
depth: 1759/2000 frame=1758
[97m[INFO ] Processed Images Done taking 0.006226778030395508 seconds. Shape:  torch.Size([1, 3, 518, 518])[0m
[97m[INFO ] Model Forward Pass Done. Time: 0.04033827781677246 seconds[0m
[97m[INFO ] Conversion to Prediction Done. Time: 0.00037217140197753906 seconds[0m
depth: 1760/2000 frame=1759
[97m[INFO ] Processed Images Done taking 0.006640911102294922 seconds. Shape:  torch.Size([1, 3, 518, 518])[0m
[97m[INFO ] Model Forward Pass Done. Time: 0.04229402542114258 seconds[0m
[97m[INFO ] Conversion to Prediction Done. Time: 0.0003349781036376953 seconds[0m
depth: 1761/2000 frame=1760
[97m[INFO ] Processed Images Done taking 0.007080793380737305 seconds. Shape:  torch.Size([1, 3, 518, 518])[0m
[97m[INFO ] Model Forward Pass Done. Time: 0.04229545593261719 seconds[0m
[97m[INFO ] Conversion to Prediction Done. Time: 0.0003261566162109375 seconds[0m
depth: 1762/2000 frame=1761
[97m[INFO ] Processed Images Done taking 0.006748199462890625 seconds. Shape:  torch.Size([1, 3, 518, 518])[0m
[97m[INFO ] Model Forward Pass Done. Time: 0.04172062873840332 seconds[0m
[97m[INFO ] Conversion to Prediction Done. Time: 0.0003688335418701172 seconds[0m
depth: 1763/2000 frame=1762
[97m[INFO ] Processed Images Done taking 0.006732940673828125 seconds. Shape:  torch.Size([1, 3, 518, 518])[0m
[97m[INFO ] Model Forward Pass Done. Time: 0.04014945030212402 seconds[0m
[97m[INFO ] Conversion to Prediction Done. Time: 0.0003292560577392578 seconds[0m
depth: 1764/2000 frame=1763
[97m[INFO ] Processed Images Done taking 0.006720304489135742 seconds. Shape:  torch.Size([1, 3, 518, 518])[0m
[97m[INFO ] Model Forward Pass Done. Time: 0.04147672653198242 seconds[0m
[97m[INFO ] Conversion to Prediction Done. Time: 0.0003325939178466797 seconds[0m
depth: 1765/2000 frame=1764
[97m[INFO ] Processed Images Done taking 0.0071523189544677734 seconds. Shape:  torch.Size([1, 3, 518, 518])[0m
[97m[INFO ] Model Forward Pass Done. Time: 0.040120840072631836 seconds[0m
[97m[INFO ] Conversion to Prediction Done. Time: 0.00035643577575683594 seconds[0m
depth: 1766/2000 frame=1765
[97m[INFO ] Processed Images Done taking 0.006096601486206055 seconds. Shape:  torch.Size([1, 3, 518, 518])[0m
[97m[INFO ] Model Forward Pass Done. Time: 0.04096698760986328 seconds[0m
[97m[INFO ] Conversion to Prediction Done. Time: 0.0003323554992675781 seconds[0m
depth: 1767/2000 frame=1766
[97m[INFO ] Processed Images Done taking 0.005547046661376953 seconds. Shape:  torch.Size([1, 3, 518, 518])[0m
[97m[INFO ] Model Forward Pass Done. Time: 0.041356801986694336 seconds[0m
[97m[INFO ] Conversion to Prediction Done. Time: 0.00036215782165527344 seconds[0m
depth: 1768/2000 frame=1767
[97m[INFO ] Processed Images Done taking 0.0059354305267333984 seconds. Shape:  torch.Size([1, 3, 518, 518])[0m
[97m[INFO ] Model Forward Pass Done. Time: 0.03992819786071777 seconds[0m
[97m[INFO ] Conversion to Prediction Done. Time: 0.0003199577331542969 seconds[0m
depth: 1769/2000 frame=1768
[97m[INFO ] Processed Images Done taking 0.00701141357421875 seconds. Shape:  torch.Size([1, 3, 518, 518])[0m
[97m[INFO ] Model Forward Pass Done. Time: 0.040976524353027344 seconds[0m
[97m[INFO ] Conversion to Prediction Done. Time: 0.00032591819763183594 seconds[0m
depth: 1770/2000 frame=1769
[97m[INFO ] Processed Images Done taking 0.006570577621459961 seconds. Shape:  torch.Size([1, 3, 518, 518])[0m
[97m[INFO ] Model Forward Pass Done. Time: 0.04099607467651367 seconds[0m
[97m[INFO ] Conversion to Prediction Done. Time: 0.0003628730773925781 seconds[0m
depth: 1771/2000 frame=1770
[97m[INFO ] Processed Images Done taking 0.006398677825927734 seconds. Shape:  torch.Size([1, 3, 518, 518])[0m
[97m[INFO ] Model Forward Pass Done. Time: 0.04090142250061035 seconds[0m
[97m[INFO ] Conversion to Prediction Done. Time: 0.0003323554992675781 seconds[0m
depth: 1772/2000 frame=1771
[97m[INFO ] Processed Images Done taking 0.00724339485168457 seconds. Shape:  torch.Size([1, 3, 518, 518])[0m
[97m[INFO ] Model Forward Pass Done. Time: 0.0398564338684082 seconds[0m
[97m[INFO ] Conversion to Prediction Done. Time: 0.00033593177795410156 seconds[0m
depth: 1773/2000 frame=1772
[97m[INFO ] Processed Images Done taking 0.0074846744537353516 seconds. Shape:  torch.Size([1, 3, 518, 518])[0m
[97m[INFO ] Model Forward Pass Done. Time: 0.042495012283325195 seconds[0m
[97m[INFO ] Conversion to Prediction Done. Time: 0.00035858154296875 seconds[0m
depth: 1774/2000 frame=1773
[97m[INFO ] Processed Images Done taking 0.006635904312133789 seconds. Shape:  torch.Size([1, 3, 518, 518])[0m
[97m[INFO ] Model Forward Pass Done. Time: 0.040984153747558594 seconds[0m
[97m[INFO ] Conversion to Prediction Done. Time: 0.0003333091735839844 seconds[0m
depth: 1775/2000 frame=1774
[97m[INFO ] Processed Images Done taking 0.006588935852050781 seconds. Shape:  torch.Size([1, 3, 518, 518])[0m
[97m[INFO ] Model Forward Pass Done. Time: 0.04272961616516113 seconds[0m
[97m[INFO ] Conversion to Prediction Done. Time: 0.00036597251892089844 seconds[0m
depth: 1776/2000 frame=1775
[97m[INFO ] Processed Images Done taking 0.0072689056396484375 seconds. Shape:  torch.Size([1, 3, 518, 518])[0m
[97m[INFO ] Model Forward Pass Done. Time: 0.04164600372314453 seconds[0m
[97m[INFO ] Conversion to Prediction Done. Time: 0.00033164024353027344 seconds[0m
depth: 1777/2000 frame=1776
[97m[INFO ] Processed Images Done taking 0.006506443023681641 seconds. Shape:  torch.Size([1, 3, 518, 518])[0m
[97m[INFO ] Model Forward Pass Done. Time: 0.04341530799865723 seconds[0m
[97m[INFO ] Conversion to Prediction Done. Time: 0.0003612041473388672 seconds[0m
depth: 1778/2000 frame=1777
[97m[INFO ] Processed Images Done taking 0.006331205368041992 seconds. Shape:  torch.Size([1, 3, 518, 518])[0m
[97m[INFO ] Model Forward Pass Done. Time: 0.042526960372924805 seconds[0m
[97m[INFO ] Conversion to Prediction Done. Time: 0.00031757354736328125 seconds[0m
depth: 1779/2000 frame=1778
[97m[INFO ] Processed Images Done taking 0.007456302642822266 seconds. Shape:  torch.Size([1, 3, 518, 518])[0m
[97m[INFO ] Model Forward Pass Done. Time: 0.041092872619628906 seconds[0m
[97m[INFO ] Conversion to Prediction Done. Time: 0.00032520294189453125 seconds[0m
depth: 1780/2000 frame=1779
[97m[INFO ] Processed Images Done taking 0.006875753402709961 seconds. Shape:  torch.Size([1, 3, 518, 518])[0m
[97m[INFO ] Model Forward Pass Done. Time: 0.04122662544250488 seconds[0m
[97m[INFO ] Conversion to Prediction Done. Time: 0.0003466606140136719 seconds[0m
depth: 1781/2000 frame=1780
[97m[INFO ] Processed Images Done taking 0.006262540817260742 seconds. Shape:  torch.Size([1, 3, 518, 518])[0m
[97m[INFO ] Model Forward Pass Done. Time: 0.0408787727355957 seconds[0m
[97m[INFO ] Conversion to Prediction Done. Time: 0.0003325939178466797 seconds[0m
depth: 1782/2000 frame=1781
[97m[INFO ] Processed Images Done taking 0.00714564323425293 seconds. Shape:  torch.Size([1, 3, 518, 518])[0m
[97m[INFO ] Model Forward Pass Done. Time: 0.04443669319152832 seconds[0m
[97m[INFO ] Conversion to Prediction Done. Time: 0.0003266334533691406 seconds[0m
depth: 1783/2000 frame=1782
[97m[INFO ] Processed Images Done taking 0.006758928298950195 seconds. Shape:  torch.Size([1, 3, 518, 518])[0m
[97m[INFO ] Model Forward Pass Done. Time: 0.041966915130615234 seconds[0m
[97m[INFO ] Conversion to Prediction Done. Time: 0.0003578662872314453 seconds[0m
depth: 1784/2000 frame=1783
[97m[INFO ] Processed Images Done taking 0.006288290023803711 seconds. Shape:  torch.Size([1, 3, 518, 518])[0m
[97m[INFO ] Model Forward Pass Done. Time: 0.04088592529296875 seconds[0m
[97m[INFO ] Conversion to Prediction Done. Time: 0.00032973289489746094 seconds[0m
depth: 1785/2000 frame=1784
[97m[INFO ] Processed Images Done taking 0.006588935852050781 seconds. Shape:  torch.Size([1, 3, 518, 518])[0m
[97m[INFO ] Model Forward Pass Done. Time: 0.04561305046081543 seconds[0m
[97m[INFO ] Conversion to Prediction Done. Time: 0.0003123283386230469 seconds[0m
depth: 1786/2000 frame=1785
[97m[INFO ] Processed Images Done taking 0.007615327835083008 seconds. Shape:  torch.Size([1, 3, 518, 518])[0m
[97m[INFO ] Model Forward Pass Done. Time: 0.044429779052734375 seconds[0m
[97m[INFO ] Conversion to Prediction Done. Time: 0.00036406517028808594 seconds[0m
depth: 1787/2000 frame=1786
[97m[INFO ] Processed Images Done taking 0.00625920295715332 seconds. Shape:  torch.Size([1, 3, 518, 518])[0m
[97m[INFO ] Model Forward Pass Done. Time: 0.04165387153625488 seconds[0m
[97m[INFO ] Conversion to Prediction Done. Time: 0.0003376007080078125 seconds[0m
depth: 1788/2000 frame=1787
[97m[INFO ] Processed Images Done taking 0.0060918331146240234 seconds. Shape:  torch.Size([1, 3, 518, 518])[0m
[97m[INFO ] Model Forward Pass Done. Time: 0.040902137756347656 seconds[0m
[97m[INFO ] Conversion to Prediction Done. Time: 0.0003304481506347656 seconds[0m
depth: 1789/2000 frame=1788
[97m[INFO ] Processed Images Done taking 0.006600141525268555 seconds. Shape:  torch.Size([1, 3, 518, 518])[0m
[97m[INFO ] Model Forward Pass Done. Time: 0.040955543518066406 seconds[0m
[97m[INFO ] Conversion to Prediction Done. Time: 0.00035881996154785156 seconds[0m
depth: 1790/2000 frame=1789
[97m[INFO ] Processed Images Done taking 0.0068607330322265625 seconds. Shape:  torch.Size([1, 3, 518, 518])[0m
[97m[INFO ] Model Forward Pass Done. Time: 0.04137778282165527 seconds[0m
[97m[INFO ] Conversion to Prediction Done. Time: 0.00031375885009765625 seconds[0m
depth: 1791/2000 frame=1790
[97m[INFO ] Processed Images Done taking 0.00657200813293457 seconds. Shape:  torch.Size([1, 3, 518, 518])[0m
[97m[INFO ] Model Forward Pass Done. Time: 0.04134321212768555 seconds[0m
[97m[INFO ] Conversion to Prediction Done. Time: 0.0003223419189453125 seconds[0m
depth: 1792/2000 frame=1791
[97m[INFO ] Processed Images Done taking 0.007055521011352539 seconds. Shape:  torch.Size([1, 3, 518, 518])[0m
[97m[INFO ] Model Forward Pass Done. Time: 0.04018902778625488 seconds[0m
[97m[INFO ] Conversion to Prediction Done. Time: 0.00036597251892089844 seconds[0m
depth: 1793/2000 frame=1792
[97m[INFO ] Processed Images Done taking 0.0067272186279296875 seconds. Shape:  torch.Size([1, 3, 518, 518])[0m
[97m[INFO ] Model Forward Pass Done. Time: 0.04053044319152832 seconds[0m
[97m[INFO ] Conversion to Prediction Done. Time: 0.0003352165222167969 seconds[0m
depth: 1794/2000 frame=1793
[97m[INFO ] Processed Images Done taking 0.007364034652709961 seconds. Shape:  torch.Size([1, 3, 518, 518])[0m
[97m[INFO ] Model Forward Pass Done. Time: 0.04413962364196777 seconds[0m
[97m[INFO ] Conversion to Prediction Done. Time: 0.00032448768615722656 seconds[0m
depth: 1795/2000 frame=1794
[97m[INFO ] Processed Images Done taking 0.006443977355957031 seconds. Shape:  torch.Size([1, 3, 518, 518])[0m
[97m[INFO ] Model Forward Pass Done. Time: 0.04114103317260742 seconds[0m
[97m[INFO ] Conversion to Prediction Done. Time: 0.00037550926208496094 seconds[0m
depth: 1796/2000 frame=1795
[97m[INFO ] Processed Images Done taking 0.006851911544799805 seconds. Shape:  torch.Size([1, 3, 518, 518])[0m
[97m[INFO ] Model Forward Pass Done. Time: 0.0413818359375 seconds[0m
[97m[INFO ] Conversion to Prediction Done. Time: 0.0003345012664794922 seconds[0m
depth: 1797/2000 frame=1796
[97m[INFO ] Processed Images Done taking 0.006605863571166992 seconds. Shape:  torch.Size([1, 3, 518, 518])[0m
[97m[INFO ] Model Forward Pass Done. Time: 0.041222572326660156 seconds[0m
[97m[INFO ] Conversion to Prediction Done. Time: 0.0003647804260253906 seconds[0m
depth: 1798/2000 frame=1797
[97m[INFO ] Processed Images Done taking 0.0074920654296875 seconds. Shape:  torch.Size([1, 3, 518, 518])[0m
[97m[INFO ] Model Forward Pass Done. Time: 0.0424654483795166 seconds[0m
[97m[INFO ] Conversion to Prediction Done. Time: 0.0003330707550048828 seconds[0m
depth: 1799/2000 frame=1798
[97m[INFO ] Processed Images Done taking 0.006565570831298828 seconds. Shape:  torch.Size([1, 3, 518, 518])[0m
[97m[INFO ] Model Forward Pass Done. Time: 0.040986061096191406 seconds[0m
[97m[INFO ] Conversion to Prediction Done. Time: 0.0003292560577392578 seconds[0m
depth: 1800/2000 frame=1799
[97m[INFO ] Processed Images Done taking 0.008495092391967773 seconds. Shape:  torch.Size([1, 3, 518, 518])[0m
[97m[INFO ] Model Forward Pass Done. Time: 0.04146289825439453 seconds[0m
[97m[INFO ] Conversion to Prediction Done. Time: 0.0003457069396972656 seconds[0m
depth: 1801/2000 frame=1800
[97m[INFO ] Processed Images Done taking 0.005632877349853516 seconds. Shape:  torch.Size([1, 3, 518, 518])[0m
[97m[INFO ] Model Forward Pass Done. Time: 0.04091215133666992 seconds[0m
[97m[INFO ] Conversion to Prediction Done. Time: 0.0003292560577392578 seconds[0m
depth: 1802/2000 frame=1801
[97m[INFO ] Processed Images Done taking 0.006899356842041016 seconds. Shape:  torch.Size([1, 3, 518, 518])[0m
[97m[INFO ] Model Forward Pass Done. Time: 0.042803049087524414 seconds[0m
[97m[INFO ] Conversion to Prediction Done. Time: 0.0003581047058105469 seconds[0m
depth: 1803/2000 frame=1802
[97m[INFO ] Processed Images Done taking 0.006810665130615234 seconds. Shape:  torch.Size([1, 3, 518, 518])[0m
[97m[INFO ] Model Forward Pass Done. Time: 0.04177212715148926 seconds[0m
[97m[INFO ] Conversion to Prediction Done. Time: 0.0003330707550048828 seconds[0m
depth: 1804/2000 frame=1803
[97m[INFO ] Processed Images Done taking 0.007009267807006836 seconds. Shape:  torch.Size([1, 3, 518, 518])[0m
[97m[INFO ] Model Forward Pass Done. Time: 0.04267406463623047 seconds[0m
[97m[INFO ] Conversion to Prediction Done. Time: 0.0003266334533691406 seconds[0m
depth: 1805/2000 frame=1804
[97m[INFO ] Processed Images Done taking 0.0067632198333740234 seconds. Shape:  torch.Size([1, 3, 518, 518])[0m
[97m[INFO ] Model Forward Pass Done. Time: 0.0413365364074707 seconds[0m
[97m[INFO ] Conversion to Prediction Done. Time: 0.00035834312438964844 seconds[0m
depth: 1806/2000 frame=1805
[97m[INFO ] Processed Images Done taking 0.006574153900146484 seconds. Shape:  torch.Size([1, 3, 518, 518])[0m
[97m[INFO ] Model Forward Pass Done. Time: 0.04055595397949219 seconds[0m
[97m[INFO ] Conversion to Prediction Done. Time: 0.0003304481506347656 seconds[0m
depth: 1807/2000 frame=1806
[97m[INFO ] Processed Images Done taking 0.007066488265991211 seconds. Shape:  torch.Size([1, 3, 518, 518])[0m
[97m[INFO ] Model Forward Pass Done. Time: 0.043988704681396484 seconds[0m
[97m[INFO ] Conversion to Prediction Done. Time: 0.00032067298889160156 seconds[0m
depth: 1808/2000 frame=1807
[97m[INFO ] Processed Images Done taking 0.007214784622192383 seconds. Shape:  torch.Size([1, 3, 518, 518])[0m
[97m[INFO ] Model Forward Pass Done. Time: 0.04434466361999512 seconds[0m
[97m[INFO ] Conversion to Prediction Done. Time: 0.00036644935607910156 seconds[0m
depth: 1809/2000 frame=1808
[97m[INFO ] Processed Images Done taking 0.006912708282470703 seconds. Shape:  torch.Size([1, 3, 518, 518])[0m
[97m[INFO ] Model Forward Pass Done. Time: 0.03793001174926758 seconds[0m
[97m[INFO ] Conversion to Prediction Done. Time: 0.000324249267578125 seconds[0m
depth: 1810/2000 frame=1809
[97m[INFO ] Processed Images Done taking 0.00684356689453125 seconds. Shape:  torch.Size([1, 3, 518, 518])[0m
[97m[INFO ] Model Forward Pass Done. Time: 0.04154658317565918 seconds[0m
[97m[INFO ] Conversion to Prediction Done. Time: 0.00032258033752441406 seconds[0m
depth: 1811/2000 frame=1810
[97m[INFO ] Processed Images Done taking 0.006020307540893555 seconds. Shape:  torch.Size([1, 3, 518, 518])[0m
[97m[INFO ] Model Forward Pass Done. Time: 0.04125332832336426 seconds[0m
[97m[INFO ] Conversion to Prediction Done. Time: 0.00035834312438964844 seconds[0m
depth: 1812/2000 frame=1811
[97m[INFO ] Processed Images Done taking 0.006743431091308594 seconds. Shape:  torch.Size([1, 3, 518, 518])[0m
[97m[INFO ] Model Forward Pass Done. Time: 0.04099702835083008 seconds[0m
[97m[INFO ] Conversion to Prediction Done. Time: 0.0003247261047363281 seconds[0m
depth: 1813/2000 frame=1812
[97m[INFO ] Processed Images Done taking 0.007441997528076172 seconds. Shape:  torch.Size([1, 3, 518, 518])[0m
[97m[INFO ] Model Forward Pass Done. Time: 0.04433012008666992 seconds[0m
[97m[INFO ] Conversion to Prediction Done. Time: 0.0003249645233154297 seconds[0m
depth: 1814/2000 frame=1813
[97m[INFO ] Processed Images Done taking 0.006554365158081055 seconds. Shape:  torch.Size([1, 3, 518, 518])[0m
[97m[INFO ] Model Forward Pass Done. Time: 0.04071950912475586 seconds[0m
[97m[INFO ] Conversion to Prediction Done. Time: 0.0003724098205566406 seconds[0m
depth: 1815/2000 frame=1814
[97m[INFO ] Processed Images Done taking 0.006722211837768555 seconds. Shape:  torch.Size([1, 3, 518, 518])[0m
[97m[INFO ] Model Forward Pass Done. Time: 0.0409393310546875 seconds[0m
[97m[INFO ] Conversion to Prediction Done. Time: 0.00032258033752441406 seconds[0m
depth: 1816/2000 frame=1815
[97m[INFO ] Processed Images Done taking 0.006247282028198242 seconds. Shape:  torch.Size([1, 3, 518, 518])[0m
[97m[INFO ] Model Forward Pass Done. Time: 0.04212188720703125 seconds[0m
[97m[INFO ] Conversion to Prediction Done. Time: 0.0003294944763183594 seconds[0m
depth: 1817/2000 frame=1816
[97m[INFO ] Processed Images Done taking 0.006715059280395508 seconds. Shape:  torch.Size([1, 3, 518, 518])[0m
[97m[INFO ] Model Forward Pass Done. Time: 0.04249167442321777 seconds[0m
[97m[INFO ] Conversion to Prediction Done. Time: 0.00035381317138671875 seconds[0m
depth: 1818/2000 frame=1817
[97m[INFO ] Processed Images Done taking 0.0061380863189697266 seconds. Shape:  torch.Size([1, 3, 518, 518])[0m
[97m[INFO ] Model Forward Pass Done. Time: 0.04019761085510254 seconds[0m
[97m[INFO ] Conversion to Prediction Done. Time: 0.00032401084899902344 seconds[0m
depth: 1819/2000 frame=1818
[97m[INFO ] Processed Images Done taking 0.007190227508544922 seconds. Shape:  torch.Size([1, 3, 518, 518])[0m
[97m[INFO ] Model Forward Pass Done. Time: 0.040976524353027344 seconds[0m
[97m[INFO ] Conversion to Prediction Done. Time: 0.0003256797790527344 seconds[0m
depth: 1820/2000 frame=1819
[97m[INFO ] Processed Images Done taking 0.006764888763427734 seconds. Shape:  torch.Size([1, 3, 518, 518])[0m
[97m[INFO ] Model Forward Pass Done. Time: 0.04084157943725586 seconds[0m
[97m[INFO ] Conversion to Prediction Done. Time: 0.0003600120544433594 seconds[0m
depth: 1821/2000 frame=1820
[97m[INFO ] Processed Images Done taking 0.0064563751220703125 seconds. Shape:  torch.Size([1, 3, 518, 518])[0m
[97m[INFO ] Model Forward Pass Done. Time: 0.042382001876831055 seconds[0m
[97m[INFO ] Conversion to Prediction Done. Time: 0.0003275871276855469 seconds[0m
depth: 1822/2000 frame=1821
[97m[INFO ] Processed Images Done taking 0.007291316986083984 seconds. Shape:  torch.Size([1, 3, 518, 518])[0m
[97m[INFO ] Model Forward Pass Done. Time: 0.040823936462402344 seconds[0m
[97m[INFO ] Conversion to Prediction Done. Time: 0.00031638145446777344 seconds[0m
depth: 1823/2000 frame=1822
[97m[INFO ] Processed Images Done taking 0.006470918655395508 seconds. Shape:  torch.Size([1, 3, 518, 518])[0m
[97m[INFO ] Model Forward Pass Done. Time: 0.040863037109375 seconds[0m
[97m[INFO ] Conversion to Prediction Done. Time: 0.0003590583801269531 seconds[0m
depth: 1824/2000 frame=1823
[97m[INFO ] Processed Images Done taking 0.006977558135986328 seconds. Shape:  torch.Size([1, 3, 518, 518])[0m
[97m[INFO ] Model Forward Pass Done. Time: 0.04100179672241211 seconds[0m
[97m[INFO ] Conversion to Prediction Done. Time: 0.0003211498260498047 seconds[0m
depth: 1825/2000 frame=1824
[97m[INFO ] Processed Images Done taking 0.006639242172241211 seconds. Shape:  torch.Size([1, 3, 518, 518])[0m
[97m[INFO ] Model Forward Pass Done. Time: 0.04007601737976074 seconds[0m
[97m[INFO ] Conversion to Prediction Done. Time: 0.00032329559326171875 seconds[0m
depth: 1826/2000 frame=1825
[97m[INFO ] Processed Images Done taking 0.006803750991821289 seconds. Shape:  torch.Size([1, 3, 518, 518])[0m
[97m[INFO ] Model Forward Pass Done. Time: 0.03777122497558594 seconds[0m
[97m[INFO ] Conversion to Prediction Done. Time: 0.00036025047302246094 seconds[0m
depth: 1827/2000 frame=1826
[97m[INFO ] Processed Images Done taking 0.0068759918212890625 seconds. Shape:  torch.Size([1, 3, 518, 518])[0m
[97m[INFO ] Model Forward Pass Done. Time: 0.04431033134460449 seconds[0m
[97m[INFO ] Conversion to Prediction Done. Time: 0.0003139972686767578 seconds[0m
depth: 1828/2000 frame=1827
[97m[INFO ] Processed Images Done taking 0.0070879459381103516 seconds. Shape:  torch.Size([1, 3, 518, 518])[0m
[97m[INFO ] Model Forward Pass Done. Time: 0.04124021530151367 seconds[0m
[97m[INFO ] Conversion to Prediction Done. Time: 0.00032401084899902344 seconds[0m
depth: 1829/2000 frame=1828
[97m[INFO ] Processed Images Done taking 0.006238222122192383 seconds. Shape:  torch.Size([1, 3, 518, 518])[0m
[97m[INFO ] Model Forward Pass Done. Time: 0.04077029228210449 seconds[0m
[97m[INFO ] Conversion to Prediction Done. Time: 0.0003566741943359375 seconds[0m
depth: 1830/2000 frame=1829
[97m[INFO ] Processed Images Done taking 0.007485628128051758 seconds. Shape:  torch.Size([1, 3, 518, 518])[0m
[97m[INFO ] Model Forward Pass Done. Time: 0.040659189224243164 seconds[0m
[97m[INFO ] Conversion to Prediction Done. Time: 0.0003123283386230469 seconds[0m
depth: 1831/2000 frame=1830
[97m[INFO ] Processed Images Done taking 0.0063707828521728516 seconds. Shape:  torch.Size([1, 3, 518, 518])[0m
[97m[INFO ] Model Forward Pass Done. Time: 0.03999447822570801 seconds[0m
[97m[INFO ] Conversion to Prediction Done. Time: 0.0003228187561035156 seconds[0m
depth: 1832/2000 frame=1831
[97m[INFO ] Processed Images Done taking 0.0067081451416015625 seconds. Shape:  torch.Size([1, 3, 518, 518])[0m
[97m[INFO ] Model Forward Pass Done. Time: 0.04099583625793457 seconds[0m
[97m[INFO ] Conversion to Prediction Done. Time: 0.00036406517028808594 seconds[0m
depth: 1833/2000 frame=1832
[97m[INFO ] Processed Images Done taking 0.007170915603637695 seconds. Shape:  torch.Size([1, 3, 518, 518])[0m
[97m[INFO ] Model Forward Pass Done. Time: 0.04062056541442871 seconds[0m
[97m[INFO ] Conversion to Prediction Done. Time: 0.0003204345703125 seconds[0m
depth: 1834/2000 frame=1833
[97m[INFO ] Processed Images Done taking 0.00701141357421875 seconds. Shape:  torch.Size([1, 3, 518, 518])[0m
[97m[INFO ] Model Forward Pass Done. Time: 0.042368412017822266 seconds[0m
[97m[INFO ] Conversion to Prediction Done. Time: 0.00032019615173339844 seconds[0m
depth: 1835/2000 frame=1834
[97m[INFO ] Processed Images Done taking 0.0068874359130859375 seconds. Shape:  torch.Size([1, 3, 518, 518])[0m
[97m[INFO ] Model Forward Pass Done. Time: 0.04146170616149902 seconds[0m
[97m[INFO ] Conversion to Prediction Done. Time: 0.0003387928009033203 seconds[0m
depth: 1836/2000 frame=1835
[97m[INFO ] Processed Images Done taking 0.0077648162841796875 seconds. Shape:  torch.Size([1, 3, 518, 518])[0m
[97m[INFO ] Model Forward Pass Done. Time: 0.04073333740234375 seconds[0m
[97m[INFO ] Conversion to Prediction Done. Time: 0.00034117698669433594 seconds[0m
depth: 1837/2000 frame=1836
[97m[INFO ] Processed Images Done taking 0.005764484405517578 seconds. Shape:  torch.Size([1, 3, 518, 518])[0m
[97m[INFO ] Model Forward Pass Done. Time: 0.04461097717285156 seconds[0m
[97m[INFO ] Conversion to Prediction Done. Time: 0.0003476142883300781 seconds[0m
depth: 1838/2000 frame=1837
[97m[INFO ] Processed Images Done taking 0.006790637969970703 seconds. Shape:  torch.Size([1, 3, 518, 518])[0m
[97m[INFO ] Model Forward Pass Done. Time: 0.04193711280822754 seconds[0m
[97m[INFO ] Conversion to Prediction Done. Time: 0.0003139972686767578 seconds[0m
depth: 1839/2000 frame=1838
[97m[INFO ] Processed Images Done taking 0.00690007209777832 seconds. Shape:  torch.Size([1, 3, 518, 518])[0m
[97m[INFO ] Model Forward Pass Done. Time: 0.04077577590942383 seconds[0m
[97m[INFO ] Conversion to Prediction Done. Time: 0.00033211708068847656 seconds[0m
depth: 1840/2000 frame=1839
[97m[INFO ] Processed Images Done taking 0.006319999694824219 seconds. Shape:  torch.Size([1, 3, 518, 518])[0m
[97m[INFO ] Model Forward Pass Done. Time: 0.041071176528930664 seconds[0m
[97m[INFO ] Conversion to Prediction Done. Time: 0.00032901763916015625 seconds[0m
depth: 1841/2000 frame=1840
[97m[INFO ] Processed Images Done taking 0.0069768428802490234 seconds. Shape:  torch.Size([1, 3, 518, 518])[0m
[97m[INFO ] Model Forward Pass Done. Time: 0.04274249076843262 seconds[0m
[97m[INFO ] Conversion to Prediction Done. Time: 0.00032806396484375 seconds[0m
depth: 1842/2000 frame=1841
[97m[INFO ] Processed Images Done taking 0.007556915283203125 seconds. Shape:  torch.Size([1, 3, 518, 518])[0m
[97m[INFO ] Model Forward Pass Done. Time: 0.0414583683013916 seconds[0m
[97m[INFO ] Conversion to Prediction Done. Time: 0.0003609657287597656 seconds[0m
depth: 1843/2000 frame=1842
[97m[INFO ] Processed Images Done taking 0.0060689449310302734 seconds. Shape:  torch.Size([1, 3, 518, 518])[0m
[97m[INFO ] Model Forward Pass Done. Time: 0.04263949394226074 seconds[0m
[97m[INFO ] Conversion to Prediction Done. Time: 0.0003247261047363281 seconds[0m
depth: 1844/2000 frame=1843
[97m[INFO ] Processed Images Done taking 0.006980419158935547 seconds. Shape:  torch.Size([1, 3, 518, 518])[0m
[97m[INFO ] Model Forward Pass Done. Time: 0.041101932525634766 seconds[0m
[97m[INFO ] Conversion to Prediction Done. Time: 0.0003681182861328125 seconds[0m
depth: 1845/2000 frame=1844
[97m[INFO ] Processed Images Done taking 0.00678563117980957 seconds. Shape:  torch.Size([1, 3, 518, 518])[0m
[97m[INFO ] Model Forward Pass Done. Time: 0.04096031188964844 seconds[0m
[97m[INFO ] Conversion to Prediction Done. Time: 0.00033736228942871094 seconds[0m
depth: 1846/2000 frame=1845
[97m[INFO ] Processed Images Done taking 0.008322715759277344 seconds. Shape:  torch.Size([1, 3, 518, 518])[0m
[97m[INFO ] Model Forward Pass Done. Time: 0.040859222412109375 seconds[0m
[97m[INFO ] Conversion to Prediction Done. Time: 0.000339508056640625 seconds[0m
depth: 1847/2000 frame=1846
[97m[INFO ] Processed Images Done taking 0.005745410919189453 seconds. Shape:  torch.Size([1, 3, 518, 518])[0m
[97m[INFO ] Model Forward Pass Done. Time: 0.04250335693359375 seconds[0m
[97m[INFO ] Conversion to Prediction Done. Time: 0.0003497600555419922 seconds[0m
depth: 1848/2000 frame=1847
[97m[INFO ] Processed Images Done taking 0.007348775863647461 seconds. Shape:  torch.Size([1, 3, 518, 518])[0m
[97m[INFO ] Model Forward Pass Done. Time: 0.04086780548095703 seconds[0m
[97m[INFO ] Conversion to Prediction Done. Time: 0.000331878662109375 seconds[0m
depth: 1849/2000 frame=1848
[97m[INFO ] Processed Images Done taking 0.007700204849243164 seconds. Shape:  torch.Size([1, 3, 518, 518])[0m
[97m[INFO ] Model Forward Pass Done. Time: 0.04022860527038574 seconds[0m
[97m[INFO ] Conversion to Prediction Done. Time: 0.0003120899200439453 seconds[0m
depth: 1850/2000 frame=1849
[97m[INFO ] Processed Images Done taking 0.006022930145263672 seconds. Shape:  torch.Size([1, 3, 518, 518])[0m
[97m[INFO ] Model Forward Pass Done. Time: 0.042793989181518555 seconds[0m
[97m[INFO ] Conversion to Prediction Done. Time: 0.00036263465881347656 seconds[0m
depth: 1851/2000 frame=1850
[97m[INFO ] Processed Images Done taking 0.0064182281494140625 seconds. Shape:  torch.Size([1, 3, 518, 518])[0m
[97m[INFO ] Model Forward Pass Done. Time: 0.04097247123718262 seconds[0m
[97m[INFO ] Conversion to Prediction Done. Time: 0.00032258033752441406 seconds[0m
depth: 1852/2000 frame=1851
[97m[INFO ] Processed Images Done taking 0.006660938262939453 seconds. Shape:  torch.Size([1, 3, 518, 518])[0m
[97m[INFO ] Model Forward Pass Done. Time: 0.0407712459564209 seconds[0m
[97m[INFO ] Conversion to Prediction Done. Time: 0.00034046173095703125 seconds[0m
depth: 1853/2000 frame=1852
[97m[INFO ] Processed Images Done taking 0.005748271942138672 seconds. Shape:  torch.Size([1, 3, 518, 518])[0m
[97m[INFO ] Model Forward Pass Done. Time: 0.042655229568481445 seconds[0m
[97m[INFO ] Conversion to Prediction Done. Time: 0.00037407875061035156 seconds[0m
depth: 1854/2000 frame=1853
[97m[INFO ] Processed Images Done taking 0.006468057632446289 seconds. Shape:  torch.Size([1, 3, 518, 518])[0m
[97m[INFO ] Model Forward Pass Done. Time: 0.04093289375305176 seconds[0m
[97m[INFO ] Conversion to Prediction Done. Time: 0.00031638145446777344 seconds[0m
depth: 1855/2000 frame=1854
[97m[INFO ] Processed Images Done taking 0.007142066955566406 seconds. Shape:  torch.Size([1, 3, 518, 518])[0m
[97m[INFO ] Model Forward Pass Done. Time: 0.04046058654785156 seconds[0m
[97m[INFO ] Conversion to Prediction Done. Time: 0.00031375885009765625 seconds[0m
depth: 1856/2000 frame=1855
[97m[INFO ] Processed Images Done taking 0.0063326358795166016 seconds. Shape:  torch.Size([1, 3, 518, 518])[0m
[97m[INFO ] Model Forward Pass Done. Time: 0.04094099998474121 seconds[0m
[97m[INFO ] Conversion to Prediction Done. Time: 0.0003802776336669922 seconds[0m
depth: 1857/2000 frame=1856
[97m[INFO ] Processed Images Done taking 0.007508993148803711 seconds. Shape:  torch.Size([1, 3, 518, 518])[0m
[97m[INFO ] Model Forward Pass Done. Time: 0.04393625259399414 seconds[0m
[97m[INFO ] Conversion to Prediction Done. Time: 0.00031447410583496094 seconds[0m
depth: 1858/2000 frame=1857
[97m[INFO ] Processed Images Done taking 0.008523225784301758 seconds. Shape:  torch.Size([1, 3, 518, 518])[0m
[97m[INFO ] Model Forward Pass Done. Time: 0.041296958923339844 seconds[0m
[97m[INFO ] Conversion to Prediction Done. Time: 0.0003268718719482422 seconds[0m
depth: 1859/2000 frame=1858
[97m[INFO ] Processed Images Done taking 0.006462574005126953 seconds. Shape:  torch.Size([1, 3, 518, 518])[0m
[97m[INFO ] Model Forward Pass Done. Time: 0.041936635971069336 seconds[0m
[97m[INFO ] Conversion to Prediction Done. Time: 0.0003616809844970703 seconds[0m
depth: 1860/2000 frame=1859
[97m[INFO ] Processed Images Done taking 0.0060155391693115234 seconds. Shape:  torch.Size([1, 3, 518, 518])[0m
[97m[INFO ] Model Forward Pass Done. Time: 0.040406227111816406 seconds[0m
[97m[INFO ] Conversion to Prediction Done. Time: 0.0003345012664794922 seconds[0m
depth: 1861/2000 frame=1860
[97m[INFO ] Processed Images Done taking 0.0066661834716796875 seconds. Shape:  torch.Size([1, 3, 518, 518])[0m
[97m[INFO ] Model Forward Pass Done. Time: 0.041561126708984375 seconds[0m
[97m[INFO ] Conversion to Prediction Done. Time: 0.0003306865692138672 seconds[0m
depth: 1862/2000 frame=1861
[97m[INFO ] Processed Images Done taking 0.0052165985107421875 seconds. Shape:  torch.Size([1, 3, 518, 518])[0m
[97m[INFO ] Model Forward Pass Done. Time: 0.04100847244262695 seconds[0m
[97m[INFO ] Conversion to Prediction Done. Time: 0.00034809112548828125 seconds[0m
depth: 1863/2000 frame=1862
[97m[INFO ] Processed Images Done taking 0.006991386413574219 seconds. Shape:  torch.Size([1, 3, 518, 518])[0m
[97m[INFO ] Model Forward Pass Done. Time: 0.040753841400146484 seconds[0m
[97m[INFO ] Conversion to Prediction Done. Time: 0.0003123283386230469 seconds[0m
depth: 1864/2000 frame=1863
[97m[INFO ] Processed Images Done taking 0.007216691970825195 seconds. Shape:  torch.Size([1, 3, 518, 518])[0m
[97m[INFO ] Model Forward Pass Done. Time: 0.04062938690185547 seconds[0m
[97m[INFO ] Conversion to Prediction Done. Time: 0.0003261566162109375 seconds[0m
depth: 1865/2000 frame=1864
[97m[INFO ] Processed Images Done taking 0.005926609039306641 seconds. Shape:  torch.Size([1, 3, 518, 518])[0m
[97m[INFO ] Model Forward Pass Done. Time: 0.044309377670288086 seconds[0m
[97m[INFO ] Conversion to Prediction Done. Time: 0.00034809112548828125 seconds[0m
depth: 1866/2000 frame=1865
[97m[INFO ] Processed Images Done taking 0.006530284881591797 seconds. Shape:  torch.Size([1, 3, 518, 518])[0m
[97m[INFO ] Model Forward Pass Done. Time: 0.04430961608886719 seconds[0m
[97m[INFO ] Conversion to Prediction Done. Time: 0.0003247261047363281 seconds[0m
depth: 1867/2000 frame=1866
[97m[INFO ] Processed Images Done taking 0.007028102874755859 seconds. Shape:  torch.Size([1, 3, 518, 518])[0m
[97m[INFO ] Model Forward Pass Done. Time: 0.042218685150146484 seconds[0m
[97m[INFO ] Conversion to Prediction Done. Time: 0.0003094673156738281 seconds[0m
depth: 1868/2000 frame=1867
[97m[INFO ] Processed Images Done taking 0.006335258483886719 seconds. Shape:  torch.Size([1, 3, 518, 518])[0m
[97m[INFO ] Model Forward Pass Done. Time: 0.04089760780334473 seconds[0m
[97m[INFO ] Conversion to Prediction Done. Time: 0.0003509521484375 seconds[0m
depth: 1869/2000 frame=1868
[97m[INFO ] Processed Images Done taking 0.0070531368255615234 seconds. Shape:  torch.Size([1, 3, 518, 518])[0m
[97m[INFO ] Model Forward Pass Done. Time: 0.03990578651428223 seconds[0m
[97m[INFO ] Conversion to Prediction Done. Time: 0.0003113746643066406 seconds[0m
depth: 1870/2000 frame=1869
[97m[INFO ] Processed Images Done taking 0.006609201431274414 seconds. Shape:  torch.Size([1, 3, 518, 518])[0m
[97m[INFO ] Model Forward Pass Done. Time: 0.042205095291137695 seconds[0m
[97m[INFO ] Conversion to Prediction Done. Time: 0.0003371238708496094 seconds[0m
depth: 1871/2000 frame=1870
[97m[INFO ] Processed Images Done taking 0.0065898895263671875 seconds. Shape:  torch.Size([1, 3, 518, 518])[0m
[97m[INFO ] Model Forward Pass Done. Time: 0.04081225395202637 seconds[0m
[97m[INFO ] Conversion to Prediction Done. Time: 0.00035071372985839844 seconds[0m
depth: 1872/2000 frame=1871
[97m[INFO ] Processed Images Done taking 0.0067958831787109375 seconds. Shape:  torch.Size([1, 3, 518, 518])[0m
[97m[INFO ] Model Forward Pass Done. Time: 0.039940595626831055 seconds[0m
[97m[INFO ] Conversion to Prediction Done. Time: 0.00031375885009765625 seconds[0m
depth: 1873/2000 frame=1872
[97m[INFO ] Processed Images Done taking 0.0074694156646728516 seconds. Shape:  torch.Size([1, 3, 518, 518])[0m
[97m[INFO ] Model Forward Pass Done. Time: 0.04074907302856445 seconds[0m
[97m[INFO ] Conversion to Prediction Done. Time: 0.0003151893615722656 seconds[0m
depth: 1874/2000 frame=1873
[97m[INFO ] Processed Images Done taking 0.006005048751831055 seconds. Shape:  torch.Size([1, 3, 518, 518])[0m
[97m[INFO ] Model Forward Pass Done. Time: 0.04251408576965332 seconds[0m
[97m[INFO ] Conversion to Prediction Done. Time: 0.0003516674041748047 seconds[0m
depth: 1875/2000 frame=1874
[97m[INFO ] Processed Images Done taking 0.007509946823120117 seconds. Shape:  torch.Size([1, 3, 518, 518])[0m
[97m[INFO ] Model Forward Pass Done. Time: 0.03949308395385742 seconds[0m
[97m[INFO ] Conversion to Prediction Done. Time: 0.00032711029052734375 seconds[0m
depth: 1876/2000 frame=1875
[97m[INFO ] Processed Images Done taking 0.007079601287841797 seconds. Shape:  torch.Size([1, 3, 518, 518])[0m
[97m[INFO ] Model Forward Pass Done. Time: 0.0422670841217041 seconds[0m
[97m[INFO ] Conversion to Prediction Done. Time: 0.00032258033752441406 seconds[0m
depth: 1877/2000 frame=1876
[97m[INFO ] Processed Images Done taking 0.006343841552734375 seconds. Shape:  torch.Size([1, 3, 518, 518])[0m
[97m[INFO ] Model Forward Pass Done. Time: 0.04197335243225098 seconds[0m
[97m[INFO ] Conversion to Prediction Done. Time: 0.0003554821014404297 seconds[0m
depth: 1878/2000 frame=1877
[97m[INFO ] Processed Images Done taking 0.007471799850463867 seconds. Shape:  torch.Size([1, 3, 518, 518])[0m
[97m[INFO ] Model Forward Pass Done. Time: 0.04068708419799805 seconds[0m
[97m[INFO ] Conversion to Prediction Done. Time: 0.00033545494079589844 seconds[0m
depth: 1879/2000 frame=1878
[97m[INFO ] Processed Images Done taking 0.0071010589599609375 seconds. Shape:  torch.Size([1, 3, 518, 518])[0m
[97m[INFO ] Model Forward Pass Done. Time: 0.04087948799133301 seconds[0m
[97m[INFO ] Conversion to Prediction Done. Time: 0.00032782554626464844 seconds[0m
depth: 1880/2000 frame=1879
[97m[INFO ] Processed Images Done taking 0.006763935089111328 seconds. Shape:  torch.Size([1, 3, 518, 518])[0m
[97m[INFO ] Model Forward Pass Done. Time: 0.04103517532348633 seconds[0m
[97m[INFO ] Conversion to Prediction Done. Time: 0.0003509521484375 seconds[0m
depth: 1881/2000 frame=1880
[97m[INFO ] Processed Images Done taking 0.007497072219848633 seconds. Shape:  torch.Size([1, 3, 518, 518])[0m
[97m[INFO ] Model Forward Pass Done. Time: 0.0409092903137207 seconds[0m
[97m[INFO ] Conversion to Prediction Done. Time: 0.00031447410583496094 seconds[0m
depth: 1882/2000 frame=1881
[97m[INFO ] Processed Images Done taking 0.006363391876220703 seconds. Shape:  torch.Size([1, 3, 518, 518])[0m
[97m[INFO ] Model Forward Pass Done. Time: 0.04108715057373047 seconds[0m
[97m[INFO ] Conversion to Prediction Done. Time: 0.0003256797790527344 seconds[0m
depth: 1883/2000 frame=1882
[97m[INFO ] Processed Images Done taking 0.006136417388916016 seconds. Shape:  torch.Size([1, 3, 518, 518])[0m
[97m[INFO ] Model Forward Pass Done. Time: 0.03996706008911133 seconds[0m
[97m[INFO ] Conversion to Prediction Done. Time: 0.00032019615173339844 seconds[0m
depth: 1884/2000 frame=1883
[97m[INFO ] Processed Images Done taking 0.006319761276245117 seconds. Shape:  torch.Size([1, 3, 518, 518])[0m
[97m[INFO ] Model Forward Pass Done. Time: 0.04178571701049805 seconds[0m
[97m[INFO ] Conversion to Prediction Done. Time: 0.00031185150146484375 seconds[0m
depth: 1885/2000 frame=1884
[97m[INFO ] Processed Images Done taking 0.00616765022277832 seconds. Shape:  torch.Size([1, 3, 518, 518])[0m
[97m[INFO ] Model Forward Pass Done. Time: 0.04117560386657715 seconds[0m
[97m[INFO ] Conversion to Prediction Done. Time: 0.00036072731018066406 seconds[0m
depth: 1886/2000 frame=1885
[97m[INFO ] Processed Images Done taking 0.0060939788818359375 seconds. Shape:  torch.Size([1, 3, 518, 518])[0m
[97m[INFO ] Model Forward Pass Done. Time: 0.04222416877746582 seconds[0m
[97m[INFO ] Conversion to Prediction Done. Time: 0.0003135204315185547 seconds[0m
depth: 1887/2000 frame=1886
[97m[INFO ] Processed Images Done taking 0.006013393402099609 seconds. Shape:  torch.Size([1, 3, 518, 518])[0m
[97m[INFO ] Model Forward Pass Done. Time: 0.040975332260131836 seconds[0m
[97m[INFO ] Conversion to Prediction Done. Time: 0.0003597736358642578 seconds[0m
depth: 1888/2000 frame=1887
[97m[INFO ] Processed Images Done taking 0.006563663482666016 seconds. Shape:  torch.Size([1, 3, 518, 518])[0m
[97m[INFO ] Model Forward Pass Done. Time: 0.042257070541381836 seconds[0m
[97m[INFO ] Conversion to Prediction Done. Time: 0.00031375885009765625 seconds[0m
depth: 1889/2000 frame=1888
[97m[INFO ] Processed Images Done taking 0.007496833801269531 seconds. Shape:  torch.Size([1, 3, 518, 518])[0m
[97m[INFO ] Model Forward Pass Done. Time: 0.0414128303527832 seconds[0m
[97m[INFO ] Conversion to Prediction Done. Time: 0.0003337860107421875 seconds[0m
depth: 1890/2000 frame=1889
[97m[INFO ] Processed Images Done taking 0.006476163864135742 seconds. Shape:  torch.Size([1, 3, 518, 518])[0m
[97m[INFO ] Model Forward Pass Done. Time: 0.04125165939331055 seconds[0m
[97m[INFO ] Conversion to Prediction Done. Time: 0.00036597251892089844 seconds[0m
depth: 1891/2000 frame=1890
[97m[INFO ] Processed Images Done taking 0.006902933120727539 seconds. Shape:  torch.Size([1, 3, 518, 518])[0m
[97m[INFO ] Model Forward Pass Done. Time: 0.04092550277709961 seconds[0m
[97m[INFO ] Conversion to Prediction Done. Time: 0.00032639503479003906 seconds[0m
depth: 1892/2000 frame=1891
[97m[INFO ] Processed Images Done taking 0.0067293643951416016 seconds. Shape:  torch.Size([1, 3, 518, 518])[0m
[97m[INFO ] Model Forward Pass Done. Time: 0.04058408737182617 seconds[0m
[97m[INFO ] Conversion to Prediction Done. Time: 0.0003304481506347656 seconds[0m
depth: 1893/2000 frame=1892
[97m[INFO ] Processed Images Done taking 0.006349086761474609 seconds. Shape:  torch.Size([1, 3, 518, 518])[0m
[97m[INFO ] Model Forward Pass Done. Time: 0.04262685775756836 seconds[0m
[97m[INFO ] Conversion to Prediction Done. Time: 0.00036263465881347656 seconds[0m
depth: 1894/2000 frame=1893
[97m[INFO ] Processed Images Done taking 0.0062830448150634766 seconds. Shape:  torch.Size([1, 3, 518, 518])[0m
[97m[INFO ] Model Forward Pass Done. Time: 0.04038715362548828 seconds[0m
[97m[INFO ] Conversion to Prediction Done. Time: 0.00032973289489746094 seconds[0m
depth: 1895/2000 frame=1894
[97m[INFO ] Processed Images Done taking 0.0062482357025146484 seconds. Shape:  torch.Size([1, 3, 518, 518])[0m
[97m[INFO ] Model Forward Pass Done. Time: 0.04208183288574219 seconds[0m
[97m[INFO ] Conversion to Prediction Done. Time: 0.00031280517578125 seconds[0m
depth: 1896/2000 frame=1895
[97m[INFO ] Processed Images Done taking 0.00717616081237793 seconds. Shape:  torch.Size([1, 3, 518, 518])[0m
[97m[INFO ] Model Forward Pass Done. Time: 0.046108245849609375 seconds[0m
[97m[INFO ] Conversion to Prediction Done. Time: 0.0003685951232910156 seconds[0m
depth: 1897/2000 frame=1896
[97m[INFO ] Processed Images Done taking 0.0058727264404296875 seconds. Shape:  torch.Size([1, 3, 518, 518])[0m
[97m[INFO ] Model Forward Pass Done. Time: 0.04240250587463379 seconds[0m
[97m[INFO ] Conversion to Prediction Done. Time: 0.0003147125244140625 seconds[0m
depth: 1898/2000 frame=1897
[97m[INFO ] Processed Images Done taking 0.006860971450805664 seconds. Shape:  torch.Size([1, 3, 518, 518])[0m
[97m[INFO ] Model Forward Pass Done. Time: 0.04242992401123047 seconds[0m
[97m[INFO ] Conversion to Prediction Done. Time: 0.0003180503845214844 seconds[0m
depth: 1899/2000 frame=1898
[97m[INFO ] Processed Images Done taking 0.0064165592193603516 seconds. Shape:  torch.Size([1, 3, 518, 518])[0m
[97m[INFO ] Model Forward Pass Done. Time: 0.04106426239013672 seconds[0m
[97m[INFO ] Conversion to Prediction Done. Time: 0.0003523826599121094 seconds[0m
depth: 1900/2000 frame=1899
[97m[INFO ] Processed Images Done taking 0.00600743293762207 seconds. Shape:  torch.Size([1, 3, 518, 518])[0m
[97m[INFO ] Model Forward Pass Done. Time: 0.04092144966125488 seconds[0m
[97m[INFO ] Conversion to Prediction Done. Time: 0.00033283233642578125 seconds[0m
depth: 1901/2000 frame=1900
[97m[INFO ] Processed Images Done taking 0.00637054443359375 seconds. Shape:  torch.Size([1, 3, 518, 518])[0m
[97m[INFO ] Model Forward Pass Done. Time: 0.04261064529418945 seconds[0m
[97m[INFO ] Conversion to Prediction Done. Time: 0.0003178119659423828 seconds[0m
depth: 1902/2000 frame=1901
[97m[INFO ] Processed Images Done taking 0.006183147430419922 seconds. Shape:  torch.Size([1, 3, 518, 518])[0m
[97m[INFO ] Model Forward Pass Done. Time: 0.04112744331359863 seconds[0m
[97m[INFO ] Conversion to Prediction Done. Time: 0.0003643035888671875 seconds[0m
depth: 1903/2000 frame=1902
[97m[INFO ] Processed Images Done taking 0.006218671798706055 seconds. Shape:  torch.Size([1, 3, 518, 518])[0m
[97m[INFO ] Model Forward Pass Done. Time: 0.041077375411987305 seconds[0m
[97m[INFO ] Conversion to Prediction Done. Time: 0.0003402233123779297 seconds[0m
depth: 1904/2000 frame=1903
[97m[INFO ] Processed Images Done taking 0.005967855453491211 seconds. Shape:  torch.Size([1, 3, 518, 518])[0m
[97m[INFO ] Model Forward Pass Done. Time: 0.04093003273010254 seconds[0m
[97m[INFO ] Conversion to Prediction Done. Time: 0.00037407875061035156 seconds[0m
depth: 1905/2000 frame=1904
[97m[INFO ] Processed Images Done taking 0.0060040950775146484 seconds. Shape:  torch.Size([1, 3, 518, 518])[0m
[97m[INFO ] Model Forward Pass Done. Time: 0.04054903984069824 seconds[0m
[97m[INFO ] Conversion to Prediction Done. Time: 0.00032258033752441406 seconds[0m
depth: 1906/2000 frame=1905
[97m[INFO ] Processed Images Done taking 0.006253480911254883 seconds. Shape:  torch.Size([1, 3, 518, 518])[0m
[97m[INFO ] Model Forward Pass Done. Time: 0.042356014251708984 seconds[0m
[97m[INFO ] Conversion to Prediction Done. Time: 0.00032138824462890625 seconds[0m
depth: 1907/2000 frame=1906
[97m[INFO ] Processed Images Done taking 0.006425619125366211 seconds. Shape:  torch.Size([1, 3, 518, 518])[0m
[97m[INFO ] Model Forward Pass Done. Time: 0.04088306427001953 seconds[0m
[97m[INFO ] Conversion to Prediction Done. Time: 0.00035643577575683594 seconds[0m
depth: 1908/2000 frame=1907
[97m[INFO ] Processed Images Done taking 0.006325960159301758 seconds. Shape:  torch.Size([1, 3, 518, 518])[0m
[97m[INFO ] Model Forward Pass Done. Time: 0.04212188720703125 seconds[0m
[97m[INFO ] Conversion to Prediction Done. Time: 0.00032973289489746094 seconds[0m
depth: 1909/2000 frame=1908
[97m[INFO ] Processed Images Done taking 0.0063817501068115234 seconds. Shape:  torch.Size([1, 3, 518, 518])[0m
[97m[INFO ] Model Forward Pass Done. Time: 0.04109048843383789 seconds[0m
[97m[INFO ] Conversion to Prediction Done. Time: 0.0003116130828857422 seconds[0m
depth: 1910/2000 frame=1909
[97m[INFO ] Processed Images Done taking 0.005676746368408203 seconds. Shape:  torch.Size([1, 3, 518, 518])[0m
[97m[INFO ] Model Forward Pass Done. Time: 0.04250836372375488 seconds[0m
[97m[INFO ] Conversion to Prediction Done. Time: 0.0003600120544433594 seconds[0m
depth: 1911/2000 frame=1910
[97m[INFO ] Processed Images Done taking 0.006270408630371094 seconds. Shape:  torch.Size([1, 3, 518, 518])[0m
[97m[INFO ] Model Forward Pass Done. Time: 0.042604684829711914 seconds[0m
[97m[INFO ] Conversion to Prediction Done. Time: 0.0003180503845214844 seconds[0m
depth: 1912/2000 frame=1911
[97m[INFO ] Processed Images Done taking 0.005955219268798828 seconds. Shape:  torch.Size([1, 3, 518, 518])[0m
[97m[INFO ] Model Forward Pass Done. Time: 0.04274106025695801 seconds[0m
[97m[INFO ] Conversion to Prediction Done. Time: 0.0003643035888671875 seconds[0m
depth: 1913/2000 frame=1912
[97m[INFO ] Processed Images Done taking 0.006322383880615234 seconds. Shape:  torch.Size([1, 3, 518, 518])[0m
[97m[INFO ] Model Forward Pass Done. Time: 0.04105234146118164 seconds[0m
[97m[INFO ] Conversion to Prediction Done. Time: 0.0003199577331542969 seconds[0m
depth: 1914/2000 frame=1913
[97m[INFO ] Processed Images Done taking 0.005826473236083984 seconds. Shape:  torch.Size([1, 3, 518, 518])[0m
[97m[INFO ] Model Forward Pass Done. Time: 0.041005849838256836 seconds[0m
[97m[INFO ] Conversion to Prediction Done. Time: 0.00037860870361328125 seconds[0m
depth: 1915/2000 frame=1914
[97m[INFO ] Processed Images Done taking 0.006026029586791992 seconds. Shape:  torch.Size([1, 3, 518, 518])[0m
[97m[INFO ] Model Forward Pass Done. Time: 0.0409846305847168 seconds[0m
[97m[INFO ] Conversion to Prediction Done. Time: 0.000331878662109375 seconds[0m
depth: 1916/2000 frame=1915
[97m[INFO ] Processed Images Done taking 0.006682157516479492 seconds. Shape:  torch.Size([1, 3, 518, 518])[0m
[97m[INFO ] Model Forward Pass Done. Time: 0.0421142578125 seconds[0m
[97m[INFO ] Conversion to Prediction Done. Time: 0.0003330707550048828 seconds[0m
depth: 1917/2000 frame=1916
[97m[INFO ] Processed Images Done taking 0.006498098373413086 seconds. Shape:  torch.Size([1, 3, 518, 518])[0m
[97m[INFO ] Model Forward Pass Done. Time: 0.04133415222167969 seconds[0m
[97m[INFO ] Conversion to Prediction Done. Time: 0.00031948089599609375 seconds[0m
depth: 1918/2000 frame=1917
[97m[INFO ] Processed Images Done taking 0.00621342658996582 seconds. Shape:  torch.Size([1, 3, 518, 518])[0m
[97m[INFO ] Model Forward Pass Done. Time: 0.041062355041503906 seconds[0m
[97m[INFO ] Conversion to Prediction Done. Time: 0.0003170967102050781 seconds[0m
depth: 1919/2000 frame=1918
[97m[INFO ] Processed Images Done taking 0.006108760833740234 seconds. Shape:  torch.Size([1, 3, 518, 518])[0m
[97m[INFO ] Model Forward Pass Done. Time: 0.041056156158447266 seconds[0m
[97m[INFO ] Conversion to Prediction Done. Time: 0.00032782554626464844 seconds[0m
depth: 1920/2000 frame=1919
[97m[INFO ] Processed Images Done taking 0.005955219268798828 seconds. Shape:  torch.Size([1, 3, 518, 518])[0m
[97m[INFO ] Model Forward Pass Done. Time: 0.041336774826049805 seconds[0m
[97m[INFO ] Conversion to Prediction Done. Time: 0.00032401084899902344 seconds[0m
depth: 1921/2000 frame=1920
[97m[INFO ] Processed Images Done taking 0.005991935729980469 seconds. Shape:  torch.Size([1, 3, 518, 518])[0m
[97m[INFO ] Model Forward Pass Done. Time: 0.040215492248535156 seconds[0m
[97m[INFO ] Conversion to Prediction Done. Time: 0.0003180503845214844 seconds[0m
depth: 1922/2000 frame=1921
[97m[INFO ] Processed Images Done taking 0.006108999252319336 seconds. Shape:  torch.Size([1, 3, 518, 518])[0m
[97m[INFO ] Model Forward Pass Done. Time: 0.04070448875427246 seconds[0m
[97m[INFO ] Conversion to Prediction Done. Time: 0.00031566619873046875 seconds[0m
depth: 1923/2000 frame=1922
[97m[INFO ] Processed Images Done taking 0.005939006805419922 seconds. Shape:  torch.Size([1, 3, 518, 518])[0m
[97m[INFO ] Model Forward Pass Done. Time: 0.04123950004577637 seconds[0m
[97m[INFO ] Conversion to Prediction Done. Time: 0.0003666877746582031 seconds[0m
depth: 1924/2000 frame=1923
[97m[INFO ] Processed Images Done taking 0.00599360466003418 seconds. Shape:  torch.Size([1, 3, 518, 518])[0m
[97m[INFO ] Model Forward Pass Done. Time: 0.040442466735839844 seconds[0m
[97m[INFO ] Conversion to Prediction Done. Time: 0.00033020973205566406 seconds[0m
depth: 1925/2000 frame=1924
[97m[INFO ] Processed Images Done taking 0.0065228939056396484 seconds. Shape:  torch.Size([1, 3, 518, 518])[0m
[97m[INFO ] Model Forward Pass Done. Time: 0.042268991470336914 seconds[0m
[97m[INFO ] Conversion to Prediction Done. Time: 0.00031948089599609375 seconds[0m
depth: 1926/2000 frame=1925
[97m[INFO ] Processed Images Done taking 0.005687713623046875 seconds. Shape:  torch.Size([1, 3, 518, 518])[0m
[97m[INFO ] Model Forward Pass Done. Time: 0.04106259346008301 seconds[0m
[97m[INFO ] Conversion to Prediction Done. Time: 0.0003514289855957031 seconds[0m
depth: 1927/2000 frame=1926
[97m[INFO ] Processed Images Done taking 0.006762266159057617 seconds. Shape:  torch.Size([1, 3, 518, 518])[0m
[97m[INFO ] Model Forward Pass Done. Time: 0.04080080986022949 seconds[0m
[97m[INFO ] Conversion to Prediction Done. Time: 0.0003345012664794922 seconds[0m
depth: 1928/2000 frame=1927
[97m[INFO ] Processed Images Done taking 0.0065386295318603516 seconds. Shape:  torch.Size([1, 3, 518, 518])[0m
[97m[INFO ] Model Forward Pass Done. Time: 0.04107546806335449 seconds[0m
[97m[INFO ] Conversion to Prediction Done. Time: 0.0003216266632080078 seconds[0m
depth: 1929/2000 frame=1928
[97m[INFO ] Processed Images Done taking 0.006068706512451172 seconds. Shape:  torch.Size([1, 3, 518, 518])[0m
[97m[INFO ] Model Forward Pass Done. Time: 0.04123568534851074 seconds[0m
[97m[INFO ] Conversion to Prediction Done. Time: 0.0003542900085449219 seconds[0m
depth: 1930/2000 frame=1929
[97m[INFO ] Processed Images Done taking 0.0063097476959228516 seconds. Shape:  torch.Size([1, 3, 518, 518])[0m
[97m[INFO ] Model Forward Pass Done. Time: 0.042156219482421875 seconds[0m
[97m[INFO ] Conversion to Prediction Done. Time: 0.0003306865692138672 seconds[0m
depth: 1931/2000 frame=1930
[97m[INFO ] Processed Images Done taking 0.00661778450012207 seconds. Shape:  torch.Size([1, 3, 518, 518])[0m
[97m[INFO ] Model Forward Pass Done. Time: 0.041004180908203125 seconds[0m
[97m[INFO ] Conversion to Prediction Done. Time: 0.00033283233642578125 seconds[0m
depth: 1932/2000 frame=1931
[97m[INFO ] Processed Images Done taking 0.006025791168212891 seconds. Shape:  torch.Size([1, 3, 518, 518])[0m
[97m[INFO ] Model Forward Pass Done. Time: 0.04251909255981445 seconds[0m
[97m[INFO ] Conversion to Prediction Done. Time: 0.00036025047302246094 seconds[0m
depth: 1933/2000 frame=1932
[97m[INFO ] Processed Images Done taking 0.006398916244506836 seconds. Shape:  torch.Size([1, 3, 518, 518])[0m
[97m[INFO ] Model Forward Pass Done. Time: 0.042325735092163086 seconds[0m
[97m[INFO ] Conversion to Prediction Done. Time: 0.000335693359375 seconds[0m
depth: 1934/2000 frame=1933
[97m[INFO ] Processed Images Done taking 0.006304740905761719 seconds. Shape:  torch.Size([1, 3, 518, 518])[0m
[97m[INFO ] Model Forward Pass Done. Time: 0.040958404541015625 seconds[0m
[97m[INFO ] Conversion to Prediction Done. Time: 0.0003192424774169922 seconds[0m
depth: 1935/2000 frame=1934
[97m[INFO ] Processed Images Done taking 0.006037712097167969 seconds. Shape:  torch.Size([1, 3, 518, 518])[0m
[97m[INFO ] Model Forward Pass Done. Time: 0.041094303131103516 seconds[0m
[97m[INFO ] Conversion to Prediction Done. Time: 0.0003554821014404297 seconds[0m
depth: 1936/2000 frame=1935
[97m[INFO ] Processed Images Done taking 0.0058231353759765625 seconds. Shape:  torch.Size([1, 3, 518, 518])[0m
[97m[INFO ] Model Forward Pass Done. Time: 0.04086494445800781 seconds[0m
[97m[INFO ] Conversion to Prediction Done. Time: 0.0003230571746826172 seconds[0m
depth: 1937/2000 frame=1936
[97m[INFO ] Processed Images Done taking 0.006585836410522461 seconds. Shape:  torch.Size([1, 3, 518, 518])[0m
[97m[INFO ] Model Forward Pass Done. Time: 0.04056715965270996 seconds[0m
[97m[INFO ] Conversion to Prediction Done. Time: 0.00032782554626464844 seconds[0m
depth: 1938/2000 frame=1937
[97m[INFO ] Processed Images Done taking 0.006091594696044922 seconds. Shape:  torch.Size([1, 3, 518, 518])[0m
[97m[INFO ] Model Forward Pass Done. Time: 0.04120802879333496 seconds[0m
[97m[INFO ] Conversion to Prediction Done. Time: 0.0003695487976074219 seconds[0m
depth: 1939/2000 frame=1938
[97m[INFO ] Processed Images Done taking 0.006217241287231445 seconds. Shape:  torch.Size([1, 3, 518, 518])[0m
[97m[INFO ] Model Forward Pass Done. Time: 0.04210376739501953 seconds[0m
[97m[INFO ] Conversion to Prediction Done. Time: 0.0003199577331542969 seconds[0m
depth: 1940/2000 frame=1939
[97m[INFO ] Processed Images Done taking 0.006551980972290039 seconds. Shape:  torch.Size([1, 3, 518, 518])[0m
[97m[INFO ] Model Forward Pass Done. Time: 0.04258918762207031 seconds[0m
[97m[INFO ] Conversion to Prediction Done. Time: 0.00032782554626464844 seconds[0m
depth: 1941/2000 frame=1940
[97m[INFO ] Processed Images Done taking 0.0067789554595947266 seconds. Shape:  torch.Size([1, 3, 518, 518])[0m
[97m[INFO ] Model Forward Pass Done. Time: 0.0404050350189209 seconds[0m
[97m[INFO ] Conversion to Prediction Done. Time: 0.0003535747528076172 seconds[0m
depth: 1942/2000 frame=1941
[97m[INFO ] Processed Images Done taking 0.005892515182495117 seconds. Shape:  torch.Size([1, 3, 518, 518])[0m
[97m[INFO ] Model Forward Pass Done. Time: 0.037743568420410156 seconds[0m
[97m[INFO ] Conversion to Prediction Done. Time: 0.00032782554626464844 seconds[0m
depth: 1943/2000 frame=1942
[97m[INFO ] Processed Images Done taking 0.0066356658935546875 seconds. Shape:  torch.Size([1, 3, 518, 518])[0m
[97m[INFO ] Model Forward Pass Done. Time: 0.03793621063232422 seconds[0m
[97m[INFO ] Conversion to Prediction Done. Time: 0.0003237724304199219 seconds[0m
depth: 1944/2000 frame=1943
[97m[INFO ] Processed Images Done taking 0.005806922912597656 seconds. Shape:  torch.Size([1, 3, 518, 518])[0m
[97m[INFO ] Model Forward Pass Done. Time: 0.041074514389038086 seconds[0m
[97m[INFO ] Conversion to Prediction Done. Time: 0.0003643035888671875 seconds[0m
depth: 1945/2000 frame=1944
[97m[INFO ] Processed Images Done taking 0.0064389705657958984 seconds. Shape:  torch.Size([1, 3, 518, 518])[0m
[97m[INFO ] Model Forward Pass Done. Time: 0.042289018630981445 seconds[0m
[97m[INFO ] Conversion to Prediction Done. Time: 0.0003197193145751953 seconds[0m
depth: 1946/2000 frame=1945
[97m[INFO ] Processed Images Done taking 0.006334781646728516 seconds. Shape:  torch.Size([1, 3, 518, 518])[0m
[97m[INFO ] Model Forward Pass Done. Time: 0.04086184501647949 seconds[0m
[97m[INFO ] Conversion to Prediction Done. Time: 0.0003275871276855469 seconds[0m
depth: 1947/2000 frame=1946
[97m[INFO ] Processed Images Done taking 0.006175994873046875 seconds. Shape:  torch.Size([1, 3, 518, 518])[0m
[97m[INFO ] Model Forward Pass Done. Time: 0.04241585731506348 seconds[0m
[97m[INFO ] Conversion to Prediction Done. Time: 0.0003445148468017578 seconds[0m
depth: 1948/2000 frame=1947
[97m[INFO ] Processed Images Done taking 0.00598597526550293 seconds. Shape:  torch.Size([1, 3, 518, 518])[0m
[97m[INFO ] Model Forward Pass Done. Time: 0.0408482551574707 seconds[0m
[97m[INFO ] Conversion to Prediction Done. Time: 0.0003190040588378906 seconds[0m
depth: 1949/2000 frame=1948
[97m[INFO ] Processed Images Done taking 0.0063326358795166016 seconds. Shape:  torch.Size([1, 3, 518, 518])[0m
[97m[INFO ] Model Forward Pass Done. Time: 0.04104018211364746 seconds[0m
[97m[INFO ] Conversion to Prediction Done. Time: 0.0003249645233154297 seconds[0m
depth: 1950/2000 frame=1949
[97m[INFO ] Processed Images Done taking 0.0061647891998291016 seconds. Shape:  torch.Size([1, 3, 518, 518])[0m
[97m[INFO ] Model Forward Pass Done. Time: 0.04212045669555664 seconds[0m
[97m[INFO ] Conversion to Prediction Done. Time: 0.0003654956817626953 seconds[0m
depth: 1951/2000 frame=1950
[97m[INFO ] Processed Images Done taking 0.006274223327636719 seconds. Shape:  torch.Size([1, 3, 518, 518])[0m
[97m[INFO ] Model Forward Pass Done. Time: 0.04075217247009277 seconds[0m
[97m[INFO ] Conversion to Prediction Done. Time: 0.0003342628479003906 seconds[0m
depth: 1952/2000 frame=1951
[97m[INFO ] Processed Images Done taking 0.00641632080078125 seconds. Shape:  torch.Size([1, 3, 518, 518])[0m
[97m[INFO ] Model Forward Pass Done. Time: 0.0407414436340332 seconds[0m
[97m[INFO ] Conversion to Prediction Done. Time: 0.00033593177795410156 seconds[0m
depth: 1953/2000 frame=1952
[97m[INFO ] Processed Images Done taking 0.00609588623046875 seconds. Shape:  torch.Size([1, 3, 518, 518])[0m
[97m[INFO ] Model Forward Pass Done. Time: 0.04079008102416992 seconds[0m
[97m[INFO ] Conversion to Prediction Done. Time: 0.0003631114959716797 seconds[0m
depth: 1954/2000 frame=1953
[97m[INFO ] Processed Images Done taking 0.006075143814086914 seconds. Shape:  torch.Size([1, 3, 518, 518])[0m
[97m[INFO ] Model Forward Pass Done. Time: 0.042569637298583984 seconds[0m
[97m[INFO ] Conversion to Prediction Done. Time: 0.0003192424774169922 seconds[0m
depth: 1955/2000 frame=1954
[97m[INFO ] Processed Images Done taking 0.006375312805175781 seconds. Shape:  torch.Size([1, 3, 518, 518])[0m
[97m[INFO ] Model Forward Pass Done. Time: 0.04007434844970703 seconds[0m
[97m[INFO ] Conversion to Prediction Done. Time: 0.00032138824462890625 seconds[0m
depth: 1956/2000 frame=1955
[97m[INFO ] Processed Images Done taking 0.006444692611694336 seconds. Shape:  torch.Size([1, 3, 518, 518])[0m
[97m[INFO ] Model Forward Pass Done. Time: 0.04082465171813965 seconds[0m
[97m[INFO ] Conversion to Prediction Done. Time: 0.0003533363342285156 seconds[0m
depth: 1957/2000 frame=1956
[97m[INFO ] Processed Images Done taking 0.0064356327056884766 seconds. Shape:  torch.Size([1, 3, 518, 518])[0m
[97m[INFO ] Model Forward Pass Done. Time: 0.04262876510620117 seconds[0m
[97m[INFO ] Conversion to Prediction Done. Time: 0.0003216266632080078 seconds[0m
depth: 1958/2000 frame=1957
[97m[INFO ] Processed Images Done taking 0.0064601898193359375 seconds. Shape:  torch.Size([1, 3, 518, 518])[0m
[97m[INFO ] Model Forward Pass Done. Time: 0.042798519134521484 seconds[0m
[97m[INFO ] Conversion to Prediction Done. Time: 0.0003676414489746094 seconds[0m
depth: 1959/2000 frame=1958
[97m[INFO ] Processed Images Done taking 0.0061435699462890625 seconds. Shape:  torch.Size([1, 3, 518, 518])[0m
[97m[INFO ] Model Forward Pass Done. Time: 0.04114031791687012 seconds[0m
[97m[INFO ] Conversion to Prediction Done. Time: 0.00031757354736328125 seconds[0m
depth: 1960/2000 frame=1959
[97m[INFO ] Processed Images Done taking 0.0065724849700927734 seconds. Shape:  torch.Size([1, 3, 518, 518])[0m
[97m[INFO ] Model Forward Pass Done. Time: 0.0425419807434082 seconds[0m
[97m[INFO ] Conversion to Prediction Done. Time: 0.0003230571746826172 seconds[0m
depth: 1961/2000 frame=1960
[97m[INFO ] Processed Images Done taking 0.006046295166015625 seconds. Shape:  torch.Size([1, 3, 518, 518])[0m
[97m[INFO ] Model Forward Pass Done. Time: 0.0411992073059082 seconds[0m
[97m[INFO ] Conversion to Prediction Done. Time: 0.00035262107849121094 seconds[0m
depth: 1962/2000 frame=1961
[97m[INFO ] Processed Images Done taking 0.006423234939575195 seconds. Shape:  torch.Size([1, 3, 518, 518])[0m
[97m[INFO ] Model Forward Pass Done. Time: 0.04555320739746094 seconds[0m
[97m[INFO ] Conversion to Prediction Done. Time: 0.0003368854522705078 seconds[0m
depth: 1963/2000 frame=1962
[97m[INFO ] Processed Images Done taking 0.006025552749633789 seconds. Shape:  torch.Size([1, 3, 518, 518])[0m
[97m[INFO ] Model Forward Pass Done. Time: 0.04106307029724121 seconds[0m
[97m[INFO ] Conversion to Prediction Done. Time: 0.0003647804260253906 seconds[0m
depth: 1964/2000 frame=1963
[97m[INFO ] Processed Images Done taking 0.006174802780151367 seconds. Shape:  torch.Size([1, 3, 518, 518])[0m
[97m[INFO ] Model Forward Pass Done. Time: 0.03866171836853027 seconds[0m
[97m[INFO ] Conversion to Prediction Done. Time: 0.00033974647521972656 seconds[0m
depth: 1965/2000 frame=1964
[97m[INFO ] Processed Images Done taking 0.00633549690246582 seconds. Shape:  torch.Size([1, 3, 518, 518])[0m
[97m[INFO ] Model Forward Pass Done. Time: 0.0419924259185791 seconds[0m
[97m[INFO ] Conversion to Prediction Done. Time: 0.0003426074981689453 seconds[0m
depth: 1966/2000 frame=1965
[97m[INFO ] Processed Images Done taking 0.006083965301513672 seconds. Shape:  torch.Size([1, 3, 518, 518])[0m
[97m[INFO ] Model Forward Pass Done. Time: 0.04290890693664551 seconds[0m
[97m[INFO ] Conversion to Prediction Done. Time: 0.0003502368927001953 seconds[0m
depth: 1967/2000 frame=1966
[97m[INFO ] Processed Images Done taking 0.006074428558349609 seconds. Shape:  torch.Size([1, 3, 518, 518])[0m
[97m[INFO ] Model Forward Pass Done. Time: 0.04238104820251465 seconds[0m
[97m[INFO ] Conversion to Prediction Done. Time: 0.00031757354736328125 seconds[0m
depth: 1968/2000 frame=1967
[97m[INFO ] Processed Images Done taking 0.00665283203125 seconds. Shape:  torch.Size([1, 3, 518, 518])[0m
[97m[INFO ] Model Forward Pass Done. Time: 0.040761470794677734 seconds[0m
[97m[INFO ] Conversion to Prediction Done. Time: 0.00032258033752441406 seconds[0m
depth: 1969/2000 frame=1968
[97m[INFO ] Processed Images Done taking 0.0058650970458984375 seconds. Shape:  torch.Size([1, 3, 518, 518])[0m
[97m[INFO ] Model Forward Pass Done. Time: 0.04184460639953613 seconds[0m
[97m[INFO ] Conversion to Prediction Done. Time: 0.00036907196044921875 seconds[0m
depth: 1970/2000 frame=1969
[97m[INFO ] Processed Images Done taking 0.0063059329986572266 seconds. Shape:  torch.Size([1, 3, 518, 518])[0m
[97m[INFO ] Model Forward Pass Done. Time: 0.04111790657043457 seconds[0m
[97m[INFO ] Conversion to Prediction Done. Time: 0.0003266334533691406 seconds[0m
depth: 1971/2000 frame=1970
[97m[INFO ] Processed Images Done taking 0.0067043304443359375 seconds. Shape:  torch.Size([1, 3, 518, 518])[0m
[97m[INFO ] Model Forward Pass Done. Time: 0.04223442077636719 seconds[0m
[97m[INFO ] Conversion to Prediction Done. Time: 0.0003535747528076172 seconds[0m
depth: 1972/2000 frame=1971
[97m[INFO ] Processed Images Done taking 0.007280111312866211 seconds. Shape:  torch.Size([1, 3, 518, 518])[0m
[97m[INFO ] Model Forward Pass Done. Time: 0.04189300537109375 seconds[0m
[97m[INFO ] Conversion to Prediction Done. Time: 0.0003440380096435547 seconds[0m
depth: 1973/2000 frame=1972
[97m[INFO ] Processed Images Done taking 0.006558895111083984 seconds. Shape:  torch.Size([1, 3, 518, 518])[0m
[97m[INFO ] Model Forward Pass Done. Time: 0.042699337005615234 seconds[0m
[97m[INFO ] Conversion to Prediction Done. Time: 0.0003230571746826172 seconds[0m
depth: 1974/2000 frame=1973
[97m[INFO ] Processed Images Done taking 0.006564617156982422 seconds. Shape:  torch.Size([1, 3, 518, 518])[0m
[97m[INFO ] Model Forward Pass Done. Time: 0.04255795478820801 seconds[0m
[97m[INFO ] Conversion to Prediction Done. Time: 0.0003695487976074219 seconds[0m
depth: 1975/2000 frame=1974
[97m[INFO ] Processed Images Done taking 0.006757259368896484 seconds. Shape:  torch.Size([1, 3, 518, 518])[0m
[97m[INFO ] Model Forward Pass Done. Time: 0.041271209716796875 seconds[0m
[97m[INFO ] Conversion to Prediction Done. Time: 0.00033020973205566406 seconds[0m
depth: 1976/2000 frame=1975
[97m[INFO ] Processed Images Done taking 0.007010221481323242 seconds. Shape:  torch.Size([1, 3, 518, 518])[0m
[97m[INFO ] Model Forward Pass Done. Time: 0.04076027870178223 seconds[0m
[97m[INFO ] Conversion to Prediction Done. Time: 0.00034689903259277344 seconds[0m
depth: 1977/2000 frame=1976
[97m[INFO ] Processed Images Done taking 0.007033109664916992 seconds. Shape:  torch.Size([1, 3, 518, 518])[0m
[97m[INFO ] Model Forward Pass Done. Time: 0.04287266731262207 seconds[0m
[97m[INFO ] Conversion to Prediction Done. Time: 0.0003726482391357422 seconds[0m
depth: 1978/2000 frame=1977
[97m[INFO ] Processed Images Done taking 0.006061077117919922 seconds. Shape:  torch.Size([1, 3, 518, 518])[0m
[97m[INFO ] Model Forward Pass Done. Time: 0.042249202728271484 seconds[0m
[97m[INFO ] Conversion to Prediction Done. Time: 0.0003237724304199219 seconds[0m
depth: 1979/2000 frame=1978
[97m[INFO ] Processed Images Done taking 0.006977558135986328 seconds. Shape:  torch.Size([1, 3, 518, 518])[0m
[97m[INFO ] Model Forward Pass Done. Time: 0.04048871994018555 seconds[0m
[97m[INFO ] Conversion to Prediction Done. Time: 0.0003159046173095703 seconds[0m
depth: 1980/2000 frame=1979
[97m[INFO ] Processed Images Done taking 0.0061228275299072266 seconds. Shape:  torch.Size([1, 3, 518, 518])[0m
[97m[INFO ] Model Forward Pass Done. Time: 0.04268026351928711 seconds[0m
[97m[INFO ] Conversion to Prediction Done. Time: 0.00035500526428222656 seconds[0m
depth: 1981/2000 frame=1980
[97m[INFO ] Processed Images Done taking 0.006891012191772461 seconds. Shape:  torch.Size([1, 3, 518, 518])[0m
[97m[INFO ] Model Forward Pass Done. Time: 0.04106283187866211 seconds[0m
[97m[INFO ] Conversion to Prediction Done. Time: 0.00033354759216308594 seconds[0m
depth: 1982/2000 frame=1981
[97m[INFO ] Processed Images Done taking 0.0065615177154541016 seconds. Shape:  torch.Size([1, 3, 518, 518])[0m
[97m[INFO ] Model Forward Pass Done. Time: 0.04096221923828125 seconds[0m
[97m[INFO ] Conversion to Prediction Done. Time: 0.0003180503845214844 seconds[0m
depth: 1983/2000 frame=1982
[97m[INFO ] Processed Images Done taking 0.007022380828857422 seconds. Shape:  torch.Size([1, 3, 518, 518])[0m
[97m[INFO ] Model Forward Pass Done. Time: 0.04117131233215332 seconds[0m
[97m[INFO ] Conversion to Prediction Done. Time: 0.00035858154296875 seconds[0m
depth: 1984/2000 frame=1983
[97m[INFO ] Processed Images Done taking 0.009279489517211914 seconds. Shape:  torch.Size([1, 3, 518, 518])[0m
[97m[INFO ] Model Forward Pass Done. Time: 0.04105782508850098 seconds[0m
[97m[INFO ] Conversion to Prediction Done. Time: 0.00032591819763183594 seconds[0m
depth: 1985/2000 frame=1984
[97m[INFO ] Processed Images Done taking 0.0065555572509765625 seconds. Shape:  torch.Size([1, 3, 518, 518])[0m
[97m[INFO ] Model Forward Pass Done. Time: 0.04109001159667969 seconds[0m
[97m[INFO ] Conversion to Prediction Done. Time: 0.0003173351287841797 seconds[0m
depth: 1986/2000 frame=1985
[97m[INFO ] Processed Images Done taking 0.0060558319091796875 seconds. Shape:  torch.Size([1, 3, 518, 518])[0m
[97m[INFO ] Model Forward Pass Done. Time: 0.04131674766540527 seconds[0m
[97m[INFO ] Conversion to Prediction Done. Time: 0.0003552436828613281 seconds[0m
depth: 1987/2000 frame=1986
[97m[INFO ] Processed Images Done taking 0.009122133255004883 seconds. Shape:  torch.Size([1, 3, 518, 518])[0m
[97m[INFO ] Model Forward Pass Done. Time: 0.04098153114318848 seconds[0m
[97m[INFO ] Conversion to Prediction Done. Time: 0.00032258033752441406 seconds[0m
depth: 1988/2000 frame=1987
[97m[INFO ] Processed Images Done taking 0.00785374641418457 seconds. Shape:  torch.Size([1, 3, 518, 518])[0m
[97m[INFO ] Model Forward Pass Done. Time: 0.04102182388305664 seconds[0m
[97m[INFO ] Conversion to Prediction Done. Time: 0.00033736228942871094 seconds[0m
depth: 1989/2000 frame=1988
[97m[INFO ] Processed Images Done taking 0.005940437316894531 seconds. Shape:  torch.Size([1, 3, 518, 518])[0m
[97m[INFO ] Model Forward Pass Done. Time: 0.041375160217285156 seconds[0m
[97m[INFO ] Conversion to Prediction Done. Time: 0.00035190582275390625 seconds[0m
depth: 1990/2000 frame=1989
[97m[INFO ] Processed Images Done taking 0.0062198638916015625 seconds. Shape:  torch.Size([1, 3, 518, 518])[0m
[97m[INFO ] Model Forward Pass Done. Time: 0.04125714302062988 seconds[0m
[97m[INFO ] Conversion to Prediction Done. Time: 0.0003285408020019531 seconds[0m
depth: 1991/2000 frame=1990
[97m[INFO ] Processed Images Done taking 0.007425546646118164 seconds. Shape:  torch.Size([1, 3, 518, 518])[0m
[97m[INFO ] Model Forward Pass Done. Time: 0.04250955581665039 seconds[0m
[97m[INFO ] Conversion to Prediction Done. Time: 0.00032639503479003906 seconds[0m
depth: 1992/2000 frame=1991
[97m[INFO ] Processed Images Done taking 0.006213188171386719 seconds. Shape:  torch.Size([1, 3, 518, 518])[0m
[97m[INFO ] Model Forward Pass Done. Time: 0.040311336517333984 seconds[0m
[97m[INFO ] Conversion to Prediction Done. Time: 0.0003502368927001953 seconds[0m
depth: 1993/2000 frame=1992
[97m[INFO ] Processed Images Done taking 0.006688356399536133 seconds. Shape:  torch.Size([1, 3, 518, 518])[0m
[97m[INFO ] Model Forward Pass Done. Time: 0.04105806350708008 seconds[0m
[97m[INFO ] Conversion to Prediction Done. Time: 0.0003178119659423828 seconds[0m
depth: 1994/2000 frame=1993
[97m[INFO ] Processed Images Done taking 0.006549835205078125 seconds. Shape:  torch.Size([1, 3, 518, 518])[0m
[97m[INFO ] Model Forward Pass Done. Time: 0.04248046875 seconds[0m
[97m[INFO ] Conversion to Prediction Done. Time: 0.0003528594970703125 seconds[0m
depth: 1995/2000 frame=1994
[97m[INFO ] Processed Images Done taking 0.006770133972167969 seconds. Shape:  torch.Size([1, 3, 518, 518])[0m
[97m[INFO ] Model Forward Pass Done. Time: 0.04056286811828613 seconds[0m
[97m[INFO ] Conversion to Prediction Done. Time: 0.0003154277801513672 seconds[0m
depth: 1996/2000 frame=1995
[97m[INFO ] Processed Images Done taking 0.007485389709472656 seconds. Shape:  torch.Size([1, 3, 518, 518])[0m
[97m[INFO ] Model Forward Pass Done. Time: 0.042371511459350586 seconds[0m
[97m[INFO ] Conversion to Prediction Done. Time: 0.0003285408020019531 seconds[0m
depth: 1997/2000 frame=1996
[97m[INFO ] Processed Images Done taking 0.007508039474487305 seconds. Shape:  torch.Size([1, 3, 518, 518])[0m
[97m[INFO ] Model Forward Pass Done. Time: 0.044661760330200195 seconds[0m
[97m[INFO ] Conversion to Prediction Done. Time: 0.00035500526428222656 seconds[0m
depth: 1998/2000 frame=1997
[97m[INFO ] Processed Images Done taking 0.006505250930786133 seconds. Shape:  torch.Size([1, 3, 518, 518])[0m
[97m[INFO ] Model Forward Pass Done. Time: 0.041739702224731445 seconds[0m
[97m[INFO ] Conversion to Prediction Done. Time: 0.00032401084899902344 seconds[0m
depth: 1999/2000 frame=1998
[97m[INFO ] Processed Images Done taking 0.0065882205963134766 seconds. Shape:  torch.Size([1, 3, 518, 518])[0m
[97m[INFO ] Model Forward Pass Done. Time: 0.04254961013793945 seconds[0m
[97m[INFO ] Conversion to Prediction Done. Time: 0.0003154277801513672 seconds[0m
depth: 2000/2000 frame=1999
/workspace/ubuntu2004_cuda12_1/projects/3dgs_relighting/PORT-GS/runs/refactored_six_scene_20261001/dependencies/surface_priors/Synthetic_GS3/Translucent/depth.pt
