running build_ext
/workspace/ubuntu2004_cuda12_1/utils/conda-envs/ssd-gs/lib/python3.10/site-packages/torch/utils/cpp_extension.py:495: UserWarning: Attempted to use ninja as the BuildExtension backend but we could not find ninja.. Falling back to using the slow distutils backend.
  warnings.warn(msg.format('we could not find ninja.'))
/workspace/ubuntu2004_cuda12_1/utils/conda-envs/ssd-gs/lib/python3.10/site-packages/torch/utils/cpp_extension.py:424: UserWarning: There are no g++ version bounds defined for CUDA version 12.1
  warnings.warn(f'There are no {compiler_name} version bounds defined for CUDA version {cuda_str_version}')
building 'diff_gaussian_rasterization._C' extension
creating build
creating build/temp.linux-x86_64-cpython-310
creating build/temp.linux-x86_64-cpython-310/cuda_rasterizer
/usr/local/cuda-12.1/bin/nvcc -I/workspace/ubuntu2004_cuda12_1/utils/conda-envs/ssd-gs/lib/python3.10/site-packages/torch/include -I/workspace/ubuntu2004_cuda12_1/utils/conda-envs/ssd-gs/lib/python3.10/site-packages/torch/include/torch/csrc/api/include -I/workspace/ubuntu2004_cuda12_1/utils/conda-envs/ssd-gs/lib/python3.10/site-packages/torch/include/TH -I/workspace/ubuntu2004_cuda12_1/utils/conda-envs/ssd-gs/lib/python3.10/site-packages/torch/include/THC -I/usr/local/cuda-12.1/include -I/workspace/ubuntu2004_cuda12_1/utils/conda-envs/ssd-gs/include/python3.10 -c cuda_rasterizer/backward.cu -o build/temp.linux-x86_64-cpython-310/cuda_rasterizer/backward.o -D__CUDA_NO_HALF_OPERATORS__ -D__CUDA_NO_HALF_CONVERSIONS__ -D__CUDA_NO_BFLOAT16_CONVERSIONS__ -D__CUDA_NO_HALF2_OPERATORS__ --expt-relaxed-constexpr --compiler-options '-fPIC' -I/workspace/ubuntu2004_cuda12_1/projects/3dgs_relighting/PORT-GS/third_party/GaussianWrapping/submodules/diff-gaussian-rasterization/third_party/glm/ -DTORCH_API_INCLUDE_EXTENSION_H -DPYBIND11_COMPILER_TYPE=\"_gcc\" -DPYBIND11_STDLIB=\"_libstdcpp\" -DPYBIND11_BUILD_ABI=\"_cxxabi1011\" -DTORCH_EXTENSION_NAME=_C -D_GLIBCXX_USE_CXX11_ABI=0 -gencode=arch=compute_89,code=sm_89 -std=c++17
cuda_rasterizer/auxiliary.h(167): warning #177-D: variable "p_proj" was declared but never referenced
   float3 p_proj = { p_hom.x * p_w, p_hom.y * p_w, p_hom.z * p_w };
          ^

Remark: The warnings can be suppressed with "-diag-suppress <warning-number>"

cuda_rasterizer/backward.cu(711): warning #177-D: variable "w" was declared but never referenced
   float w = w_final;
         ^

cuda_rasterizer/backward.cu(787): warning #177-D: variable "last_dL_dw" was declared but never referenced
   float last_dL_dw = 0;
         ^

/usr/local/cuda-12.1/bin/nvcc -I/workspace/ubuntu2004_cuda12_1/utils/conda-envs/ssd-gs/lib/python3.10/site-packages/torch/include -I/workspace/ubuntu2004_cuda12_1/utils/conda-envs/ssd-gs/lib/python3.10/site-packages/torch/include/torch/csrc/api/include -I/workspace/ubuntu2004_cuda12_1/utils/conda-envs/ssd-gs/lib/python3.10/site-packages/torch/include/TH -I/workspace/ubuntu2004_cuda12_1/utils/conda-envs/ssd-gs/lib/python3.10/site-packages/torch/include/THC -I/usr/local/cuda-12.1/include -I/workspace/ubuntu2004_cuda12_1/utils/conda-envs/ssd-gs/include/python3.10 -c cuda_rasterizer/forward.cu -o build/temp.linux-x86_64-cpython-310/cuda_rasterizer/forward.o -D__CUDA_NO_HALF_OPERATORS__ -D__CUDA_NO_HALF_CONVERSIONS__ -D__CUDA_NO_BFLOAT16_CONVERSIONS__ -D__CUDA_NO_HALF2_OPERATORS__ --expt-relaxed-constexpr --compiler-options '-fPIC' -I/workspace/ubuntu2004_cuda12_1/projects/3dgs_relighting/PORT-GS/third_party/GaussianWrapping/submodules/diff-gaussian-rasterization/third_party/glm/ -DTORCH_API_INCLUDE_EXTENSION_H -DPYBIND11_COMPILER_TYPE=\"_gcc\" -DPYBIND11_STDLIB=\"_libstdcpp\" -DPYBIND11_BUILD_ABI=\"_cxxabi1011\" -DTORCH_EXTENSION_NAME=_C -D_GLIBCXX_USE_CXX11_ABI=0 -gencode=arch=compute_89,code=sm_89 -std=c++17
cuda_rasterizer/forward.cu(496): warning #68-D: integer conversion resulted in a change of sign
   uint32_t max_contributor = -1;
                              ^

Remark: The warnings can be suppressed with "-diag-suppress <warning-number>"

cuda_rasterizer/auxiliary.h(167): warning #177-D: variable "p_proj" was declared but never referenced
   float3 p_proj = { p_hom.x * p_w, p_hom.y * p_w, p_hom.z * p_w };
          ^

Remark: The warnings can be suppressed with "-diag-suppress <warning-number>"

cuda_rasterizer/forward.cu(496): warning #68-D: integer conversion resulted in a change of sign
   uint32_t max_contributor = -1;
                              ^

cuda_rasterizer/forward.cu(482): warning #550-D: variable "collected_id" was set but never used
   __attribute__((shared)) int collected_id[(16 * 16)];
                               ^

cuda_rasterizer/forward.cu(504): warning #177-D: variable "last_depth" was declared but never referenced
   float last_depth = 0;
         ^

cuda_rasterizer/forward.cu(505): warning #177-D: variable "last_weight" was declared but never referenced
   float last_weight = 0;
         ^

cuda_rasterizer/forward.cu(890): warning #2361-D: invalid narrowing conversion from "double" to "float"
   float2 point_image = {focal_x * p_view.x / (p_view.z + 0.0000001f) + W/2., focal_y * p_view.y / (p_view.z + 0.0000001f) + H/2.};
                         ^
          detected during instantiation of "void preprocessPointsCUDA<C>(int, int, int, const float *, const float *, const float *, const glm::vec3 *, int, int, float, float, float, float, float2 *, float *, dim3, uint32_t *, __nv_bool) [with C=3]" at line 916

cuda_rasterizer/forward.cu(890): warning #2361-D: invalid narrowing conversion from "double" to "float"
   float2 point_image = {focal_x * p_view.x / (p_view.z + 0.0000001f) + W/2., focal_y * p_view.y / (p_view.z + 0.0000001f) + H/2.};
                                                                              ^
          detected during instantiation of "void preprocessPointsCUDA<C>(int, int, int, const float *, const float *, const float *, const glm::vec3 *, int, int, float, float, float, float, float2 *, float *, dim3, uint32_t *, __nv_bool) [with C=3]" at line 916

cuda_rasterizer/forward.cu(1057): warning #177-D: variable "scale_j" was declared but never referenced
     float3 scale_j = collected_scale[j];
            ^

cuda_rasterizer/forward.cu(1296): warning #177-D: variable "scale_j" was declared but never referenced
      float3 scale_j = collected_scale[j];
             ^

cuda_rasterizer/forward.cu(988): warning #177-D: variable "depth_input" was declared but never referenced
   const float depth_input = inside ? subpixel_offset[pix_id].x : 0.0f;
               ^

cuda_rasterizer/forward.cu(1342): warning #2361-D: invalid narrowing conversion from "double" to "float"
    float3 ray_point = { (pixf.x - W/2.) / focal_x, (pixf.y - H/2.) / focal_y, 1.0 };
                         ^
          detected during instantiation of "void integrateCUDA<CHANNELS>(const uint2 *, const uint2 *, const uint32_t *, const uint32_t *, int, int, float, float, const float2 *, const float2 *, const float2 *, const float *, const float *, const float2 *, const float *, const float *, const float3 *, const float3 *, const float3 *, const float *, const float *, const float *, const float4 *, const __nv_bool *, float *, uint32_t *, const float *, float *, float *, float *, float *, float *) [with CHANNELS=3U]" at line 1409

cuda_rasterizer/forward.cu(1342): warning #2361-D: invalid narrowing conversion from "double" to "float"
    float3 ray_point = { (pixf.x - W/2.) / focal_x, (pixf.y - H/2.) / focal_y, 1.0 };
                                                    ^
          detected during instantiation of "void integrateCUDA<CHANNELS>(const uint2 *, const uint2 *, const uint32_t *, const uint32_t *, int, int, float, float, const float2 *, const float2 *, const float2 *, const float *, const float *, const float2 *, const float *, const float *, const float3 *, const float3 *, const float3 *, const float *, const float *, const float *, const float4 *, const __nv_bool *, float *, uint32_t *, const float *, float *, float *, float *, float *, float *) [with CHANNELS=3U]" at line 1409

/usr/local/cuda-12.1/bin/nvcc -I/workspace/ubuntu2004_cuda12_1/utils/conda-envs/ssd-gs/lib/python3.10/site-packages/torch/include -I/workspace/ubuntu2004_cuda12_1/utils/conda-envs/ssd-gs/lib/python3.10/site-packages/torch/include/torch/csrc/api/include -I/workspace/ubuntu2004_cuda12_1/utils/conda-envs/ssd-gs/lib/python3.10/site-packages/torch/include/TH -I/workspace/ubuntu2004_cuda12_1/utils/conda-envs/ssd-gs/lib/python3.10/site-packages/torch/include/THC -I/usr/local/cuda-12.1/include -I/workspace/ubuntu2004_cuda12_1/utils/conda-envs/ssd-gs/include/python3.10 -c cuda_rasterizer/rasterizer_impl.cu -o build/temp.linux-x86_64-cpython-310/cuda_rasterizer/rasterizer_impl.o -D__CUDA_NO_HALF_OPERATORS__ -D__CUDA_NO_HALF_CONVERSIONS__ -D__CUDA_NO_BFLOAT16_CONVERSIONS__ -D__CUDA_NO_HALF2_OPERATORS__ --expt-relaxed-constexpr --compiler-options '-fPIC' -I/workspace/ubuntu2004_cuda12_1/projects/3dgs_relighting/PORT-GS/third_party/GaussianWrapping/submodules/diff-gaussian-rasterization/third_party/glm/ -DTORCH_API_INCLUDE_EXTENSION_H -DPYBIND11_COMPILER_TYPE=\"_gcc\" -DPYBIND11_STDLIB=\"_libstdcpp\" -DPYBIND11_BUILD_ABI=\"_cxxabi1011\" -DTORCH_EXTENSION_NAME=_C -D_GLIBCXX_USE_CXX11_ABI=0 -gencode=arch=compute_89,code=sm_89 -std=c++17
cuda_rasterizer/auxiliary.h(167): warning #177-D: variable "p_proj" was declared but never referenced
   float3 p_proj = { p_hom.x * p_w, p_hom.y * p_w, p_hom.z * p_w };
          ^

Remark: The warnings can be suppressed with "-diag-suppress <warning-number>"

gcc -pthread -B /workspace/ubuntu2004_cuda12_1/utils/conda-envs/ssd-gs/compiler_compat -Wno-unused-result -Wsign-compare -DNDEBUG -fwrapv -O2 -Wall -fPIC -O2 -isystem /workspace/ubuntu2004_cuda12_1/utils/conda-envs/ssd-gs/include -fPIC -O2 -isystem /workspace/ubuntu2004_cuda12_1/utils/conda-envs/ssd-gs/include -fPIC -I/workspace/ubuntu2004_cuda12_1/utils/conda-envs/ssd-gs/lib/python3.10/site-packages/torch/include -I/workspace/ubuntu2004_cuda12_1/utils/conda-envs/ssd-gs/lib/python3.10/site-packages/torch/include/torch/csrc/api/include -I/workspace/ubuntu2004_cuda12_1/utils/conda-envs/ssd-gs/lib/python3.10/site-packages/torch/include/TH -I/workspace/ubuntu2004_cuda12_1/utils/conda-envs/ssd-gs/lib/python3.10/site-packages/torch/include/THC -I/usr/local/cuda-12.1/include -I/workspace/ubuntu2004_cuda12_1/utils/conda-envs/ssd-gs/include/python3.10 -c ext.cpp -o build/temp.linux-x86_64-cpython-310/ext.o -DTORCH_API_INCLUDE_EXTENSION_H -DPYBIND11_COMPILER_TYPE=\"_gcc\" -DPYBIND11_STDLIB=\"_libstdcpp\" -DPYBIND11_BUILD_ABI=\"_cxxabi1011\" -DTORCH_EXTENSION_NAME=_C -D_GLIBCXX_USE_CXX11_ABI=0 -std=c++17
/usr/local/cuda-12.1/bin/nvcc -I/workspace/ubuntu2004_cuda12_1/utils/conda-envs/ssd-gs/lib/python3.10/site-packages/torch/include -I/workspace/ubuntu2004_cuda12_1/utils/conda-envs/ssd-gs/lib/python3.10/site-packages/torch/include/torch/csrc/api/include -I/workspace/ubuntu2004_cuda12_1/utils/conda-envs/ssd-gs/lib/python3.10/site-packages/torch/include/TH -I/workspace/ubuntu2004_cuda12_1/utils/conda-envs/ssd-gs/lib/python3.10/site-packages/torch/include/THC -I/usr/local/cuda-12.1/include -I/workspace/ubuntu2004_cuda12_1/utils/conda-envs/ssd-gs/include/python3.10 -c rasterize_points.cu -o build/temp.linux-x86_64-cpython-310/rasterize_points.o -D__CUDA_NO_HALF_OPERATORS__ -D__CUDA_NO_HALF_CONVERSIONS__ -D__CUDA_NO_BFLOAT16_CONVERSIONS__ -D__CUDA_NO_HALF2_OPERATORS__ --expt-relaxed-constexpr --compiler-options '-fPIC' -I/workspace/ubuntu2004_cuda12_1/projects/3dgs_relighting/PORT-GS/third_party/GaussianWrapping/submodules/diff-gaussian-rasterization/third_party/glm/ -DTORCH_API_INCLUDE_EXTENSION_H -DPYBIND11_COMPILER_TYPE=\"_gcc\" -DPYBIND11_STDLIB=\"_libstdcpp\" -DPYBIND11_BUILD_ABI=\"_cxxabi1011\" -DTORCH_EXTENSION_NAME=_C -D_GLIBCXX_USE_CXX11_ABI=0 -gencode=arch=compute_89,code=sm_89 -std=c++17
rasterize_points.cu: In function ‘std::tuple<int, at::Tensor, at::Tensor, at::Tensor, at::Tensor, at::Tensor, at::Tensor, at::Tensor, at::Tensor, at::Tensor, at::Tensor, at::Tensor> RasterizeGaussiansCUDA(const at::Tensor&, const at::Tensor&, const at::Tensor&, const at::Tensor&, const at::Tensor&, const at::Tensor&, float, const at::Tensor&, const at::Tensor&, const at::Tensor&, float, float, float, int, int, const at::Tensor&, int, const at::Tensor&, bool, bool, bool, bool)’:
rasterize_points.cu:98:134: warning: ‘T* at::Tensor::data() const [with T = float]’ is deprecated: Tensor.data<T>() is deprecated. Please use Tensor.data_ptr<T>() instead. [-Wdeprecated-declarations]
   98 |    rendered = CudaRasterizer::Rasterizer::forward(
      |                                                                                                                                      ^
/workspace/ubuntu2004_cuda12_1/utils/conda-envs/ssd-gs/lib/python3.10/site-packages/torch/include/ATen/core/TensorBody.h:247:1: note: declared here
  247 |   T * data() const {
      | ^ ~~
rasterize_points.cu:98:180: warning: ‘T* at::Tensor::data() const [with T = float]’ is deprecated: Tensor.data<T>() is deprecated. Please use Tensor.data_ptr<T>() instead. [-Wdeprecated-declarations]
   98 |    rendered = CudaRasterizer::Rasterizer::forward(
      |                                                                                                                                                                                    ^
/workspace/ubuntu2004_cuda12_1/utils/conda-envs/ssd-gs/lib/python3.10/site-packages/torch/include/ATen/core/TensorBody.h:247:1: note: declared here
  247 |   T * data() const {
      | ^ ~~
rasterize_points.cu:98:258: warning: ‘T* at::Tensor::data() const [with T = float]’ is deprecated: Tensor.data<T>() is deprecated. Please use Tensor.data_ptr<T>() instead. [-Wdeprecated-declarations]
   98 |    rendered = CudaRasterizer::Rasterizer::forward(
      |                                                                                                                                                                                                                                                                  ^
/workspace/ubuntu2004_cuda12_1/utils/conda-envs/ssd-gs/lib/python3.10/site-packages/torch/include/ATen/core/TensorBody.h:247:1: note: declared here
  247 |   T * data() const {
      | ^ ~~
rasterize_points.cu:98:298: warning: ‘T* at::Tensor::data() const [with T = float]’ is deprecated: Tensor.data<T>() is deprecated. Please use Tensor.data_ptr<T>() instead. [-Wdeprecated-declarations]
   98 |    rendered = CudaRasterizer::Rasterizer::forward(
      |                                                                                                                                                                                                                                                                                                          ^
/workspace/ubuntu2004_cuda12_1/utils/conda-envs/ssd-gs/lib/python3.10/site-packages/torch/include/ATen/core/TensorBody.h:247:1: note: declared here
  247 |   T * data() const {
      | ^ ~~
rasterize_points.cu:98:449: warning: ‘T* at::Tensor::data() const [with T = float]’ is deprecated: Tensor.data<T>() is deprecated. Please use Tensor.data_ptr<T>() instead. [-Wdeprecated-declarations]
   98 |    rendered = CudaRasterizer::Rasterizer::forward(
      |                                                                                                                                                                                                                                                                                                                                                                                                                                                                 ^
/workspace/ubuntu2004_cuda12_1/utils/conda-envs/ssd-gs/lib/python3.10/site-packages/torch/include/ATen/core/TensorBody.h:247:1: note: declared here
  247 |   T * data() const {
      | ^ ~~
rasterize_points.cu:98:492: warning: ‘T* at::Tensor::data() const [with T = float]’ is deprecated: Tensor.data<T>() is deprecated. Please use Tensor.data_ptr<T>() instead. [-Wdeprecated-declarations]
   98 |    rendered = CudaRasterizer::Rasterizer::forward(
      |                                                                                                                                                                                                                                                                                                                                                                                                                                                                                                            ^
/workspace/ubuntu2004_cuda12_1/utils/conda-envs/ssd-gs/lib/python3.10/site-packages/torch/include/ATen/core/TensorBody.h:247:1: note: declared here
  247 |   T * data() const {
      | ^ ~~
rasterize_points.cu:98:535: warning: ‘T* at::Tensor::data() const [with T = float]’ is deprecated: Tensor.data<T>() is deprecated. Please use Tensor.data_ptr<T>() instead. [-Wdeprecated-declarations]
   98 |    rendered = CudaRasterizer::Rasterizer::forward(
      |                                                                                                                                                                                                                                                                                                                                                                                                                                                                                                                                                       ^
/workspace/ubuntu2004_cuda12_1/utils/conda-envs/ssd-gs/lib/python3.10/site-packages/torch/include/ATen/core/TensorBody.h:247:1: note: declared here
  247 |   T * data() const {
      | ^ ~~
rasterize_points.cu:98:574: warning: ‘T* at::Tensor::data() const [with T = float]’ is deprecated: Tensor.data<T>() is deprecated. Please use Tensor.data_ptr<T>() instead. [-Wdeprecated-declarations]
   98 |    rendered = CudaRasterizer::Rasterizer::forward(
      |                                                                                                                                                                                                                                                                                                                                                                                                                                                                                                                                                                                              ^
/workspace/ubuntu2004_cuda12_1/utils/conda-envs/ssd-gs/lib/python3.10/site-packages/torch/include/ATen/core/TensorBody.h:247:1: note: declared here
  247 |   T * data() const {
      | ^ ~~
rasterize_points.cu:98:662: warning: ‘T* at::Tensor::data() const [with T = float]’ is deprecated: Tensor.data<T>() is deprecated. Please use Tensor.data_ptr<T>() instead. [-Wdeprecated-declarations]
   98 |    rendered = CudaRasterizer::Rasterizer::forward(
      |                                                                                                                                                                                                                                                                                                                                                                                                                                                                                                                                                                                                                                                                                      ^
/workspace/ubuntu2004_cuda12_1/utils/conda-envs/ssd-gs/lib/python3.10/site-packages/torch/include/ATen/core/TensorBody.h:247:1: note: declared here
  247 |   T * data() const {
      | ^ ~~
rasterize_points.cu:98:704: warning: ‘T* at::Tensor::data() const [with T = float]’ is deprecated: Tensor.data<T>() is deprecated. Please use Tensor.data_ptr<T>() instead. [-Wdeprecated-declarations]
   98 |    rendered = CudaRasterizer::Rasterizer::forward(
      |                                                                                                                                                                                                                                                                                                                                                                                                                                                                                                                                                                                                                                                                                                                                ^
/workspace/ubuntu2004_cuda12_1/utils/conda-envs/ssd-gs/lib/python3.10/site-packages/torch/include/ATen/core/TensorBody.h:247:1: note: declared here
  247 |   T * data() const {
      | ^ ~~
rasterize_points.cu:98:747: warning: ‘T* at::Tensor::data() const [with T = float]’ is deprecated: Tensor.data<T>() is deprecated. Please use Tensor.data_ptr<T>() instead. [-Wdeprecated-declarations]
   98 |    rendered = CudaRasterizer::Rasterizer::forward(
      |                                                                                                                                                                                                                                                                                                                                                                                                                                                                                                                                                                                                                                                                                                                                                                           ^
/workspace/ubuntu2004_cuda12_1/utils/conda-envs/ssd-gs/lib/python3.10/site-packages/torch/include/ATen/core/TensorBody.h:247:1: note: declared here
  247 |   T * data() const {
      | ^ ~~
rasterize_points.cu:98:789: warning: ‘T* at::Tensor::data() const [with T = float]’ is deprecated: Tensor.data<T>() is deprecated. Please use Tensor.data_ptr<T>() instead. [-Wdeprecated-declarations]
   98 |    rendered = CudaRasterizer::Rasterizer::forward(
      |                                                                                                                                                                                                                                                                                                                                                                                                                                                                                                                                                                                                                                                                                                                                                                                                                     ^
/workspace/ubuntu2004_cuda12_1/utils/conda-envs/ssd-gs/lib/python3.10/site-packages/torch/include/ATen/core/TensorBody.h:247:1: note: declared here
  247 |   T * data() const {
      | ^ ~~
rasterize_points.cu:98:832: warning: ‘T* at::Tensor::data() const [with T = float]’ is deprecated: Tensor.data<T>() is deprecated. Please use Tensor.data_ptr<T>() instead. [-Wdeprecated-declarations]
   98 |    rendered = CudaRasterizer::Rasterizer::forward(
      |                                                                                                                                                                                                                                                                                                                                                                                                                                                                                                                                                                                                                                                                                                                                                                                                                                                                ^
/workspace/ubuntu2004_cuda12_1/utils/conda-envs/ssd-gs/lib/python3.10/site-packages/torch/include/ATen/core/TensorBody.h:247:1: note: declared here
  247 |   T * data() const {
      | ^ ~~
rasterize_points.cu:98:874: warning: ‘T* at::Tensor::data() const [with T = float]’ is deprecated: Tensor.data<T>() is deprecated. Please use Tensor.data_ptr<T>() instead. [-Wdeprecated-declarations]
   98 |    rendered = CudaRasterizer::Rasterizer::forward(
      |                                                                                                                                                                                                                                                                                                                                                                                                                                                                                                                                                                                                                                                                                                                                                                                                                                                                                                          ^
/workspace/ubuntu2004_cuda12_1/utils/conda-envs/ssd-gs/lib/python3.10/site-packages/torch/include/ATen/core/TensorBody.h:247:1: note: declared here
  247 |   T * data() const {
      | ^ ~~
rasterize_points.cu:98:917: warning: ‘T* at::Tensor::data() const [with T = float]’ is deprecated: Tensor.data<T>() is deprecated. Please use Tensor.data_ptr<T>() instead. [-Wdeprecated-declarations]
   98 |    rendered = CudaRasterizer::Rasterizer::forward(
      |                                                                                                                                                                                                                                                                                                                                                                                                                                                                                                                                                                                                                                                                                                                                                                                                                                                                                                                                                     ^
/workspace/ubuntu2004_cuda12_1/utils/conda-envs/ssd-gs/lib/python3.10/site-packages/torch/include/ATen/core/TensorBody.h:247:1: note: declared here
  247 |   T * data() const {
      | ^ ~~
rasterize_points.cu:98:953: warning: ‘T* at::Tensor::data() const [with T = int]’ is deprecated: Tensor.data<T>() is deprecated. Please use Tensor.data_ptr<T>() instead. [-Wdeprecated-declarations]
   98 |    rendered = CudaRasterizer::Rasterizer::forward(
      |                                                                                                                                                                                                                                                                                                                                                                                                                                                                                                                                                                                                                                                                                                                                                                                                                                                                                                                                                                                         ^
/workspace/ubuntu2004_cuda12_1/utils/conda-envs/ssd-gs/lib/python3.10/site-packages/torch/include/ATen/core/TensorBody.h:247:1: note: declared here
  247 |   T * data() const {
      | ^ ~~
rasterize_points.cu: In function ‘std::tuple<at::Tensor, at::Tensor, at::Tensor, at::Tensor, at::Tensor, at::Tensor, at::Tensor, at::Tensor> RasterizeGaussiansBackwardCUDA(const at::Tensor&, const at::Tensor&, const at::Tensor&, const at::Tensor&, const at::Tensor&, const at::Tensor&, float, const at::Tensor&, const at::Tensor&, const at::Tensor&, float, float, float, const at::Tensor&, const at::Tensor&, const at::Tensor&, const at::Tensor&, const at::Tensor&, const at::Tensor&, const at::Tensor&, const at::Tensor&, const at::Tensor&, int, const at::Tensor&, const at::Tensor&, int, const at::Tensor&, const at::Tensor&, const at::Tensor&, bool, bool, bool)’:
rasterize_points.cu:197:95: warning: ‘T* at::Tensor::data() const [with T = float]’ is deprecated: Tensor.data<T>() is deprecated. Please use Tensor.data_ptr<T>() instead. [-Wdeprecated-declarations]
  197 |    CudaRasterizer::Rasterizer::backward(P, degree, M, R,
      |                                                                                               ^
/workspace/ubuntu2004_cuda12_1/utils/conda-envs/ssd-gs/lib/python3.10/site-packages/torch/include/ATen/core/TensorBody.h:247:1: note: declared here
  247 |   T * data() const {
      | ^ ~~
rasterize_points.cu:197:141: warning: ‘T* at::Tensor::data() const [with T = float]’ is deprecated: Tensor.data<T>() is deprecated. Please use Tensor.data_ptr<T>() instead. [-Wdeprecated-declarations]
  197 |    CudaRasterizer::Rasterizer::backward(P, degree, M, R,
      |                                                                                                                                             ^
/workspace/ubuntu2004_cuda12_1/utils/conda-envs/ssd-gs/lib/python3.10/site-packages/torch/include/ATen/core/TensorBody.h:247:1: note: declared here
  247 |   T * data() const {
      | ^ ~~
rasterize_points.cu:197:176: warning: ‘T* at::Tensor::data() const [with T = float]’ is deprecated: Tensor.data<T>() is deprecated. Please use Tensor.data_ptr<T>() instead. [-Wdeprecated-declarations]
  197 |    CudaRasterizer::Rasterizer::backward(P, degree, M, R,
      |                                                                                                                                                                                ^
/workspace/ubuntu2004_cuda12_1/utils/conda-envs/ssd-gs/lib/python3.10/site-packages/torch/include/ATen/core/TensorBody.h:247:1: note: declared here
  247 |   T * data() const {
      | ^ ~~
rasterize_points.cu:197:215: warning: ‘T* at::Tensor::data() const [with T = float]’ is deprecated: Tensor.data<T>() is deprecated. Please use Tensor.data_ptr<T>() instead. [-Wdeprecated-declarations]
  197 |    CudaRasterizer::Rasterizer::backward(P, degree, M, R,
      |                                                                                                                                                                                                                       ^
/workspace/ubuntu2004_cuda12_1/utils/conda-envs/ssd-gs/lib/python3.10/site-packages/torch/include/ATen/core/TensorBody.h:247:1: note: declared here
  247 |   T * data() const {
      | ^ ~~
rasterize_points.cu:197:254: warning: ‘T* at::Tensor::data() const [with T = float]’ is deprecated: Tensor.data<T>() is deprecated. Please use Tensor.data_ptr<T>() instead. [-Wdeprecated-declarations]
  197 |    CudaRasterizer::Rasterizer::backward(P, degree, M, R,
      |                                                                                                                                                                                                                                                              ^
/workspace/ubuntu2004_cuda12_1/utils/conda-envs/ssd-gs/lib/python3.10/site-packages/torch/include/ATen/core/TensorBody.h:247:1: note: declared here
  247 |   T * data() const {
      | ^ ~~
rasterize_points.cu:197:375: warning: ‘T* at::Tensor::data() const [with T = float]’ is deprecated: Tensor.data<T>() is deprecated. Please use Tensor.data_ptr<T>() instead. [-Wdeprecated-declarations]
  197 |    CudaRasterizer::Rasterizer::backward(P, degree, M, R,
      |                                                                                                                                                                                                                                                                                                                                                                                       ^
/workspace/ubuntu2004_cuda12_1/utils/conda-envs/ssd-gs/lib/python3.10/site-packages/torch/include/ATen/core/TensorBody.h:247:1: note: declared here
  247 |   T * data() const {
      | ^ ~~
rasterize_points.cu:197:418: warning: ‘T* at::Tensor::data() const [with T = float]’ is deprecated: Tensor.data<T>() is deprecated. Please use Tensor.data_ptr<T>() instead. [-Wdeprecated-declarations]
  197 |    CudaRasterizer::Rasterizer::backward(P, degree, M, R,
      |                                                                                                                                                                                                                                                                                                                                                                                                                                  ^
/workspace/ubuntu2004_cuda12_1/utils/conda-envs/ssd-gs/lib/python3.10/site-packages/torch/include/ATen/core/TensorBody.h:247:1: note: declared here
  247 |   T * data() const {
      | ^ ~~
rasterize_points.cu:197:461: warning: ‘T* at::Tensor::data() const [with T = float]’ is deprecated: Tensor.data<T>() is deprecated. Please use Tensor.data_ptr<T>() instead. [-Wdeprecated-declarations]
  197 |    CudaRasterizer::Rasterizer::backward(P, degree, M, R,
      |                                                                                                                                                                                                                                                                                                                                                                                                                                                                             ^
/workspace/ubuntu2004_cuda12_1/utils/conda-envs/ssd-gs/lib/python3.10/site-packages/torch/include/ATen/core/TensorBody.h:247:1: note: declared here
  247 |   T * data() const {
      | ^ ~~
rasterize_points.cu:197:500: warning: ‘T* at::Tensor::data() const [with T = float]’ is deprecated: Tensor.data<T>() is deprecated. Please use Tensor.data_ptr<T>() instead. [-Wdeprecated-declarations]
  197 |    CudaRasterizer::Rasterizer::backward(P, degree, M, R,
      |                                                                                                                                                                                                                                                                                                                                                                                                                                                                                                                    ^
/workspace/ubuntu2004_cuda12_1/utils/conda-envs/ssd-gs/lib/python3.10/site-packages/torch/include/ATen/core/TensorBody.h:247:1: note: declared here
  247 |   T * data() const {
      | ^ ~~
rasterize_points.cu:197:569: warning: ‘T* at::Tensor::data() const [with T = int]’ is deprecated: Tensor.data<T>() is deprecated. Please use Tensor.data_ptr<T>() instead. [-Wdeprecated-declarations]
  197 |    CudaRasterizer::Rasterizer::backward(P, degree, M, R,
      |                                                                                                                                                                                                                                                                                                                                                                                                                                                                                                                                                                                         ^
/workspace/ubuntu2004_cuda12_1/utils/conda-envs/ssd-gs/lib/python3.10/site-packages/torch/include/ATen/core/TensorBody.h:247:1: note: declared here
  247 |   T * data() const {
      | ^ ~~
rasterize_points.cu:197:611: warning: ‘T* at::Tensor::data() const [with T = float]’ is deprecated: Tensor.data<T>() is deprecated. Please use Tensor.data_ptr<T>() instead. [-Wdeprecated-declarations]
  197 |    CudaRasterizer::Rasterizer::backward(P, degree, M, R,
      |                                                                                                                                                                                                                                                                                                                                                                                                                                                                                                                                                                                                                                   ^
/workspace/ubuntu2004_cuda12_1/utils/conda-envs/ssd-gs/lib/python3.10/site-packages/torch/include/ATen/core/TensorBody.h:247:1: note: declared here
  247 |   T * data() const {
      | ^ ~~
rasterize_points.cu:197:856: warning: ‘T* at::Tensor::data() const [with T = float]’ is deprecated: Tensor.data<T>() is deprecated. Please use Tensor.data_ptr<T>() instead. [-Wdeprecated-declarations]
  197 |    CudaRasterizer::Rasterizer::backward(P, degree, M, R,
      |                                                                                                                                                                                                                                                                                                                                                                                                                                                                                                                                                                                                                                                                                                                                                                                                                                                                                        ^
/workspace/ubuntu2004_cuda12_1/utils/conda-envs/ssd-gs/lib/python3.10/site-packages/torch/include/ATen/core/TensorBody.h:247:1: note: declared here
  247 |   T * data() const {
      | ^ ~~
rasterize_points.cu:197:902: warning: ‘T* at::Tensor::data() const [with T = float]’ is deprecated: Tensor.data<T>() is deprecated. Please use Tensor.data_ptr<T>() instead. [-Wdeprecated-declarations]
  197 |    CudaRasterizer::Rasterizer::backward(P, degree, M, R,
      |                                                                                                                                                                                                                                                                                                                                                                                                                                                                                                                                                                                                                                                                                                                                                                                                                                                                                                                                      ^
/workspace/ubuntu2004_cuda12_1/utils/conda-envs/ssd-gs/lib/python3.10/site-packages/torch/include/ATen/core/TensorBody.h:247:1: note: declared here
  247 |   T * data() const {
      | ^ ~~
rasterize_points.cu:197:949: warning: ‘T* at::Tensor::data() const [with T = float]’ is deprecated: Tensor.data<T>() is deprecated. Please use Tensor.data_ptr<T>() instead. [-Wdeprecated-declarations]
  197 |    CudaRasterizer::Rasterizer::backward(P, degree, M, R,
      |                                                                                                                                                                                                                                                                                                                                                                                                                                                                                                                                                                                                                                                                                                                                                                                                                                                                                                                                                                                     ^
/workspace/ubuntu2004_cuda12_1/utils/conda-envs/ssd-gs/lib/python3.10/site-packages/torch/include/ATen/core/TensorBody.h:247:1: note: declared here
  247 |   T * data() const {
      | ^ ~~
rasterize_points.cu:197:995: warning: ‘T* at::Tensor::data() const [with T = float]’ is deprecated: Tensor.data<T>() is deprecated. Please use Tensor.data_ptr<T>() instead. [-Wdeprecated-declarations]
  197 |    CudaRasterizer::Rasterizer::backward(P, degree, M, R,
      |                                                                                                                                                                                                                                                                                                                                                                                                                                                                                                                                                                                                                                                                                                                                                                                                                                                                                                                                                                                                                                   ^
/workspace/ubuntu2004_cuda12_1/utils/conda-envs/ssd-gs/lib/python3.10/site-packages/torch/include/ATen/core/TensorBody.h:247:1: note: declared here
  247 |   T * data() const {
      | ^ ~~
rasterize_points.cu:197:1042: warning: ‘T* at::Tensor::data() const [with T = float]’ is deprecated: Tensor.data<T>() is deprecated. Please use Tensor.data_ptr<T>() instead. [-Wdeprecated-declarations]
  197 |    CudaRasterizer::Rasterizer::backward(P, degree, M, R,
      |                                                                                                                                                                                                                                                                                                                                                                                                                                                                                                                                                                                                                                                                                                                                                                                                                                                                                                                                                                                                                                                                                  ^
/workspace/ubuntu2004_cuda12_1/utils/conda-envs/ssd-gs/lib/python3.10/site-packages/torch/include/ATen/core/TensorBody.h:247:1: note: declared here
  247 |   T * data() const {
      | ^ ~~
rasterize_points.cu:197:1088: warning: ‘T* at::Tensor::data() const [with T = float]’ is deprecated: Tensor.data<T>() is deprecated. Please use Tensor.data_ptr<T>() instead. [-Wdeprecated-declarations]
  197 |    CudaRasterizer::Rasterizer::backward(P, degree, M, R,
      |                                                                                                                                                                                                                                                                                                                                                                                                                                                                                                                                                                                                                                                                                                                                                                                                                                                                                                                                                                                                                                                                                                                                ^
/workspace/ubuntu2004_cuda12_1/utils/conda-envs/ssd-gs/lib/python3.10/site-packages/torch/include/ATen/core/TensorBody.h:247:1: note: declared here
  247 |   T * data() const {
      | ^ ~~
rasterize_points.cu:197:1135: warning: ‘T* at::Tensor::data() const [with T = float]’ is deprecated: Tensor.data<T>() is deprecated. Please use Tensor.data_ptr<T>() instead. [-Wdeprecated-declarations]
  197 |    CudaRasterizer::Rasterizer::backward(P, degree, M, R,
      |                                                                                                                                                                                                                                                                                                                                                                                                                                                                                                                                                                                                                                                                                                                                                                                                                                                                                                                                                                                                                                                                                                                                                                               ^
/workspace/ubuntu2004_cuda12_1/utils/conda-envs/ssd-gs/lib/python3.10/site-packages/torch/include/ATen/core/TensorBody.h:247:1: note: declared here
  247 |   T * data() const {
      | ^ ~~
rasterize_points.cu:197:1179: warning: ‘T* at::Tensor::data() const [with T = float]’ is deprecated: Tensor.data<T>() is deprecated. Please use Tensor.data_ptr<T>() instead. [-Wdeprecated-declarations]
  197 |    CudaRasterizer::Rasterizer::backward(P, degree, M, R,
      |                                                                                                                                                                                                                                                                                                                                                                                                                                                                                                                                                                                                                                                                                                                                                                                                                                                                                                                                                                                                                                                                                                                                                                                                                           ^
/workspace/ubuntu2004_cuda12_1/utils/conda-envs/ssd-gs/lib/python3.10/site-packages/torch/include/ATen/core/TensorBody.h:247:1: note: declared here
  247 |   T * data() const {
      | ^ ~~
rasterize_points.cu:197:1227: warning: ‘T* at::Tensor::data() const [with T = float]’ is deprecated: Tensor.data<T>() is deprecated. Please use Tensor.data_ptr<T>() instead. [-Wdeprecated-declarations]
  197 |    CudaRasterizer::Rasterizer::backward(P, degree, M, R,
      |                                                                                                                                                                                                                                                                                                                                                                                                                                                                                                                                                                                                                                                                                                                                                                                                                                                                                                                                                                                                                                                                                                                                                                                                                                                                           ^
/workspace/ubuntu2004_cuda12_1/utils/conda-envs/ssd-gs/lib/python3.10/site-packages/torch/include/ATen/core/TensorBody.h:247:1: note: declared here
  247 |   T * data() const {
      | ^ ~~
rasterize_points.cu:197:1269: warning: ‘T* at::Tensor::data() const [with T = float]’ is deprecated: Tensor.data<T>() is deprecated. Please use Tensor.data_ptr<T>() instead. [-Wdeprecated-declarations]
  197 |    CudaRasterizer::Rasterizer::backward(P, degree, M, R,
      |                                                                                                                                                                                                                                                                                                                                                                                                                                                                                                                                                                                                                                                                                                                                                                                                                                                                                                                                                                                                                                                                                                                                                                                                                                                                                                                     ^
/workspace/ubuntu2004_cuda12_1/utils/conda-envs/ssd-gs/lib/python3.10/site-packages/torch/include/ATen/core/TensorBody.h:247:1: note: declared here
  247 |   T * data() const {
      | ^ ~~
rasterize_points.cu:197:1313: warning: ‘T* at::Tensor::data() const [with T = float]’ is deprecated: Tensor.data<T>() is deprecated. Please use Tensor.data_ptr<T>() instead. [-Wdeprecated-declarations]
  197 |    CudaRasterizer::Rasterizer::backward(P, degree, M, R,
      |                                                                                                                                                                                                                                                                                                                                                                                                                                                                                                                                                                                                                                                                                                                                                                                                                                                                                                                                                                                                                                                                                                                                                                                                                                                                                                                                                                 ^
/workspace/ubuntu2004_cuda12_1/utils/conda-envs/ssd-gs/lib/python3.10/site-packages/torch/include/ATen/core/TensorBody.h:247:1: note: declared here
  247 |   T * data() const {
      | ^ ~~
rasterize_points.cu:197:1356: warning: ‘T* at::Tensor::data() const [with T = float]’ is deprecated: Tensor.data<T>() is deprecated. Please use Tensor.data_ptr<T>() instead. [-Wdeprecated-declarations]
  197 |    CudaRasterizer::Rasterizer::backward(P, degree, M, R,
      |                                                                                                                                                                                                                                                                                                                                                                                                                                                                                                                                                                                                                                                                                                                                                                                                                                                                                                                                                                                                                                                                                                                                                                                                                                                                                                                                                                                                            ^
/workspace/ubuntu2004_cuda12_1/utils/conda-envs/ssd-gs/lib/python3.10/site-packages/torch/include/ATen/core/TensorBody.h:247:1: note: declared here
  247 |   T * data() const {
      | ^ ~~
rasterize_points.cu:197:1395: warning: ‘T* at::Tensor::data() const [with T = float]’ is deprecated: Tensor.data<T>() is deprecated. Please use Tensor.data_ptr<T>() instead. [-Wdeprecated-declarations]
  197 |    CudaRasterizer::Rasterizer::backward(P, degree, M, R,
      |                                                                                                                                                                                                                                                                                                                                                                                                                                                                                                                                                                                                                                                                                                                                                                                                                                                                                                                                                                                                                                                                                                                                                                                                                                                                                                                                                                                                                                                   ^
/workspace/ubuntu2004_cuda12_1/utils/conda-envs/ssd-gs/lib/python3.10/site-packages/torch/include/ATen/core/TensorBody.h:247:1: note: declared here
  247 |   T * data() const {
      | ^ ~~
rasterize_points.cu:197:1445: warning: ‘T* at::Tensor::data() const [with T = float]’ is deprecated: Tensor.data<T>() is deprecated. Please use Tensor.data_ptr<T>() instead. [-Wdeprecated-declarations]
  197 |    CudaRasterizer::Rasterizer::backward(P, degree, M, R,
      |                                                                                                                                                                                                                                                                                                                                                                                                                                                                                                                                                                                                                                                                                                                                                                                                                                                                                                                                                                                                                                                                                                                                                                                                                                                                                                                                                                                                                                                                                                     ^
/workspace/ubuntu2004_cuda12_1/utils/conda-envs/ssd-gs/lib/python3.10/site-packages/torch/include/ATen/core/TensorBody.h:247:1: note: declared here
  247 |   T * data() const {
      | ^ ~~
rasterize_points.cu:197:1492: warning: ‘T* at::Tensor::data() const [with T = float]’ is deprecated: Tensor.data<T>() is deprecated. Please use Tensor.data_ptr<T>() instead. [-Wdeprecated-declarations]
  197 |    CudaRasterizer::Rasterizer::backward(P, degree, M, R,
      |                                                                                                                                                                                                                                                                                                                                                                                                                                                                                                                                                                                                                                                                                                                                                                                                                                                                                                                                                                                                                                                                                                                                                                                                                                                                                                                                                                                                                                                                                                                                                    ^
/workspace/ubuntu2004_cuda12_1/utils/conda-envs/ssd-gs/lib/python3.10/site-packages/torch/include/ATen/core/TensorBody.h:247:1: note: declared here
  247 |   T * data() const {
      | ^ ~~
rasterize_points.cu:197:1536: warning: ‘T* at::Tensor::data() const [with T = float]’ is deprecated: Tensor.data<T>() is deprecated. Please use Tensor.data_ptr<T>() instead. [-Wdeprecated-declarations]
  197 |    CudaRasterizer::Rasterizer::backward(P, degree, M, R,
      |                                                                                                                                                                                                                                                                                                                                                                                                                                                                                                                                                                                                                                                                                                                                                                                                                                                                                                                                                                                                                                                                                                                                                                                                                                                                                                                                                                                                                                                                                                                                                                                                ^
/workspace/ubuntu2004_cuda12_1/utils/conda-envs/ssd-gs/lib/python3.10/site-packages/torch/include/ATen/core/TensorBody.h:247:1: note: declared here
  247 |   T * data() const {
      | ^ ~~
rasterize_points.cu:197:1580: warning: ‘T* at::Tensor::data() const [with T = float]’ is deprecated: Tensor.data<T>() is deprecated. Please use Tensor.data_ptr<T>() instead. [-Wdeprecated-declarations]
  197 |    CudaRasterizer::Rasterizer::backward(P, degree, M, R,
      |                                                                                                                                                                                                                                                                                                                                                                                                                                                                                                                                                                                                                                                                                                                                                                                                                                                                                                                                                                                                                                                                                                                                                                                                                                                                                                                                                                                                                                                                                                                                                                                                                                            ^
/workspace/ubuntu2004_cuda12_1/utils/conda-envs/ssd-gs/lib/python3.10/site-packages/torch/include/ATen/core/TensorBody.h:247:1: note: declared here
  247 |   T * data() const {
      | ^ ~~
rasterize_points.cu:197:1622: warning: ‘T* at::Tensor::data() const [with T = float]’ is deprecated: Tensor.data<T>() is deprecated. Please use Tensor.data_ptr<T>() instead. [-Wdeprecated-declarations]
  197 |    CudaRasterizer::Rasterizer::backward(P, degree, M, R,
      |                                                                                                                                                                                                                                                                                                                                                                                                                                                                                                                                                                                                                                                                                                                                                                                                                                                                                                                                                                                                                                                                                                                                                                                                                                                                                                                                                                                                                                                                                                                                                                                                                                                                                      ^
/workspace/ubuntu2004_cuda12_1/utils/conda-envs/ssd-gs/lib/python3.10/site-packages/torch/include/ATen/core/TensorBody.h:247:1: note: declared here
  247 |   T * data() const {
      | ^ ~~
rasterize_points.cu:197:1661: warning: ‘T* at::Tensor::data() const [with T = float]’ is deprecated: Tensor.data<T>() is deprecated. Please use Tensor.data_ptr<T>() instead. [-Wdeprecated-declarations]
  197 |    CudaRasterizer::Rasterizer::backward(P, degree, M, R,
      |                                                                                                                                                                                                                                                                                                                                                                                                                                                                                                                                                                                                                                                                                                                                                                                                                                                                                                                                                                                                                                                                                                                                                                                                                                                                                                                                                                                                                                                                                                                                                                                                                                                                                                                             ^
/workspace/ubuntu2004_cuda12_1/utils/conda-envs/ssd-gs/lib/python3.10/site-packages/torch/include/ATen/core/TensorBody.h:247:1: note: declared here
  247 |   T * data() const {
      | ^ ~~
rasterize_points.cu:197:1704: warning: ‘T* at::Tensor::data() const [with T = float]’ is deprecated: Tensor.data<T>() is deprecated. Please use Tensor.data_ptr<T>() instead. [-Wdeprecated-declarations]
  197 |    CudaRasterizer::Rasterizer::backward(P, degree, M, R,
      |                                                                                                                                                                                                                                                                                                                                                                                                                                                                                                                                                                                                                                                                                                                                                                                                                                                                                                                                                                                                                                                                                                                                                                                                                                                                                                                                                                                                                                                                                                                                                                                                                                                                                                                                                                        ^
/workspace/ubuntu2004_cuda12_1/utils/conda-envs/ssd-gs/lib/python3.10/site-packages/torch/include/ATen/core/TensorBody.h:247:1: note: declared here
  247 |   T * data() const {
      | ^ ~~
rasterize_points.cu:197:1750: warning: ‘T* at::Tensor::data() const [with T = float]’ is deprecated: Tensor.data<T>() is deprecated. Please use Tensor.data_ptr<T>() instead. [-Wdeprecated-declarations]
  197 |    CudaRasterizer::Rasterizer::backward(P, degree, M, R,
      |                                                                                                                                                                                                                                                                                                                                                                                                                                                                                                                                                                                                                                                                                                                                                                                                                                                                                                                                                                                                                                                                                                                                                                                                                                                                                                                                                                                                                                                                                                                                                                                                                                                                                                                                                                                                                      ^
/workspace/ubuntu2004_cuda12_1/utils/conda-envs/ssd-gs/lib/python3.10/site-packages/torch/include/ATen/core/TensorBody.h:247:1: note: declared here
  247 |   T * data() const {
      | ^ ~~
rasterize_points.cu: In function ‘at::Tensor markVisible(at::Tensor&, at::Tensor&, at::Tensor&)’:
rasterize_points.cu:259:81: warning: ‘T* at::Tensor::data() const [with T = float]’ is deprecated: Tensor.data<T>() is deprecated. Please use Tensor.data_ptr<T>() instead. [-Wdeprecated-declarations]
  259 |  CudaRasterizer::Rasterizer::markVisible(P,
      |                                                                                 ^
/workspace/ubuntu2004_cuda12_1/utils/conda-envs/ssd-gs/lib/python3.10/site-packages/torch/include/ATen/core/TensorBody.h:247:1: note: declared here
  247 |   T * data() const {
      | ^ ~~
rasterize_points.cu:259:124: warning: ‘T* at::Tensor::data() const [with T = float]’ is deprecated: Tensor.data<T>() is deprecated. Please use Tensor.data_ptr<T>() instead. [-Wdeprecated-declarations]
  259 |  CudaRasterizer::Rasterizer::markVisible(P,
      |                                                                                                                            ^
/workspace/ubuntu2004_cuda12_1/utils/conda-envs/ssd-gs/lib/python3.10/site-packages/torch/include/ATen/core/TensorBody.h:247:1: note: declared here
  247 |   T * data() const {
      | ^ ~~
rasterize_points.cu:259:167: warning: ‘T* at::Tensor::data() const [with T = float]’ is deprecated: Tensor.data<T>() is deprecated. Please use Tensor.data_ptr<T>() instead. [-Wdeprecated-declarations]
  259 |  CudaRasterizer::Rasterizer::markVisible(P,
      |                                                                                                                                                                       ^
/workspace/ubuntu2004_cuda12_1/utils/conda-envs/ssd-gs/lib/python3.10/site-packages/torch/include/ATen/core/TensorBody.h:247:1: note: declared here
  247 |   T * data() const {
      | ^ ~~
rasterize_points.cu:259:206: warning: ‘T* at::Tensor::data() const [with T = bool]’ is deprecated: Tensor.data<T>() is deprecated. Please use Tensor.data_ptr<T>() instead. [-Wdeprecated-declarations]
  259 |  CudaRasterizer::Rasterizer::markVisible(P,
      |                                                                                                                                                                                                              ^
/workspace/ubuntu2004_cuda12_1/utils/conda-envs/ssd-gs/lib/python3.10/site-packages/torch/include/ATen/core/TensorBody.h:247:1: note: declared here
  247 |   T * data() const {
      | ^ ~~
rasterize_points.cu: In function ‘std::tuple<int, at::Tensor, at::Tensor, at::Tensor, at::Tensor, at::Tensor, at::Tensor, at::Tensor, at::Tensor, at::Tensor> IntegrateGaussiansToPointsCUDA(const at::Tensor&, const at::Tensor&, const at::Tensor&, const at::Tensor&, const at::Tensor&, const at::Tensor&, const at::Tensor&, float, const at::Tensor&, const at::Tensor&, const at::Tensor&, const at::Tensor&, float, float, float, const at::Tensor&, int, int, const at::Tensor&, int, const at::Tensor&, bool, bool)’:
rasterize_points.cu:349:170: warning: ‘T* at::Tensor::data() const [with T = float]’ is deprecated: Tensor.data<T>() is deprecated. Please use Tensor.data_ptr<T>() instead. [-Wdeprecated-declarations]
  349 |    rendered = CudaRasterizer::Rasterizer::integrate(
      |                                                                                                                                                                          ^
/workspace/ubuntu2004_cuda12_1/utils/conda-envs/ssd-gs/lib/python3.10/site-packages/torch/include/ATen/core/TensorBody.h:247:1: note: declared here
  247 |   T * data() const {
      | ^ ~~
rasterize_points.cu:349:217: warning: ‘T* at::Tensor::data() const [with T = float]’ is deprecated: Tensor.data<T>() is deprecated. Please use Tensor.data_ptr<T>() instead. [-Wdeprecated-declarations]
  349 |    rendered = CudaRasterizer::Rasterizer::integrate(
      |                                                                                                                                                                                                                         ^
/workspace/ubuntu2004_cuda12_1/utils/conda-envs/ssd-gs/lib/python3.10/site-packages/torch/include/ATen/core/TensorBody.h:247:1: note: declared here
  247 |   T * data() const {
      | ^ ~~
rasterize_points.cu:349:257: warning: ‘T* at::Tensor::data() const [with T = float]’ is deprecated: Tensor.data<T>() is deprecated. Please use Tensor.data_ptr<T>() instead. [-Wdeprecated-declarations]
  349 |    rendered = CudaRasterizer::Rasterizer::integrate(
      |                                                                                                                                                                                                                                                                 ^
/workspace/ubuntu2004_cuda12_1/utils/conda-envs/ssd-gs/lib/python3.10/site-packages/torch/include/ATen/core/TensorBody.h:247:1: note: declared here
  247 |   T * data() const {
      | ^ ~~
rasterize_points.cu:349:335: warning: ‘T* at::Tensor::data() const [with T = float]’ is deprecated: Tensor.data<T>() is deprecated. Please use Tensor.data_ptr<T>() instead. [-Wdeprecated-declarations]
  349 |    rendered = CudaRasterizer::Rasterizer::integrate(
      |                                                                                                                                                                                                                                                                                                                                               ^
/workspace/ubuntu2004_cuda12_1/utils/conda-envs/ssd-gs/lib/python3.10/site-packages/torch/include/ATen/core/TensorBody.h:247:1: note: declared here
  247 |   T * data() const {
      | ^ ~~
rasterize_points.cu:349:375: warning: ‘T* at::Tensor::data() const [with T = float]’ is deprecated: Tensor.data<T>() is deprecated. Please use Tensor.data_ptr<T>() instead. [-Wdeprecated-declarations]
  349 |    rendered = CudaRasterizer::Rasterizer::integrate(
      |                                                                                                                                                                                                                                                                                                                                                                                       ^
/workspace/ubuntu2004_cuda12_1/utils/conda-envs/ssd-gs/lib/python3.10/site-packages/torch/include/ATen/core/TensorBody.h:247:1: note: declared here
  247 |   T * data() const {
      | ^ ~~
rasterize_points.cu:349:526: warning: ‘T* at::Tensor::data() const [with T = float]’ is deprecated: Tensor.data<T>() is deprecated. Please use Tensor.data_ptr<T>() instead. [-Wdeprecated-declarations]
  349 |    rendered = CudaRasterizer::Rasterizer::integrate(
      |                                                                                                                                                                                                                                                                                                                                                                                                                                                                                                                                              ^
/workspace/ubuntu2004_cuda12_1/utils/conda-envs/ssd-gs/lib/python3.10/site-packages/torch/include/ATen/core/TensorBody.h:247:1: note: declared here
  247 |   T * data() const {
      | ^ ~~
rasterize_points.cu:349:580: warning: ‘T* at::Tensor::data() const [with T = float]’ is deprecated: Tensor.data<T>() is deprecated. Please use Tensor.data_ptr<T>() instead. [-Wdeprecated-declarations]
  349 |    rendered = CudaRasterizer::Rasterizer::integrate(
      |                                                                                                                                                                                                                                                                                                                                                                                                                                                                                                                                                                                                    ^
/workspace/ubuntu2004_cuda12_1/utils/conda-envs/ssd-gs/lib/python3.10/site-packages/torch/include/ATen/core/TensorBody.h:247:1: note: declared here
  247 |   T * data() const {
      | ^ ~~
rasterize_points.cu:349:623: warning: ‘T* at::Tensor::data() const [with T = float]’ is deprecated: Tensor.data<T>() is deprecated. Please use Tensor.data_ptr<T>() instead. [-Wdeprecated-declarations]
  349 |    rendered = CudaRasterizer::Rasterizer::integrate(
      |                                                                                                                                                                                                                                                                                                                                                                                                                                                                                                                                                                                                                                               ^
/workspace/ubuntu2004_cuda12_1/utils/conda-envs/ssd-gs/lib/python3.10/site-packages/torch/include/ATen/core/TensorBody.h:247:1: note: declared here
  247 |   T * data() const {
      | ^ ~~
rasterize_points.cu:349:666: warning: ‘T* at::Tensor::data() const [with T = float]’ is deprecated: Tensor.data<T>() is deprecated. Please use Tensor.data_ptr<T>() instead. [-Wdeprecated-declarations]
  349 |    rendered = CudaRasterizer::Rasterizer::integrate(
      |                                                                                                                                                                                                                                                                                                                                                                                                                                                                                                                                                                                                                                                                                          ^
/workspace/ubuntu2004_cuda12_1/utils/conda-envs/ssd-gs/lib/python3.10/site-packages/torch/include/ATen/core/TensorBody.h:247:1: note: declared here
  247 |   T * data() const {
      | ^ ~~
rasterize_points.cu:349:705: warning: ‘T* at::Tensor::data() const [with T = float]’ is deprecated: Tensor.data<T>() is deprecated. Please use Tensor.data_ptr<T>() instead. [-Wdeprecated-declarations]
  349 |    rendered = CudaRasterizer::Rasterizer::integrate(
      |                                                                                                                                                                                                                                                                                                                                                                                                                                                                                                                                                                                                                                                                                                                                 ^
/workspace/ubuntu2004_cuda12_1/utils/conda-envs/ssd-gs/lib/python3.10/site-packages/torch/include/ATen/core/TensorBody.h:247:1: note: declared here
  247 |   T * data() const {
      | ^ ~~
rasterize_points.cu:349:786: warning: ‘T* at::Tensor::data() const [with T = float]’ is deprecated: Tensor.data<T>() is deprecated. Please use Tensor.data_ptr<T>() instead. [-Wdeprecated-declarations]
  349 |    rendered = CudaRasterizer::Rasterizer::integrate(
      |                                                                                                                                                                                                                                                                                                                                                                                                                                                                                                                                                                                                                                                                                                                                                                                                                  ^
/workspace/ubuntu2004_cuda12_1/utils/conda-envs/ssd-gs/lib/python3.10/site-packages/torch/include/ATen/core/TensorBody.h:247:1: note: declared here
  247 |   T * data() const {
      | ^ ~~
rasterize_points.cu:349:841: warning: ‘T* at::Tensor::data() const [with T = float]’ is deprecated: Tensor.data<T>() is deprecated. Please use Tensor.data_ptr<T>() instead. [-Wdeprecated-declarations]
  349 |    rendered = CudaRasterizer::Rasterizer::integrate(
      |                                                                                                                                                                                                                                                                                                                                                                                                                                                                                                                                                                                                                                                                                                                                                                                                                                                                         ^
/workspace/ubuntu2004_cuda12_1/utils/conda-envs/ssd-gs/lib/python3.10/site-packages/torch/include/ATen/core/TensorBody.h:247:1: note: declared here
  247 |   T * data() const {
      | ^ ~~
rasterize_points.cu:349:885: warning: ‘T* at::Tensor::data() const [with T = float]’ is deprecated: Tensor.data<T>() is deprecated. Please use Tensor.data_ptr<T>() instead. [-Wdeprecated-declarations]
  349 |    rendered = CudaRasterizer::Rasterizer::integrate(
      |                                                                                                                                                                                                                                                                                                                                                                                                                                                                                                                                                                                                                                                                                                                                                                                                                                                                                                                     ^
/workspace/ubuntu2004_cuda12_1/utils/conda-envs/ssd-gs/lib/python3.10/site-packages/torch/include/ATen/core/TensorBody.h:247:1: note: declared here
  247 |   T * data() const {
      | ^ ~~
rasterize_points.cu:349:927: warning: ‘T* at::Tensor::data() const [with T = float]’ is deprecated: Tensor.data<T>() is deprecated. Please use Tensor.data_ptr<T>() instead. [-Wdeprecated-declarations]
  349 |    rendered = CudaRasterizer::Rasterizer::integrate(
      |                                                                                                                                                                                                                                                                                                                                                                                                                                                                                                                                                                                                                                                                                                                                                                                                                                                                                                                                                               ^
/workspace/ubuntu2004_cuda12_1/utils/conda-envs/ssd-gs/lib/python3.10/site-packages/torch/include/ATen/core/TensorBody.h:247:1: note: declared here
  247 |   T * data() const {
      | ^ ~~
rasterize_points.cu:349:963: warning: ‘T* at::Tensor::data() const [with T = int]’ is deprecated: Tensor.data<T>() is deprecated. Please use Tensor.data_ptr<T>() instead. [-Wdeprecated-declarations]
  349 |    rendered = CudaRasterizer::Rasterizer::integrate(
      |                                                                                                                                                                                                                                                                                                                                                                                                                                                                                                                                                                                                                                                                                                                                                                                                                                                                                                                                                                                                   ^
/workspace/ubuntu2004_cuda12_1/utils/conda-envs/ssd-gs/lib/python3.10/site-packages/torch/include/ATen/core/TensorBody.h:247:1: note: declared here
  247 |   T * data() const {
      | ^ ~~
rasterize_points.cu:349:1016: warning: ‘T* at::Tensor::data() const [with T = float]’ is deprecated: Tensor.data<T>() is deprecated. Please use Tensor.data_ptr<T>() instead. [-Wdeprecated-declarations]
  349 |    rendered = CudaRasterizer::Rasterizer::integrate(
      |                                                                                                                                                                                                                                                                                                                                                                                                                                                                                                                                                                                                                                                                                                                                                                                                                                                                                                                                                                                                                                                        ^
/workspace/ubuntu2004_cuda12_1/utils/conda-envs/ssd-gs/lib/python3.10/site-packages/torch/include/ATen/core/TensorBody.h:247:1: note: declared here
  247 |   T * data() const {
      | ^ ~~
rasterize_points.cu:349:1069: warning: ‘T* at::Tensor::data() const [with T = float]’ is deprecated: Tensor.data<T>() is deprecated. Please use Tensor.data_ptr<T>() instead. [-Wdeprecated-declarations]
  349 |    rendered = CudaRasterizer::Rasterizer::integrate(
      |                                                                                                                                                                                                                                                                                                                                                                                                                                                                                                                                                                                                                                                                                                                                                                                                                                                                                                                                                                                                                                                                                                             ^
/workspace/ubuntu2004_cuda12_1/utils/conda-envs/ssd-gs/lib/python3.10/site-packages/torch/include/ATen/core/TensorBody.h:247:1: note: declared here
  247 |   T * data() const {
      | ^ ~~
rasterize_points.cu:349:1118: warning: ‘T* at::Tensor::data() const [with T = float]’ is deprecated: Tensor.data<T>() is deprecated. Please use Tensor.data_ptr<T>() instead. [-Wdeprecated-declarations]
  349 |    rendered = CudaRasterizer::Rasterizer::integrate(
      |                                                                                                                                                                                                                                                                                                                                                                                                                                                                                                                                                                                                                                                                                                                                                                                                                                                                                                                                                                                                                                                                                                                                                              ^
/workspace/ubuntu2004_cuda12_1/utils/conda-envs/ssd-gs/lib/python3.10/site-packages/torch/include/ATen/core/TensorBody.h:247:1: note: declared here
  247 |   T * data() const {
      | ^ ~~
rasterize_points.cu:349:1158: warning: ‘T* at::Tensor::data() const [with T = float]’ is deprecated: Tensor.data<T>() is deprecated. Please use Tensor.data_ptr<T>() instead. [-Wdeprecated-declarations]
  349 |    rendered = CudaRasterizer::Rasterizer::integrate(
      |                                                                                                                                                                                                                                                                                                                                                                                                                                                                                                                                                                                                                                                                                                                                                                                                                                                                                                                                                                                                                                                                                                                                                                                                      ^
/workspace/ubuntu2004_cuda12_1/utils/conda-envs/ssd-gs/lib/python3.10/site-packages/torch/include/ATen/core/TensorBody.h:247:1: note: declared here
  247 |   T * data() const {
      | ^ ~~
rasterize_points.cu:349:1199: warning: ‘T* at::Tensor::data() const [with T = bool]’ is deprecated: Tensor.data<T>() is deprecated. Please use Tensor.data_ptr<T>() instead. [-Wdeprecated-declarations]
  349 |    rendered = CudaRasterizer::Rasterizer::integrate(
      |                                                                                                                                                                                                                                                                                                                                                                                                                                                                                                                                                                                                                                                                                                                                                                                                                                                                                                                                                                                                                                                                                                                                                                                                                                               ^
/workspace/ubuntu2004_cuda12_1/utils/conda-envs/ssd-gs/lib/python3.10/site-packages/torch/include/ATen/core/TensorBody.h:247:1: note: declared here
  247 |   T * data() const {
      | ^ ~~
creating build/lib.linux-x86_64-cpython-310
creating build/lib.linux-x86_64-cpython-310/diff_gaussian_rasterization
g++ -pthread -B /workspace/ubuntu2004_cuda12_1/utils/conda-envs/ssd-gs/compiler_compat -shared -Wl,-rpath,/workspace/ubuntu2004_cuda12_1/utils/conda-envs/ssd-gs/lib -Wl,-rpath-link,/workspace/ubuntu2004_cuda12_1/utils/conda-envs/ssd-gs/lib -L/workspace/ubuntu2004_cuda12_1/utils/conda-envs/ssd-gs/lib -Wl,-rpath,/workspace/ubuntu2004_cuda12_1/utils/conda-envs/ssd-gs/lib -Wl,-rpath-link,/workspace/ubuntu2004_cuda12_1/utils/conda-envs/ssd-gs/lib -L/workspace/ubuntu2004_cuda12_1/utils/conda-envs/ssd-gs/lib build/temp.linux-x86_64-cpython-310/cuda_rasterizer/backward.o build/temp.linux-x86_64-cpython-310/cuda_rasterizer/forward.o build/temp.linux-x86_64-cpython-310/cuda_rasterizer/rasterizer_impl.o build/temp.linux-x86_64-cpython-310/ext.o build/temp.linux-x86_64-cpython-310/rasterize_points.o -L/workspace/ubuntu2004_cuda12_1/utils/conda-envs/ssd-gs/lib/python3.10/site-packages/torch/lib -L/usr/local/cuda-12.1/lib64 -lc10 -ltorch -ltorch_cpu -ltorch_python -lcudart -lc10_cuda -ltorch_cuda -o build/lib.linux-x86_64-cpython-310/diff_gaussian_rasterization/_C.cpython-310-x86_64-linux-gnu.so
copying build/lib.linux-x86_64-cpython-310/diff_gaussian_rasterization/_C.cpython-310-x86_64-linux-gnu.so -> diff_gaussian_rasterization
